circRNA,disease,miRNA
circRNA-000284,Cervical cancer,miR-506
circUBAP2,Lung cancer,"miR-339-5p, miR-96-3p, miR-135b-3p"
hsa_circ_0013509,Cardiovascular disease,miR-124
circRNA_100782,Pancreatic ductal adenocarcinoma,miR-124
hsa_circ_0000064,Lung cancer,unknown
hsa_circ_0005105,Osteoarthritis,miR-26a
hsa_circ_0004712,Rheumatoid arthritis,unknown
hsa_circ_0003575,Atherosclerosis,unknown
hsa_circ_0001445,Hepatocellular carcinoma,"miR-17-3p, miR-181b-5p"
circRNA-chr19,Ebola virus disease,miR-30b-3p
hsa_circ_0070616,Repeated implantation failure,unknown
hsa_circ_0006935,Repeated implantation failure,unknown
hsa_circ_0001982,Breast cancer,miR-143
hsa_circ_402458,Primary biliary cirrhosis,unknown
hsa_circ_0092509,Osteosarcoma,miR-448
hsa_circ_0007874,Hepatocellular carcinoma,miR-9
hsa_circ_0001724,Colorectal cancer,miR-106b
hsa_circ_0005239,Triple negative breast cancer,miR-34a
hsa_circ_0045714,Osteoarthritis,miR-193b
hsa_circ_103801,Osteosarcoma,unknown
hsa_circ_0018289,Cervical cancer,miR-497
hsa_circ_0020397,Colorectal cancer,miR-138
hsa_circ_0002768,Bladder cancer,miR-29a
circLARP4,Gastric cancer,miR-424-5p
has-circRNA_0046367,Hepatic steatosis,miR-34a
hsa_circ_0013339,Oral squamous cell carcinoma,"miR-29, miR-29a, miR-29b, miR-29c"
hsa_circ_003251,T2DM with depression,unknown
hsa_circ_015115,T2DM with depression,unknown
hsa_circ_100918,T2DM with depression,unknown
hsa_circ_005019,T2DM with depression,unknown
circR-284,Ischemic stroke,miR-221
hsa_circ_0005986,Hepatocellular carcinoma,miR-129-5p
hsa_circ_0058106,Hypopharyngeal squamous cell carcinoma,unknown
hsa_circ_0058107,Hypopharyngeal squamous cell carcinoma,unknown
hsa_circ_0024108,Hypopharyngeal squamous cell carcinoma,unknown
hsa_circ_0036722,Hypopharyngeal squamous cell carcinoma,unknown
hsa_circ_0002260,Hypopharyngeal squamous cell carcinoma,unknown
hsa_circ_0001189,Hypopharyngeal squamous cell carcinoma,unknown
hsa_circ_0013958,Lung adenocarcinoma,miR-134
hsa_circ_0004771,Breast cancer,unknown
hsa_circ_0001824,Breast cancer,unknown
hsa_circ_0001875,Breast cancer,unknown
hsa_circ_0006054,Breast cancer,unknown
hsa_circ_0004619,Breast cancer,unknown
hsa_circ_406697,Breast cancer,unknown
hsa_circ_0008717,Breast cancer,miR-1271
circSNX27,Hepatocellular carcinoma,miR-141-3p
circRNA_000839,Hepatocellular carcinoma,miR-200b
hsa_circ_0056288,Osteosarcoma,miR-125b-5p
circUBAP2,Osteosarcoma,miR-143
circRNA_100269,Gastric cancer,miR-630
hsa_circ_0000096,Clear cell renal cell carcinoma,"miR-195-5p, miR-29a-3p, miR-29c-3p"
hsa_circ_0005870,Hypertension,unknown
hsa_circ_0004018,Hepatocellular carcinoma,unknown
hsa_circ_0016347,Osteosarcoma,miR-214
hsa_circ_0031288,Cervical carcinoma,unknown
hsa_circ_0002111,Papillary thyroid carcinoma,unknown
hsa_circ_0004458,Papillary thyroid carcinoma,unknown
hsa_circ_0015278,Papillary thyroid carcinoma,unknown
hsa_circ_0008016,Papillary thyroid carcinoma,unknown
hsa_circ_0004771,Papillary thyroid carcinoma,unknown
hsa_circ_0021553,Papillary thyroid carcinoma,unknown
hsa_circ_0079891,Papillary thyroid carcinoma,unknown
hsa_circ_0067103,Papillary thyroid carcinoma,unknown
hsa_circ_0091894,Papillary thyroid carcinoma,unknown
hsa_circ_0092315,Papillary thyroid carcinoma,unknown
hsa_circ_0078738,Papillary thyroid carcinoma,unknown
hsa_circ_0064557,Papillary thyroid carcinoma,unknown
hsa_circ_0000516,Papillary thyroid carcinoma,unknown
hsa_circ_0004846,Papillary thyroid carcinoma,unknown
hsa_circ_0003505,Papillary thyroid carcinoma,unknown
hsa_circ_0081342,Papillary thyroid carcinoma,unknown
hsa_circ_0000096,Gastric cancer,unknown
hsa_circ_0000594,Glioma,miR-217
hsa_circ_0000615,Hirschsprung disease,miR-150-5p
cir-ITCH,Lung cancer,"miR-7, miR-214"
hsa_circ_0041103,Bladder carcinoma,"miR-103a-3p, miR-107"
hsa_circ_0000677,Colorectal cancer,miR-145
hsa_circ_0023404,Osteoarthritis,miR-136
circRNA_081881,Myocardial infarction,miR-548
cir-ITCH,Colorectal cancer,"miR-7, miR-20a, miR-214"
cir-ITCH,Esophageal squamous cell carcinoma,"miR-17, miR-7, miR-214, miR-216b, miR-128"
cir-ITCH,Bladder cancer,"miR-17, miR-224"
has_circ 2149,Nervous inflammatory diseases or immune disorders,miR-7
hsa_circ_0003266,Acute kidney injury,unknown
hsa_circ_0141539,Cervical cancer,"miR-518-d-5p, miR-519-5p"
hsa_circ_0080145,Chronic myeloid leukemia,miR-29b
hsa_circ_0000284,Bladder urothelial carcinoma,miR-124
hsa_circ_0000284,Breast cancer,miR-124
hsa_circ_0000284,Colorectal cancer,miR-124
hsa_circ_0000284,Hepatocellular carcinoma,miR-124
hsa_circ_0000284,Gastric cancer,miR-124
hsa_circ_0000284,Clear cell renal cell carcinoma,miR-124
hsa_circ_0000284,Prostate adenocarcinoma,miR-124
hsa_circ_0088483,Thyroid cancer,miR-370-3p
hsa_circ_0043256,Non-small cell lung cancer,miR-1252
hsa_circ_0005015,Diabetic retinopathy,miR-519d-3p
hsa_circ_0043497,Tuberculosis,unknown
hsa_circ_0030045,Tuberculosis,unknown
hsa_circ_0001417,Tuberculosis,unknown
hsa_circ_0030569,Tuberculosis,unknown
hsa_circ_0001204,Tuberculosis,unknown
hsa_circ_0004372,Thoracic aortic dissection,hsa-miR-320a
hsa_circ_0015756,Hepatoblastoma,miR-1250-3p
circ-Dnmt1,Breast cancer,unknown
circRNA_036186,Head and neck squamous cell carcinoma,unknown
circRNA-MTO1,Breast cancer,unknown
circ-ITCH,Papillary thyroid carcinoma,miR-22-3p
Circ-UBR5,Non-small cell lung cancer,unknown
circ_0026344,Colorectal cancer,"miR-21, miR-31"
hsa_circ_103571,Tuberculosis,unknown
hsa_circ_091692,Tuberculosis,unknown
hsa_circ_102296,Tuberculosis,unknown
hsa_circ_029965,Tuberculosis,unknown
circHIPK3,Nasopharyngeal carcinoma,miR-4288
circFADS2,Non-small cell lung cancer,miR-498
hsa_circ_0013339,Colorectal cancer,miR-516b
circIRAK3,Breast cancer,miR-3607
hsa_circ_0032462,Osteosarcoma,hsa-miR-338-3p
hsa_circ_0028173,Osteosarcoma,"hsa-miR-142-5p, hsa-miR-338-3p"
hsa_circ_0005909,Osteosarcoma,has-miR-338-3p
hsa_circ_101981,Prostate cancer,miR-145
hsa_circ_008068,Prostate cancer,miR-145
hsa_circ_406557,Prostate cancer,miR-145
hsa_circ_101996,Prostate cancer,miR-145
hsa_circ_091420,Prostate cancer,miR-145
hsa_circ_0007534,Breast cancer,miR-593
circ-CFH,Glioma,miR-149
Circ-ZEB1.33,Hepatocellular carcinoma,miR-200a-3p
hsa_circ_0002980,Hepatocellular carcinoma,unknown
hsa_circ_0000098,Hepatocellular carcinoma,unknown
hsa_circ_007148,Papillary thyroid carcinoma,unknown
hsa_circ_004662,Papillary thyroid carcinoma,unknown
hsa_circ_046843,Papillary thyroid carcinoma,unknown
hsa_circ_061346,Papillary thyroid carcinoma,unknown
hsa_circ_047771,Papillary thyroid carcinoma,unknown
hsa_circ_405498,Papillary thyroid carcinoma,unknown
hsa_circ_101408,Papillary thyroid carcinoma,unknown
hsa_circ_014213,Papillary thyroid carcinoma,unknown
hsa_circ_0000792,Lung adenocarcinoma,unknown
circ-IARS,Pancreatic ductal adenocarcinoma,miR-122
circRNA-000425,Gastric cancer,"miR-17, miR-106"
hsa_circ_0000177,Glioma,miR-638
hsa_circ_0077232,Glioblastoma,miR-422a
hsa_circ_0006215,Pancreatic cancer,miR-378a-3p
hsa_circ_0046264,Lung cancer,hsa-miR-1245
hsa_circ_0000673,Hepatocellular carcinoma,miR-767-3p
circPVT1,Acute lymphoblastic leukemia,unknown
hsa_circ_0000650,Chronic hepatitis B,unknown
circ-BANP,Lung cancer,miR-503
circHIPK3,Age-related cataract,miR-193a
hsa_circ_000167,Pancreatic cancer,unknown
hsa_circ_101717,Pancreatic cancer,unknown
hsa_circ_102049,Pancreatic cancer,unknown
hsa_circ_102051,Pancreatic cancer,unknown
hsa_circ_102619,Pancreatic cancer,unknown
hsa_circ_103076,Pancreatic cancer,unknown
hsa_circ_104084,Pancreatic cancer,unknown
hsa_circ_104270,Pancreatic cancer,unknown
hsa_circ_0000847,Hepatocellular carcinoma,miR-629
cir-ITCH,Glioma,miR-214
circ0006916,Lung cancer,miR-522-3p
circRNA_100284,Carcinogenesis,miR-217
has_circ-0012129,Glioma,miR-661
hsa_circ_400031,Primary hepatic carcinoma,unknown
hsa_circ_102347,Primary hepatic carcinoma,unknown
circMAN2B2,Lung cancer,miR-1275
hsa_circ_0037911,Essential hypertension,unknown
hsa_circ_0007385,Non-small cell lung cancer,miR-181
hsa_circ_0036877,Preeclampsia,unknown
hsa_circ_103827,Lung squamous cell carcinoma,unknown
hsa_circ_103829,Lung squamous cell carcinoma,unknown
hsa_circ_026195,Lung squamous cell carcinoma,unknown
hsa_circ_104852,Lung squamous cell carcinoma,unknown
hsa_circ_103565,Lung squamous cell carcinoma,unknown
hsa_circ_103831,Lung squamous cell carcinoma,unknown
hsa_circ_000122,Lung squamous cell carcinoma,unknown
hsa_circ_102878,Lung squamous cell carcinoma,unknown
hsa_circ_002131,Lung squamous cell carcinoma,unknown
hsa_circ_102556,Lung squamous cell carcinoma,unknown
circ-Foxo3,Non-small cell lung cancer,miR-155
hsa_circ_0092374,Systemic lupus erythematosus,unknown
hsa_circ_0003146,Systemic lupus erythematosus,unknown
hsa_circ_0034398,Systemic lupus erythematosus,unknown
hsa_circ_0046599,Systemic lupus erythematosus,unknown
circ-SHKBP1,Glioma,"miR-544a, miR-379"
hsa_circ_0046701,Glioma,miR-142-3p
hsa_circ_100721,Oral squamous cell carcinoma,miR‑196a‑5p
hsa_circ_0012673,Lung adenocarcinoma,miR-22
hsa_circ_0000520,Gastric carcinoma,unknown
hsa_circ_0001859,Rheumatoid arthritis,"miR-204, miR-211"
circ-ZFR,Gastric cancer,"miR-130a, miR-107"
hsa_circ_0046366,Hepatic steatosis,miR-34a
hsa_circ_0023984,Infantile hemangioma,unknown
hsa_circ_0079385,Infantile hemangioma,unknown
hsa_circ_0001564,Osteosarcoma,miR-29c-3p
hsa_circ_0014717,Colorectal cancer,unknown
hsa_circ_0014130,Non-small cell lung cancer,unknown
hsa_circ_0016760,Non-small cell lung cancer,unknown
circRNA-000911,Breast cancer,miR-449a
circHLA-C,Lupus nephritis,miR-150
hsa_circ_0005075,Hepatocellular carcinoma,miR-431
circHECTD1,Silicosis,unknown
hsa_circ_0067934,Hepatocellular carcinoma,miR-1324
hsa_circ_0067934,Lung adenocarcinoma,"miR-545, miR-589"
hsa_circ_0009910,Osteosarcoma,miR-449a
hsa_circ_0011946,Breast cancer,unknown
hsa_circ_0045272,Systemic lupus erythematosus,hsa-miR-6127
hsa_circ_0072995,Breast cancer,miR-30c-2-3p
hsa_circ_0002052,Osteosarcoma,miR-1205
hsa_circ_0014130,Non-small cell lung cancer,miR-1287
hsa_circ_0102722,Bladder cancer,miR-145-5p
circRNA_0084043,Melanoma,miR-153-3p
hsa_circ_0008039,Breast cancer,miR-432-5p
hsa_circ_0000479,Triple negative breast cancer,"miR-4753, miR-6809"
CircNFIX,Glioma,miR-34a-5p
hsa_circ_0001649,Non-small cell lung cancer,"miR-331-3p, miR-338-5p"
hsa_circ_0010090,Hepatocellular carcinoma,miR-346
hsa_circ_0000488,Acute myeloid leukemia,hsa-miR-496
circRNA_104670,Intervertebral disc degeneration,miR-17-3p
hsa_circ_0002623,Bladder cancer,miR-605-3p
hsa_circ_0000677,Hepatocellular carcinoma,"miR-411-5p, miR-432-5p"
hsa_circ_0000144,Bladder cancer,miR-217
hsa_circ_0103809,Hepatocellular carcinoma,miR-490-5p
hsa_circ_0016788,Hepatocellular carcinoma,miR-486
hsa_circ_103809,Lung cancer,miR-4302
hsa_circ_0077179,Systemic lupus erythematosus,miR-29b
hsa_circ_0092340,Osteosarcoma,miR-1253
circRBM23,Hepatocellular carcinoma,miR-138
hsa_circ_0000896,Non-small cell lung cancer,unknown
circC3P1,Hepatocellular carcinoma,miR-4641
hsa_circ_0007534,Glioma,miR-761
hsa_circ_0000615,Diabetic retinopathy,miR-615-5p
hsa_circ_0000615,Hypertension,miR-615-5p
hsa_circ_0000615,Coronary artery disease,miR-615-5p
hsa_circ_0000615,Vascular endothelial dysfunction,miR-615-5p
circ-Ccnb1,Breast carcinoma,unknown
hsa_circ_0066444,Gastric cancer,unknown
hsa_circ_0000268,Glaucoma,miR-217
hsa_circ_0001346,Lung adenocarcinoma,miR-93-5p
hsa_circ_0000426,Clear cell renal cell carcinoma,miR-204-3p
circDLGAP4,Ischemic stroke,miR-143
hsa_circ_0001577,Bladder cancer,miR-101
hsa_circ_0075001,Acute myeloid leukemia,unknown
hsa_circ_0091702,Intervertebral disc degeneration,miR-200c
hsa_circ_0000284,Gallbladder cancer,miR-124
hsa_circ_0000284,Gastric cancer,"miR-124, miR-29b"
circHIPK3,Glioma,miR-654
hsa_circ_0000284,Colorectal cancer,miR-7
hsa_circ_0000284,Hepatocellular carcinoma,miR-124
hsa_circ_0000284,Diabetes mellitus,miR-30a-3p
circHIPK3,Retinal vascular dysfunction,miR-30a-3p
hsa_circ_0000284,Bladder cancer,miR-558
hsa_circ_0000284,Non-small cell lung cancer,miR-379
hsa_circ_0000707,Chronic lymphocytic leukemia,miR-607
hsa_circ_0072088,Papillary thyroid carcinoma,miR-1261
hsa_circ_0015278,Lung cancer,miR-1228
hsa_circ_0000907,Breast cancer,miR-4316
hsa_circ_0000799,Bladder cancer,miR-31-5p
hsa_circ_0023404,Cervical cancer,miR-136
circ-HIPK2,Acute promyelocytic leukemia,miR-124-3p
hsa_circ_0080210,Intervertebral disc degeneration,miR-328-5p
hsa_circ_0141940,Prostate cancer,miR-29a
hsa_circ_0001821,Gastric cancer,miR-125
hsa_circ_0001821,Osteosarcoma,unknown
hsa_circ_0001821,Lung cancer,let-7
hsa_circ_0001821,Breast cancer,let-7
hsa_circ_0001946,Esophageal squamous cell carcinoma,miR-876-5p
hsa_circ_0001946,Laryngeal squamous cell carcinoma,miR-7
hsa_circ_0001946,Esophageal squamous cell carcinoma,miR-7
hsa_circ_0001946,Non-small cell lung cancer,miR-7
hsa_circ_0001946,Colorectal cancer,miR-7
hsa_circ_0001946,Hepatocellular carcinoma,miR-7
hsa_circ_0001946,Colorectal cancer,miR-7
hsa_circ_0001946,Hepatocellular carcinoma,miR-7
hsa_circ_0001946,Alzheimer's disease,miR-7
hsa_circ_0001946,Hepatocellular carcinoma,miR-7
hsa_circ_0001946,Glioblastoma,miR-671-5p
hsa_circ_0001946,Alzheimer's disease,miR-7
hsa_circ_0001946,Alzheimer's disease,unknown
hsa_circ_0001946,Alzheimer's disease,miR-7
hsa_circ_0001946,Gastric cancer,miR-7
hsa_circ_0001946,Triple negative breast cancer,miR-1299
hsa_circ_0006990,Colorectal cancer,miR-101
hsa_circ_0001627,Papillary thyroid carcinoma,miR-139-5p
hsa_circ_0000567,Hepatocellular carcinoma,miR-421
hsa_circ_0002360,Lung adenocarcinoma,hsa-miR-3620-5p
circTADA2A,Breast cancer,miR-203a-3p
hsa_circ_0006220,Breast cancer,miR-203a-3p
hsa_circ_0001681,Papillary thyroid carcinoma,miR-198
cTFRC,Bladder carcinoma,miR-107
circPSMC3,Gastric cancer,miR-296-5p
hsa_circ_0005962,Lung adenocarcinoma,unknown
hsa_circ_0072309,Breast cancer,miR-492
has_circ-0014359,Glioma,miR-153
hsa_circ_0007255,Triple negative breast cancer,miR-375
hsa_circ_0000190,Multiple myeloma,miR-767-5p
circOMA1,Nonfunctioning pituitary adenomas,miR-145-5p
hsa_circ_103809,Hepatocellular carcinoma,miR-620
hsa_circ_0000267,Hepatocellular carcinoma,miR-646
hsa_circ_0004771,Gastric cancer,miR-149-5p
hsa_circ_0025033,Papillary thyroid carcinoma,"miR-1231, miR-1304"
hsa_circ_0119873,Uveal melanoma,unknown
hsa_circ_0128533,Uveal melanoma,unknown
hsa_circ_0047924,Uveal melanoma,unknown
hsa_circ_0103232,Uveal melanoma,unknown
has_circ10628-6,Uveal melanoma,unknown
hsa_circ_0032148,Uveal melanoma,unknown
hsa_circ_0133460,Uveal melanoma,unknown
hsa_circ_0067997,Gastric cancer,miR-515-5p
hsa_circ_0078602,Hepatocellular carcinoma,unknown
hsa_circ_0059655,Salivary adenoid cystic carcinoma,miR-338-3p
hsa_circ_0001859,Breast cancer,miR-200c-3p
hsa_circ_0001859,Breast cancer,miR-200c-3p
hsa_circ_0011385,Non-small cell lung cancer,"miR-361-3p, miR-615-5p"
hsa_circ_0001946,Glioblastoma,miR-671-5p
hsa_circ_0067934,Esophageal squamous cell carcinoma,miR-3680-3p
hsa_circ_0089105,Breast cancer,miR-4443
hsa_circ_0085154,Hepatocellular carcinoma,unknown
hsa_circ_101996,Cervical cancer,miR-8075
circPTGR1,Hepatocellular carcinoma,miR449a
hsa_circ_0001313,Colon cancer,miR-338-3p
hsa_circ_0058514,Triple negative breast cancer,miR-195-5p
hsa_circ_0009910,Acute myeloid leukemia,miR-20a-5p
circ_0030235,Pancreatic ductal adenocarcinoma,"miR-1253, miR-1294"
hsa_circ_0002211,Colorectal cancer,unknown
hsa_circ_0000263,Cervical cancer,miR-150-5p
hsa_circ_0067301,Ovarian endometriosis,unknown
hsa_circ_0000419,Ovarian endometriosis,unknown
circFGFR3,Non-small cell lung cancer,miR-22-3p
hsa_circ_059914,Tuberculosis,unknown
hsa_circ_103017,Tuberculosis,unknown
hsa_circ_101128,Tuberculosis,unknown
hsa_circ_062400,Tuberculosis,unknown
circ_0008450,Hepatocellular carcinoma,miR-548p
circ_0034642,Glioma,miR-1205
circMTO1,Bladder cancer,miR-221
circ_0029426,Glioblastoma,miR-197
circ_0000502,Osteosarcoma,miR-1238
hsa_circ_0008717,Osteosarcoma,miR-203
hsa_circ_0099999,Pancreatic cancer,miR-335-5p
circADAMTS13,Hepatocellular carcinoma,miR-484
circAMOTL1L,Prostate cancer,miR-193a-5p
hsa_circ_0001098,Breast cancer,miR-3942
hsa_circ_0006528,Breast cancer,miR-7-5p
hsa_circ_0055625,Colon cancer,"miR-106b-5p, miR-106b"
hsa_circ_0076248,Glioma,miR-181a
circ_0005230,Breast cancer,miR-618
hsa_circ_0001946,Osteosarcoma,miR-7
hsa_circ_0017639,Gastric cancer,miR-182-5p
circ-ITCH,Triple negative breast cancer,"miR-214, miR-17"
circPCNXL2,Clear cell renal cell carcinoma,miR-153
circRNA-0067835,Temporal lobe epilepsy,miR-155
hsa_circ_0000615,Renal carcinoma,miR-138-5p
hsa_circ_0006427,Lung adenocarcinoma,miR-6783-3p
hsa_circ_0001162,Glioblastoma,miR-124
hsa_circ_0006156,Bladder cancer,miR-1178-3p
hsa_circ_0007294,Triple negative breast cancer,"miR-148a-3p, miR-152-3p"
hsa_circ_0091579,Hepatocellular carcinoma,unknown
hsa_circ_0005397,Pancreatic cancer,unknown
circRNA_102171,Papillary thyroid carcinoma,unknown
hsa_circ_0001461,Gastric cancer,miR-548g
hsa_circ_0087378,Breast cancer,miR-1260b
circPDSS1,Gastric cancer,miR-186-5p
hsa_circ_0008717,Non-small cell lung cancer,miR-1252
hsa_circ_0008602,Prostate cancer,unknown
hsa_circ_0039943,Prostate cancer,unknown
circZFP57,Prostate cancer,unknown
hsa_circ_0027599,Gastric cancer,"miR-101, miR-101-3p.1"
hsa_circ_0000523,Colorectal cancer,miR-31
circ_0062019,Prostate cancer,miR-5008
circ_0057558,Prostate cancer,miR-6884
circ_0075538,Prostate cancer,miR-6884
hsa_circ_0001721,Osteosarcoma,"miR-569, miR-599"
CircPAN3,Acute myeloid leukemia,"miR-153-3p, miR-183-5p"
circ_0007534,Pancreatic ductal adenocarcinoma,"miR-625, miR-892b"
hsa_circ_0136666,Colorectal cancer,miR-136
hsa_circ_0005027,Hypopharyngeal carcinoma,unknown
hsa_circ_0008287,Hypopharyngeal carcinoma,unknown
circ_0067934,Cervical cancer,miR-545
circ_0058063,Bladder cancer,miR-145-5p
circRNA_104075,Hepatocellular carcinoma,miR-582-3p
hsa_circ_0007203,Esophageal squamous cell carcinoma,unknown
hsa_circ_0008309,Oral squamous cell carcinoma,"miR-136-5P, miR-382-5P"
hsa_circ_0078710,Hepatocellular carcinoma,miR-31
hsa_circ_0061868,Glioma,hsa-miR-7-5p
hsa_circ_0005320,Oral mucosal melanoma,unknown
hsa_circ_0067531,Oral mucosal melanoma,unknown
hsa_circ_0000869,Oral mucosal melanoma,unknown
17_50189167_50198002_-,Hypertrophic scar,unknown
17_50189858_50195330_-,Hypertrophic scar,unknown
17_50189167_50194626_-,Hypertrophic scar,unknown
hsa_circ_0018665,Hepatocellular carcinoma,miR-572
hsa_circ_0001846,Triple negative breast cancer,miR-661
circPRMT5,Bladder urothelial carcinoma,miR-30c
hsa_circ_0000677,Gastric cancer,miR-145
hsa_circ_0100929,Hepatocellular carcinoma,miR-375
BCRC-3,Bladder cancer,miR-182-5p
hsa_circ_0044520,Laryngeal squamous cell carcinoma,unknown
hsa_circ_0044529,Laryngeal squamous cell carcinoma,unknown
hsa_circ_0061012,Psoriasis,unknown
hsa_circ_0023858,Idiopathic pulmonary fibrosis,miR-324-5p
hsa_circ_0044226,Idiopathic pulmonary fibrosis,unknown
hsa_circ_0007535,Idiopathic pulmonary fibrosis,hsa_miR-630
hsa_circ_0029633,Idiopathic pulmonary fibrosis,unknown
hsa_circ_0001861,Idiopathic pulmonary fibrosis,unknown
hsa_circ_0029853,Idiopathic pulmonary fibrosis,unknown
circRNA-101368,Hepatocellular carcinoma,miR-200a
hsa_circ_0008305,Non-small cell lung cancer,"miR-429, miR-200b-3p"
hsa_circ_0052112,Breast cancer,miR-125a-5p
circ0043898,Esophageal carcinoma,unknown
hsa_circ_0072088,Colorectal cancer,miR-532-3p
circ-ITCH,Ovarian carcinoma,miR-145
hsa_circ_0012919,Systemic lupus erythematosus,miR-125a-3p
hsa_circ_0061140,Ovarian cancer,miR-370
circBA9.3,Chronic myeloid leukemia,unknown
hsa_circ_0009024,Tuberculosis,unknown
hsa_circ_0001953,Tuberculosis,unknown
circRNA-ACAP2,Colon cancer,hsa-miR-21-5p
hsa_circ_0020123,Non-small cell lung cancer,miR-144
hsa_circ_0001944,Breast carcinoma,miR-509
hsa_circ_0072391,Hepatoblastoma,miR-503-5p
circRNA‑CER,Breast cancer,miR-136
circ_0074027,Glioblastoma,miR-518a-5p
circ_0000735,Non-small cell lung cancer,"miR-1179, miR-1182."
circSMARCA5,Glioblastoma,unknown
hsa_circ_0087862,Non-small cell lung cancer,"miR-593-3p, miR-653-5p"
hsa_circ_0008460,Colorectal cancer,miR-199b-5p
hsa_circ_0033079,Glioma,"miR-103a-3p, miR-382-5p"
circPVT1,Non-small cell lung cancer,miR-497
hsa_circ_0000284,Glioma,miR-124-3p
hsa_circ_0001445,Cervical cancer,miR-620
circMTO1,Glioblastoma,miR-630
hsa_circ_0060060,Papillary thyroid carcinoma,miR-144-3p
FECR1,Breast cancer,unknown
circPVT1,Non-small cell lung cancer,miR-125b
hsa_circ_0001946,Lung adenocarcinoma,miR-135a-5p
circPUM1,Lung adenocarcinoma,miR-326
circLARP4,Hepatocellular carcinoma,miR-761
circFAT1,Osteosarcoma,miR-375
hsa_circ_0004015,Non-small cell lung cancer,miR-1183
hsa_circ_0001313,Hirschsprung disease,miR-488-3p
hsa_circ_100290,Acute myeloid leukemia,miR-203
hsa_circ_0074362,Glioma,miR-1236-3p
hsa_circ_0023642,Bladder cancer,miR-223
circHIPK3,Lung cancer,miR-124
hsa_circ_0002320,Gastric cancer,miR-367-5p
hsa_circ_0001380,Bladder cancer,miR-1247-3p
hsa_circ_0003998,Non-small cell lung cancer,miR-326
hsa_circ_0025039,Melanoma,miR-198
hsa_circ_0000993,Gastric cancer,miR-214-5p
hsa_circ_0004458,Papillary thyroid carcinoma,miR-885-5p
hsa_circ_0000284,Oral squamous cell carcinoma,miR-124
hsa_circ_0001368,Gastric cancer,miR-6506-5p
circ_0003645,Non-small cell lung cancer,miR-1179
circ-ERBB2,Gastric cancer,"miR-503, miR-637"
hsa_circ_0123778,Cancer,unknown
hsa_circ_0025129,Hepatocellular carcinoma,miR-34a
circSEMA4B,Intervertebral disc degeneration,miR-431
circRNA-0044073,Atherosclerosis,miR‑107
hsa_circ_0087960,Bladder cancer,unknown
hsa_circ_0043278,Non-small cell lung cancer,miR-520f
hsa_circ_0033351,Hepatocellular carcinoma,miR-140-5p
hsa_circ_0101432,Hepatocellular carcinoma,"miR-1258, miR-622"
hsa_circ_0002577,Endometrial carcinoma,miR-197
hsa_circ_0030018,Glioma,miR-1205
circ-0001785,Osteosarcoma,miR-1200
hsa_circ_0001649,Hepatocellular carcinoma,"miR-127-5p, miR-612, miR-4688"
F-circSR,Non-small cell lung cancer,unknown
circ-104075,Glioma,unknown
hsa_circ_0045714,Osteoarthritis,unknown
hsa_circ_0005567,Osteoarthritis,unknown
hsa_circ_0002485,Osteoarthritis,unknown
hsa_circ_0009361,Colorectal cancer,miR-582
circ_0007766,Lung adenocarcinoma,unknown
hsa_circ_0126991,Essential hypertension,miR-10a-5p
circHIAT1,Hepatocellular carcinoma,miR-3171
hsa_circ_0008035,Gastric cancer,miR-375
hsa_circ_0006101,Osteosarcoma,miR-19a
hsa_circ_0020397,Intracranial aneurysm,miR-138
hsa_circ_0075828,Bladder cancer,miR-1224-5p
circRNA_100876,Osteosarcoma,miR-136
hsa_circ_0103552,Breast cancer,miR-1236
hsa_circ_0054652,Intervertebral disc degeneration,unknown
hsa_circ_0054657,Intervertebral disc degeneration,unknown
hsa_circ_0054659,Intervertebral disc degeneration,unknown
hsa_circ_0025367,Intervertebral disc degeneration,unknown
hsa_circ_0054660,Intervertebral disc degeneration,unknown
hsa_circ_0008932,Intervertebral disc degeneration,unknown
hsa_circ_0092222,Intervertebral disc degeneration,unknown
hsa_circ_0092221,Intervertebral disc degeneration,unknown
hsa_circ_0088732,Intervertebral disc degeneration,unknown
hsa_circ_0069234,Intervertebral disc degeneration,unknown
hsa_circ_0005198,Glioma,miR-1294
hsa_circ_0005379,Oral squamous cell carcinoma,unknown
hsa_circ_0000284,Ovarian cancer,unknown
hsa_circ_32883,Colorectal cancer,unknown
hsa_circ_0046263,Non-small cell lung cancer,miR-133a-5p
hsa_circ_0000615,Nasopharyngeal carcinoma,miR-150-5p
hsa_circ_0003258,Hepatocellular carcinoma,"miR-203, miR-502-5p"
hsa_circ_0068871,Bladder cancer,miR-181a-5p
hsa_circ_0059354,Laryngeal squamous cell carcinoma,miR-302b-3p
hsa_circ_0002142,Glioma,miR-625-5p
hsa_circ_0018069,Bladder cancer,unknown
hsa_circ_0006117,Non-small cell lung cancer,miR-96-5p
circRNA-100338,Hepatocellular carcinoma,miR-141-3p
hsa_circ_0132876,Diabetic cataract,unknown
hsa_circ_0006057,Diabetic cataract,unknown
hsa_circ_0025202,Breast cancer,miR-182-5p
hsa_circ_0020123,Non-small cell lung cancer,miR-488-3p
circTRIM33-12,Hepatocellular carcinoma,miR-191
hsa_circ_0132266,Chronic lymphocytic leukemia,"hsa-miR-337-3p, miR-337-3p"
hsa_circ_0007874,Chronic hepatitis B,miR-17-5p
hsa_circ_0005519,Asthma,has-let-7a-5p
hsa_circ_0079593,Glioma,"miR-182, miR-433"
hsa_circ_0020394,Bladder carcinoma,hsa-miR-132-3p
hsa_circ_0004771,Breast cancer,miR-653
hsa_circ_0007874,Lung adenocarcinoma,miR-17
hsa_circ_0026134,Non-small cell lung cancer,"miR-1287, miR-1287"
hsa_circ_0070934,Cutaneous squamous cell carcinoma,"miR-1238, miR-1247-5p"
hsa_circ_0006156,Gastric cancer,unknown
hsa_circ_0025033,Non-small cell lung cancer,miR-1304-5p
hsa_circ_0005230,Cholangiocarcinoma,"miR-1238, miR-1299"
hsa_circ_0043278,Osteosarcoma,miR-203a-3p
circRNA_000543,Nasopharyngeal carcinoma,miR-9
hsa_circ_0000199,Gastric cancer,miR-198
hsa_circ_0008365,Osteoarthritis,miR-1271-5p
circ-LAMP1,T-cell lymphoblastic lymphoma,miR-615-5p
hsa_circ_0004339,Gastric cancer,unknown
TET1-has_circ_0093996,Retinoblastoma,miR-183
hsa_circ_0097271,Bladder cancer,miR-205-5p
circRNA-012091,Silicosis,unknown
hsa_circ_0072387,Oral squamous cell carcinoma,unknown
hsa_circ_0001946,Pancreatic ductal adenocarcinoma,miR-7
hsa_circ_0021254,Cervical cancer,miR‑218
hsa_circ_0083444,Conjunctival melanoma,"hsa-miR-622, hsa-miR-1208"
hsa_circ_0003594,Alzheimer's disease,miR-138
hsa_circ_0043632,Non-small cell lung cancer,unknown
hsa_circ_0048856,Non-small cell lung cancer,unknown
hsa_circ_0043634,Non-small cell lung cancer,unknown
hsa_circ_0050581,Non-small cell lung cancer,unknown
hsa_circ_0023302,Non-small cell lung cancer,unknown
hsa_circ_0000337,Esophageal squamous cell carcinoma,miR-670-5p
hsa_circ_0088196,Preeclampsia,miR-100-5p
hsa_circ_0142527,Colorectal cancer,unknown
hsa_circ_0047905,Gastric cancer,"miR4516, miR1227-5p"
hsa_circ_0001946,Bladder cancer,miR-1270
circMAN2B2,Glioma,miR-1205
circ-100219,Breast cancer,miR-485-3p
hsa_circ_0023028,Laryngeal cancer,miR-194-5p
hsa_circ_0006401,Gastric cancer,miR-3064–5p
circHIPK3,Prostate cancer,miR-338-3p
hsa_circ_0109952,Glioma,miR-4493
hsa_circ_0008035,Gastric cancer,miR-375
hsa_circ_0001073,Bladder cancer,miR-626
circ-PRKCI,Hepatocellular carcinoma,miR-545
hsa_circ_0002623,Non-small cell lung cancer,miR-195
hsa_circ_0074027,Glioma,miR-518a-5p
hsa_circ_0067934,Neuronal cell injury,"miR-545, miR-589"
circMAN1A2,Nasopharyngeal carcinoma,unknown
circMAN1A2,Oral cancer,unknown
circMAN1A2,Thyroid cancer,unknown
circMAN1A2,Ovarian cancer,unknown
circMAN1A2,Lung cancer,unknown
hsa_circ_0100129,Cervical cancer,miR-433
cZNF292,Liver cancer,unknown
hsa_circ_0067301,Endometriosis,miR-141–5p
circ_0062491,Periodontitis,miR-584
circ_0095812,Glioma,miR-1236
hsa_circ_0067512,Lung adenocarcinoma,miR-567
hsa_circ_0074854,Hepatocellular carcinoma,miR-338-3p
hsa_circ_0002453,Triple negative breast cancer,"miR-208a, miR-3164"
hsa_circ_0004370,Esophageal cancer,miR-1294
hsa_circ_0002024,Bladder cancer,miR-197-3p
circCDYL,Bladder cancer,unknown
hsa_circ_0001806,Ovarian cancer,miR-1236-3p
hsa_circ_0006804,Influenza A virus infection,unknown
hsa_circ_0032627,Gastric cancer,miR-502-5p
hsa_circ_0051240,Ovarian cancer,miR-637
circCEP128,Bladder cancer,miR-145-5p
hsa_circ_0034642,Glioma,miR-1205
hsa_circ_0003288,Hepatocellular carcinoma,miR-3918
hsa_circ_0001821,Colorectal cancer,miR-145
circEPSTI1,Ovarian cancer,miR-942
hsa_circ_0001946,Breast cancer,miR-7
hsa_circ_0000005,Glioma,miR-138-5p
hsa_circ_0092303,Gastric cancer,miR-331-3p
hsa_circ_0001801,Glioma,miR-224-5p
circ_SLC30A7,Oral squamous cell carcinoma,miR-378a
hsa_circ_0076704,Bladder cancer,unknown
hsa_circ_0058514,Non-small cell lung cancer,miR-203
hsa_circ_0014130,Non-small cell lung cancer,miR-600
SCD-circRNA 2,Hepatocellular carcinoma,unknown
hsa_circ_0016624,Osteoporosis,miR-98
hsa_circ_0000284,Non-small cell lung cancer,miR-124-3p
hsa_circ_0006168,Esophageal squamous cell carcinoma,miR-100
hsa_circ_0000994,Bladder cancer,"miR-130b, miR-494"
hsa_circ_0009109,Gastric cancer,"miR-1231, miR-1256"
hsa_circ_104268,Hepatocellular carcinoma,hsa-miR-214-3p
hsa_circ_104168,Hepatocellular carcinoma,hsa-miR-139-5p
hsa_circ_104769,Hepatocellular carcinoma,hsa-miR-93-5p
hsa_circ_009755,Oral squamous cell carcinoma,unknown
hsa_circ_0089172,Hashimoto's thyroiditis,miR-125a-3p
hsa_circ_0091570,Hepatocellular carcinoma,"miR-1307, hsa-miR-1307"
hsa_circ_0070401,Oral squamous cell carcinoma,miR-204-3p
hsa_circ_0004846,Osteosarcoma,miR-1244
hsa_circ_0008365,Gastric carcinoma,miR-375
hsa_circ_0000592,Gastric carcinoma,unknown
hsa_circ_0035563,Parathyroid carcinoma,unknown
hsa_circ_0072309,Intracranial aneurysm,unknown
hsa_circ_0008433,Intracranial aneurysm,unknown
hsa_circ_0008433,Intracranial aneurysm,unknown
hsa_circ_0033144,Intracranial aneurysm,unknown
hsa_circ_0033144,Intracranial aneurysm,unknown
hsa_circ_0005571,Intracranial aneurysm,unknown
hsa_circ_0040809,Intracranial aneurysm,unknown
hsa_circ_0040809,Intracranial aneurysm,unknown
hsa_circ_0056285,Intracranial aneurysm,unknown
hsa_circ_0056285,Intracranial aneurysm,unknown
hsa_circ_0007142,Intracranial aneurysm,unknown
circMARK3,Acute Stanford type A aortic dissection,miR-1273g-3p
hsa_circ_0001946,Non-small cell lung cancer,unknown
circPRKCI,Lung adenocarcinoma,"miR-589, miR-545"
circRAD23B,Esophageal cancer,miR-5095
hsa_circ_0001206,Prostate cancer,miR-1285-5p
hsa_circ_0001946,Ovarian cancer,miR-135b-5p
CDKN2B-AS1,Ulcerative colitis,unknown
hsa_circ_0079662,Colorectal cancer,hsa-miR-324-5p
circ_0001178,Hepatocellular carcinoma,miR-382
circ_ARF3,Osteosarcoma,miR-1299
circ-ACACA,Non-small cell lung cancer,miR‑1183
hsa_circ_0000495,Head and neck squamous cell carcinoma,miR-488-3p
circMAN2B2,Hepatocellular carcinoma,miR-217
circSKA3,Breast cancer,unknown
hsa_circ_0025039,Non-small cell lung cancer,miR-614
hsa_circ_0021087,Gastric cancer,unknown
hsa_circ_0088732,Glioma,miR-661
circCCDC66,Non-small cell lung cancer,miR-33a-5p
circCBFB,Abdominal aortic aneurysm,miR-28-5p
circ_0017247,Melanoma,miR-145
hsa_circ_0008039,Breast cancer,miR-515-5p
hsa_circ_0012673,Lung cancer,miR-320a
CircDDX17,Colorectal cancer,miR-31-5p
Circ_0009910,Hepatocellular carcinoma,miR-335-5p
circRACGAP1,Gastric cancer,miR-3657
circRNA_0005075,Gastric cancer,miR-431
circXPO1,Lung adenocarcinoma,unknown
circ-0060428,Osteosarcoma,miR-375
hsa_circ_102115,Nasopharyngeal carcinoma,hsa-miR-335-3p
circARID1A,Autism spectrum disorder,miR-204-3p
circ_0000388,Cervical cancer,miR-337-3p
hsa_circ_0091581,Hepatocellular carcinoma,miR-526b
hsa_circ_0002194,Inflammatory response,miR-6873-3p
hsa_circ_0049116,Epithelial ovarian cancer,miR-199a-5p
circPVT1,Osteosarcoma,miR-205-5p
hsa_circ_0000284,Gastric cancer,miR-107
circ_0058124,Thyroid cancer,miR-940
hsa_circ_0003645,Hepatocellular carcinoma,miR-1299
hsa_circ_0005035,Lung cancer,miR-1270
circPRKCI,Lipopolysaccharide,miR-545
circHIPK3,Pancreatic cancer,miR-330-5p
hsa_circ_0002082,Hepatocellular carcinoma,unknown
circRNA-CDR1as,Osteoarthritis,miR-641
hsa_circ_0003159,Gastric cancer,miR-223-3p
circPCNX,Hepatocellular carcinoma,miR-506
hsa_circ_0006282,Gastric cancer,miR-155
circTUBD1,Radiation-induced liver disease,miR-146a-5p
circNT5E,Non-small cell lung cancer,miR-134
circ_0079593,Glioma,miR-499a-5p
hsa_circ_0087784,Breast cancer,miR-487a
circAP2A2,Infantile hemangioma,miR-382-5p
hsa_circ_0000467,Gastric cancer,miR-326-3p
hsa_circ_0031242,Hepatocellular carcinoma,miR-188-5p
hsa_circ_0076906,Osteoporosis,miR-1305
hsa_circ_0001449,Cerebral ischemia,"miR-124-3p, miR-32-5p"
hsa_circ_0011385,Thyroid cancer,miR-361-3p
hsa_circ_0073237,Glioma,miR-1183
hsa_circ_0000092,Hepatocellular carcinoma,miR-338-3p
circ_PUM1,Endometrial cancer,miR-136
hsa_circ_0003028,Bladder cancer,miR-570-3p
circ-ZNF652,Renal carcinoma,miR-205
circRNA-0001283,Breast cancer,miR-187
hsa_circ_0072088,Bladder cancer,miR-511
hsa_circ_0002346,Nasopharyngeal carcinoma,unknown
hsa_circ_0014130,Non-small cell lung cancer,miR-136-5p
hsa_circ_0059354,Papillary thyroid carcinoma,miR-1178
hsa_circ_0006156,Papillary thyroid carcinoma,miR-1178
ciRS-7,Atherosclerosis,miR-26a-5p
hsa_circ_0084171,Bladder cancer,miR-370-3p
hsa_circ_0001313,Colon cancer,miR-510-5p
hsa_circ_0004771,Esophageal squamous cell carcinoma,miR-339-5p
hsa_circ_0056836,Hepatocellular carcinoma,miR-766-3p
hsa_circ_0001821,Epithelial ovarian cancer,miR-149
circRNA-0072309,Liver cancer,miR-665
circHIPK3,Colorectal cancer,miR-1207-5p
hsa_circ_0136959,Cervical cancer,miR-361-5p
circEIF3K,Salpingitis,miR-139-5p
hsa_circ_0001772,Gastric cancer,miR-149
hsa_circ_0061656,Pressure ulcer,miR-449a
circRNA_0000140,Oral squamous cell carcinoma,miR-31
hsa_circ_0005360,Abdominal aortic aneurysm,miR-181b
hsa_circ_0002168,Abdominal aortic aneurysm,miR-15a
hsa_circ_0006916,Hepatocellular carcinoma,miR-1322
circATRNL1,Oral squamous cell carcinoma,miR-23a-3p
hsa_circ_0077736,Gastric cancer,miR-942-5p
hsa_circ_0007874,Ovarian cancer,miR-760
circ-HIPK3,Cervical cancer,miR-338-3p
hsa_circ_104433,Gastric cancer,miR-497-5p
hsa_circ_0005239,Non-small cell lung cancer,miR-188-3p
hsa_circ_0140388,Colorectal cancer,hsa-miR-486-5p
CircPRTM5,Colorectal cancer,miR-377
circHIAT1,Gastric cancer,miR-21
circMAN2B2,Gastric carcinoma,miR-145
circNR3C1,Age-related macular degeneration,miR-382-5p
circPVT1,Hepatocellular carcinoma,miR-3666
circRNA_100290,Laryngeal squamous cell carcinoma,miR-136-5p
hsa_circ_0051443,Hepatocellular carcinoma,miR-331-3p
circUBAP2,Esophageal squamous cell carcinoma,miR-422a
hsa_circ_0000598,Colorectal cancer,miR-340
hsa_circ_0070963,Liver fibrosis,miR-223-3p
circ_0037655,Glioma,miR-214
circATXN7,Gastric cancer,miR-4319
circCCDC66,Abdominal aortic aneurysm,miR-342-3p
circRNA-SMG1.72,Hepatocellular carcinoma,miR-141-3p
circ-ITCH,Cervical cancer,miR-93-5p
hsa_circ_0047688,Glioma,miR-125a-3p
circPVT1,Lung adenocarcinoma,miR-145-5p
circCTDP1,Nasopharyngeal carcinoma,miR‑320b
circ_0000502,Hepatocellular carcinoma,miR-124
hsa_circ_0007623,Myocardial ischemia,miR-297
hsa_circ_0005273,Colorectal cancer,unknown
hsa_circ_0001546,Bladder urothelial carcinoma,miR-762
hsa_circ_0007255,Breast cancer,miR-335-5p
hsa_circ_0062389,Non-small cell lung cancer,miR-103a-3p
hsa_circ_0061825,Breast cancer,miR-326
circABCC4,Lung adenocarcinoma,miR-3186-3p
hsa_circ_0000408,Lung squamous cell carcinoma,miR-136-5p
cir-ITCH,Osteosarcoma,miR-7
hsa_circ_0004277,Colorectal cancer,miR-512-5p
hsa_circ_0023706,Radiation-induced liver disease,miR-146a-5p
hsa_circ_0006168,Esophageal cancer,miR-384
hsa_circ_0091017,Bladder cancer,miR-589-5p
hsa_circ_002178,Breast cancer,miR-328-3p
hsa_circ_0006732,Preeclampsia,miR-144
circ_0084043,Melanoma,miR-429
circ_0063517,Preeclampsia,miR-31-5p
hsa_circ_0025033,Papillary thyroid carcinoma,miR-1179
hsa_circ_0001900,Colorectal cancer,miR-328-5p
hsa_circ_0023303,Laryngeal squamous cell carcinoma,miR-646
hsa_circ_0090876,Acute myocardial infarction,miR-125b
hsa_circ_0063809,Ovarian cancer,miR-1252
hsa_circ_0039411,Hepatocellular carcinoma,miR-136-5p
circ-NOTCH1,Gastric cancer,miR-449c-5p
circ-DLGAP4,Acute ischemic stroke,miR-143
hsa_circ_0057481,Laryngeal cancer,miR-200c
circ-ABCB10,Non-small cell lung cancer,miR-556-3p
hsa_circ_0007444,Gastric cancer,miR-654-3p
Circ_0009910,Chronic myeloid leukemia,miR-34a-5p
hsa_circ_0000190,Osteosarcoma,miR-767-5p
hsa_circ_0001445,Cervical cancer,miR‑432
hsa_circ_0006990,Breast cancer,miR-130a-5p
hsa_circ_0000370,Acute myeloid leukemia,miR-1299
circCDR1as,Non-small cell lung cancer,miR-219a-5p
circ_0014130,Non-small cell lung cancer,miR-142-5p
circ_LARP4,Ovarian cancer,miR-513b-5p
circ-SOX4,Lung adenocarcinoma,miR-1270
hsa_circ_0000006,Osteosarcoma,miR-578
circ-EPB41L5,Glioblastoma,miR-19a
hsa_circ_0008259,Keloid,miR-21–5p
hsa_circ_0031594,Renal cell carcinoma,miR-1299
hsa_circ_0062019,Prostate cancer,miR-497
hsa_circ_0005963,Colorectal cancer,miR-122
hsa_circ_0003204,Atherosclerosis,miR-370-3p
hsa_circ_0058147,Gastric cancer,miR-182-5p
hsa_circ_0026231,Esophageal squamous cell carcinoma,miR-1323
hsa_circ_0132980,Cervical cancer,miR-1287-5p
hsa_circ_0001742,Glioma,miR-338-3p
hsa_circ_0001667,Breast cancer,miR-125a-5p
hsa_circ_0128332,Lung adenocarcinoma,miR-615-5p
circABCB10,Hepatocellular carcinoma,miR-670-3p
circZNF652,Pneumonia,miR-181a
circMTO1,Rectal cancer,miR-19b-3p
circSMAD2,Prostate cancer,miR-9
hsa_circ_0006948,Esophageal squamous cell carcinoma,miR-490-3p
circHIPK3,Hyperglycemia,miR-192-5p
hsa_circ_0037251,Glioma,miR-1229-3p
circPDSS1,Bladder urothelial carcinoma,miR-16
hsa_circ_0004587,Inflammation,miR-3607-5p
circACAP2,Breast cancer,"miR-29a-3p, miR-29b-3p"
hsa_circ_0012384,Non-small cell lung cancer,miR-302e
hsa_circ_0001417,Glioma,miR-195-5p
hsa_circ_0004680,Colorectal cancer,miR-613
circRNA_0016418,Skin melanoma,miR-625
circ-TTBK2,Glioma,miR-520b
circ-0001801,Glioblastoma,miR-628-5p
circ_0067934,Thyroid cancer,miR-1304
hsa_circ_0015962,Dengue fever,miR-4683
hsa_circ_0006459,Dengue fever,miR-133b
hsa_circ_0000320,Triple negative breast cancer,miR-421
circRNA_100367,Esophageal squamous cell carcinoma,miR-217
circRNA-51217,Prostate cancer,miR-646
hsa_circ_0000267,Gastric cancer,miR-503-5p
hsa_circ_0000147,Prostate cancer,miR-767-5p
hsa_circ_0002483,Non-small cell lung cancer,miR-182-5p
circ_0001742,Tongue squamous cell carcinoma,miR-431-5p
circ_0091579,Liver cancer,miR-490-3p
circASAP1,Hepatocellular carcinoma,"miR-326, miR-532-5p"
circCLK3,Cervical cancer,miR-320a
circCDYL,Colon cancer,miR-150-5p
circITCH,Prostate cancer,miR-17-5p
hsa_circ_0006117,Bladder cancer,miR-636
hsa_circ_0043949,Glioblastoma,unknown
hsa_circ_0060467,Cervical cancer,miR-361-3p
hsa_circ_0006260,Bladder cancer,miR-653
hsa_circ_0014130,Lung adenocarcinoma,hsa-miR-566
hsa_circ_0084003,Non-small cell lung cancer,miR-381-3p
hsa_circ_0000291,Gastric cancer,miR-183
hsa_circ_0063526,Gastric cancer,miR-877-3p
hsa_circ_0085533,Melanoma,miR-1236
circ-ADAM9,Pancreatic cancer,miR-217
hsa_circ_0001038,Cervical cancer,miR-337-3p
hsa_circ_0046600,Hepatocellular carcinoma,miR-640
circ-Foxo3,Bladder cancer,miR-191
circ_KATNAL1,Prostate cancer,miR-145-3p
hsa_circ_0051079,Osteosarcoma,miR-26a-5p
circ-PVT1,Gastric cancer,miR-124-3p
hsa_circ_0091702,Pneumonia,miR-142-3p
hsa_circ_0000285,Osteosarcoma,hsa-miR-599
hsa_circ_0001386,Clear cell renal cell carcinoma,miR-296-5p
hsa_circ_0000654,Esophageal squamous cell carcinoma,miR-149-5p
hsa_circ_0137439,Bladder cancer,miR-142-5p
circ-TFCP2L1,Triple negative breast cancer,miR-7
hsa_circ_0003855,Gastric cancer,miR-145-5p
hsa_circ_0005692,Hepatocellular carcinoma,miR-328-5p
hsa_circ_0000615,Gastric cancer,miR-145-5p
hsa_circ_0067934,Gastric cancer,miR-545
circ-0004136,Acute myeloid leukemia,miR-142
hsa_circ_0000515,Cervical cancer,miR-326
hsa_circ_0000013,Lung adenocarcinoma,miR-22-3p
hsa_circ_0060180,Parkinson's disease,miR-134-5p
hsa_circ_0001495,Cellular senescence,miR-449a
circLMTK2,Prostate cancer,miR-183
circLMTK2,Prostate cancer,miR-183
circ-TCF4.85,Hepatocellular carcinoma,miR-486-5p
hsa_circ_0002623,Bladder cancer,miR-1184
circ_0001658,Osteosarcoma,miR-382-5p
circ_0071662,Bladder cancer,miR-146b-3p
circMMP9,Osteosarcoma,miR-1265
hsa_circ_0000043,Ovarian cancer,"miR-615-5p, miR-6753-5p"
circRNA_103516,Inflammatory bowel disease,hsa-miR-19b-1-5p
hsa_circ_0001178,Colorectal cancer,"miR-382, miR-587, miR-616"
hsa_circ_0072088,Bladder cancer,miR-377
hsa_circ_0005100,Colorectal cancer,miR-1182
circ_0000003,Non-small cell lung cancer,miR-338-3p
hsa_circ_0030018,Esophageal carcinoma,miR-599
circAtp9b,Pneumonia,miR-27a
hsa_circ_0006404,Prostate cancer,miR-29a-3p
hsa_circ_0125597,Breast cancer,miR-660
hsa_circ_0084927,Small cell lung cancer,miR-93-5p
circ_0102049,Osteosarcoma,miR-1304-5p
hsa_circ_0001725,Gastric cancer,miR-150-5p
circZNF609,Glioma,miR-134-5p
hsa_circ_0004798,Gastric cancer,miR-130a-3p
hsa_circ_0049027,Gastric cancer,unknown
circ-ASH2L,Pancreatic ductal adenocarcinoma,miR-34a
hsa_circ_0076979,Prostate cancer,miR-17-5p
hsa_circ_0132813,Neuroblastoma,unknown
hsa_circ_0075341,Cervical cancer,miR-149-5p
hsa_circ_0001361,Bladder cancer,miR-491-5p
hsa_circ_0058514,Cervical cancer,miR-370-3p
circEPSTI1,Osteosarcoma,miR-892b
circ-PRMT5,Gastric cancer,"miR-145, miR-1304"
circ-FOXP1,Hepatocellular carcinoma,"miR-875-3p, miR-421"
hsa_circ_0008450,Hepatocellular carcinoma,miR-214-3p
circRPMS1,Nasopharyngeal carcinoma,"miR-203, miR-31, miR-451"
circ_0005273,Papillary thyroid carcinoma,miR-1138
circANKRD36,Bedsore,miR-15
circNRIP1,Renal cell carcinoma,miR-505
hsa_circ_0092306,Gastric cancer,miR-197-3p
circ_0074027,Non-small cell lung cancer,miR-185-3p
circ-Foxo3,Esophageal squamous cell carcinoma,miR-23a
cZNF292,Esophageal cancer,miR-206
hsa_circ_0017252,Clear cell renal cell carcinoma,miR-296-3p
hsa_circ_0082846,Glioma,miR-1265
hsa_circ_0000211,Lung adenocarcinoma,hsa-miR-622
hsa_circ_0001546,Gastric cancer,miR-421
hsa_circ_0009112,Osteosarcoma,miR-19b
hsa_circ_0001387,Ovarian cancer,"miR-1182, miR-145"
circMYO10,Osteosarcoma,miR-370-3p
hsa_circ_0000080,Glioma,miR-194-5p
hsa_circ_0023919,Bladder cancer,miR-1265
hsa_circ_0067835,Colorectal cancer,miR-1236-3p
circ_0076305,Non-small cell lung cancer,miR-296-5p
hsa_circ_0000594,Hepatoblastoma,miR-217
circC3P1,Kidney cancer,miR-21
hsa_circ_0074026,Glioma,miR-1304
circ-LARP4,Osteosarcoma,miR-424
hsa_circ_0013549,Ovarian cancer,miR-302e
circ-FAM53B,Ovarian cancer,"miR‑646, miR‑647"
circFNDC3B,Renal carcinoma,miR-99a
hsa_circ_0001821,Esophageal carcinoma,miR-4663
circDNMT3B,Diabetic retinopathy,miR-20b-5p
hsa_circ_0127621,Diffuse large B-cell lymphoma,miR-888
hsa_circ_0001681,Renal cell carcinoma,miR-27a-3p
hsa_circ_0044516,Prostate cancer,miR-29a-3p
has_circ-0000994,Scar,miR-21
circ0005276,Prostate cancer,unknown
circAF4,Leukemia,miR-128-3p
hsa_circ_0008234,Gallbladder cancer,miR-370
hsa_circ_0001095,Ovarian cancer,miR-9
circNSUN2,Colorectal cancer,unknown
circ_PTN,Glioma,miR-122
circ_0026344,Colorectal cancer,miR-183
hsa_circ_0070269,Hepatocellular carcinoma,miR-182
hsa_circ_0102722,Glioma,miR-145-5p
circ_0000218,Colorectal cancer,miR-139-3p
circHIPK3,Non-small cell lung cancer,miR-149
hsa_circ_0021977,Colorectal cancer,miR-10b-5p
hsa_circ_0016070,Pulmonary arterial hypertension,miR-942
hsa_circ_0001946,Nasopharyngeal carcinoma,miR-7-5p
hsa_circ_0001946,Periodontitis,miR-7
hsa_circ_0051470,Intervertebral disc degeneration,miR-182-5p
hsa_circ_0001946,Hepatocellular carcinoma,miR-1270
hsa_circ_0020732,Lung adenocarcinoma,miR-665
hsa_circ_0002185,Oral squamous cell carcinoma,miR-526b-5p
hsa_circ_0006848,Gastric cancer,hsa_miR-329-5p
circSMARCA5,Non-small cell lung cancer,miR-19b-3p
hsa_circ_0008975,Non-small cell lung cancer,miR-150-5p
hsa_circ_0014130,Colon cancer,miR-1273a
hsa_circ_0001821,Hepatocellular carcinoma,miR-203
hsa_circ_0053277,Colorectal cancer,miR-2467-3p
hsa_circ_0137606,Bladder cancer,miR‑1231
circ_0005576,Cervical cancer,miR-153
CDR1as,Gastric cancer,miR-7-5p
circUBAP2,Ovarian cancer,miR-144
hsa_circ_0001451,Triple negative breast cancer,miR-197-3p
hsa_circ_0027089,Hepatocellular carcinoma,miR-144
hsa_circ_0042666,Laryngeal squamous cell carcinoma,miR-223
circ_0015756,Hepatocellular carcinoma,miR-7
hsa_circ_0006988,Pancreatic cancer,miR-137-3p
hsa_circ_0079993,Colorectal cancer,miR-203a-3p.1
hsa_circ_0003949,Glioma,"miR-145-5p, miR-330-5p"
hsa_circ_0006404,Glioblastoma,"miR-138-5p, miR-432-5p"
circ-0000284,Cholangiocarcinoma,miR-637
hsa_circ_0020007,Hepatocellular carcinoma,unknown
hsa_circ_0039569,Renal cell carcinoma,miR-34a-5p
hsa_circ_0023404,Non-small cell lung cancer,miR-217
hsa_circ_0074027,Glioblastoma,miR-379-5p
hsa_circ_0035483,Clear cell renal cell carcinoma,hsa-miR-335
circDENND4C,Breast cancer,"miR-200b, miR-200c"
hsa_circ_0011460,Preeclampsia,unknown
circRNA_100876,Breast cancer,miR-361-3p
hsa_circ_0001821,Oral squamous cell carcinoma,miR‑125b
circ-ZKSCAN1,Bladder cancer,miR-1178-3p
hsa_circ_0001946,Ovarian cancer,miR-1270
hsa_circ_0031250,Non-small cell lung cancer,"miR-377, miR-382, miR-498"
hsa_circ_0001022,Renal cell carcinoma,miR-411
circMTO1,Glioblastoma,miR-92
has_circ-0072309,Renal cell carcinoma,miR-100
circ_0023642,Bladder cancer,miR-490-5p
hsa_circ_0014130,Ovarian cancer,miR-661
hsa_circ_0007534,Cervical cancer,miR-498
hsa_circ_0006835,Gastric cancer,miR-1306-3p
circRNA CBL.11,Colorectal cancer,miR-6778-5p
hsa_circ_0088227,Preeclampsia,miR-384
circMYLK,Laryngeal squamous cell carcinoma,miR-195
hsa_circ_0082374,Glioma,let-7
circ_100395,Liver cancer,miR-1228
circGFRA1,Ovarian cancer,miR-449a
hsa_circ_0019456,Hepatocellular carcinoma,miR-665
circMYLK,Hepatocellular carcinoma,miR-362-3p
hsa_circ_102958,Colorectal cancer,miR-585
hsa_circ_0008549,Gastric cancer,miR-136-5p
circPRKCI,Glioma,miR-545
circZFR,Non-small cell lung cancer,miR-101-3p
circ-CDC45,Glioma,"miR-516b, miR-527"
hsa_circ_0001839,Breast cancer,miR-548p
Circ_0136474,Osteoarthritis,miR-127-5p
hsa_circ_0098619,Glioma,miR-421
hsa_circ_0076631,Diabetic cardiomyopathy,miR-214-3p
circ-ITCH,Osteosarcoma,miR-22
circZNF609,Prostate cancer,miR-186-5p
hsa_circ_0092012,Laryngeal squamous cell carcinoma,miR-486-3p
circ-ABCB10,Epithelial ovarian cancer,"miR-1271, miR-1252, miR-203"
circRNA_101505,Hepatocellular carcinoma,miR-103
circ-ITGA7,Colorectal cancer,miR-3187-3p
circHECTD1,Gastric cancer,miR-1256
circVAPA,Hepatocellular carcinoma,miR-377-3p
hsa_circ_0133159,Glioma,miR-1261
hsa_circ_0006772,Preeclampsia,miR-762
hsa_circ_0007059,Lung cancer,miR-378
hsa_circ_0000745,Gastric cancer,miR-526b
hsa_circ_0007142,Colorectal cancer,miR-103a-2-5p
hsa_circ_0008450,Nasopharyngeal carcinoma,miR-577
hsa_circ_0038632,Triple negative breast cancer,miR-296-5p
circ-UBE2D2,Breast cancer,"miR-1236, miR-1287"
circ_0021093,Hepatocellular carcinoma,miR-766-3p
hsa_circ_0068515,Lung squamous cell carcinoma,miR-873-3p
hsa_circ_0058124,Papillary thyroid carcinoma,miR-218-5p
hsa_circ_0006393,Osteogenesis,miR‑145‑5p
hsa_circ_006100,Gastric cancer,miR-195
hsa_circ_103809,Hepatocellular carcinoma,miR-377-3p
circ_0001730,Glioma,miR-326
circBMPR2,Breast cancer,miR-553
hsa_circ_0002346,Lung adenocarcinoma,"miR-93, miR-182"
hsa_circ_0001955,Colorectal cancer,miR-597-5p
hsa_circ_100533,Oral squamous cell carcinoma,hsa-miR-933
circRNA-104718,Hepatocellular carcinoma,miR-218-5p
hsa_circ_0089548,Gastric cancer,miR-637
hsa_circ_0030586,Prostate cancer,miR-1182
hsa_circ_0039411,Papillary thyroid carcinoma,"miR-1179, miR-1205"
circ-EIF4G3,Gastric cancer,miR-335
hsa_circ_0001543,Bladder cancer,miR-27a-3p
circMTO1,Cervical cancer,miR-6893
hsa_circ_0007294,Colorectal cancer,miR-149
hsa_circ_0011780,Non-small cell lung cancer,miR-544a
hsa_circ_0137008,Colorectal cancer,miR-338-5p
hsa_circ_0061140,Endometrial carcinoma,miR-149-5p
hsa_circ_0001001,Hepatocellular carcinoma,miR-605
hsa_circ_100242,Bladder cancer,unknown
circFOXK2,Pancreatic ductal adenocarcinoma,miR-942
hsa_circ_0008285,Breast cancer,miR-1275
hsa_circ_0001649,Gastric carcinoma,miR-20a
hsa_circ_0008792,Osteosarcoma,hsa-miR-711
circEHMT1,Breast cancer,miR-1233-3p
hsa_circ_102336,Bladder cancer,miR-515-5p
circMTO1,Renal cell carcinoma,miR-9
hsa_circ_0001568,Intervertebral disc degeneration,miR-486-3p
circRNA_0000638,Inflammation,miR-498–5p
circ-TTBK2,Glioma,miR-761
circ-0103552,Thyroid carcinoma,miR-127
circ_0001971,Oral squamous cell carcinoma,"miR-194, miR-204"
circDENND4C,Colorectal cancer,miR-760
hsa_circ_0008717,Hepatocellular carcinoma,"miR-340-5p, miR-452-5p"
hsa_circ_0009362,Triple negative breast cancer,miR-141-5p
circMTO1,Gastric carcinoma,miR-3200-5p
CircNFIX,Glioma,miR-132
circ_0000218,Colorectal cancer,miR-139-3p
circ-0033550,Cervical cancer,miR-942-5p
hsa_circ_0001568,Pancreatic ductal adenocarcinoma,miR-377
hsa_circ_0008225,Glioma,miR-890
Circ0004390,Ovarian cancer,miR-198
Circ_0008035,Gastric cancer,miR-599
hsa_circ_0014130,Gastric cancer,miR-376c-3p
circPITX1,Glioma,miR-329-3p
circ_0072083,Non-small cell lung cancer,miR-545-3p
hsa_circ_0008558,Colorectal cancer,unknown
hsa_circ_0004812,Chronic hepatitis B,miR-1287-5p
hsa_circ_0068033,Breast cancer,miR-659
hsa_circ_103973,Cervical cancer,miR-335
circ-FOXM1,Melanoma,miR-143-3p
hsa_circ_0038467,Pneumonia,miR-338-3p
hsa_circ_0058063,Bladder cancer,miR-486-3p
hsa_circ_102488,Stroke,unknown
circAKT3,Lung cancer,miR-516b-5p
hsa_circ_0014130,Gastric cancer,miR-671-5p
circ-ATAD1,Gastric cancer,miR-140-3p
hsa_circ_0019340,Epithelial ovarian cancer,miR-542-3p
hsa_circ_0000384,Gastric cancer,unknown
hsa_circ_0001105,Osteosarcoma,miR-766
hsa_circ_0024093,Acute kidney injury,miR-21-5p
hsa_circ_0007843,Colon cancer,miR-518c-5p
hsa_circ_0000326,Lung adenocarcinoma,miR-338-3p
circPVT1,Osteosarcoma,miR-526b
hsa_circ_0001313,Gastric cancer,miR-618
circVAPA,Colorectal cancer,miR-125a
circRNA_0084043,Diabetic retinopathy,miR-140-3p
hsa_circ_0041795,Diabetic retinopathy,miR-646
hsa_circ_0005320,Triple negative breast cancer,miR-637
circ_0000527,Retinoblastoma,miR-646
hsa_circ_0090956,Glioma,miR-139-3p
hsa_circ_0007534,Colorectal cancer,miR-613
hsa_circ_0029589,Atherosclerosis,miR-214
circSCARB1,Renal cell carcinoma,miR-510-5p
circ_0060745,Colorectal cancer,miR-4736
circ-ZNF609,Nasopharyngeal carcinoma,miR-188
circ-ABCB10,Breast cancer,let-7a-5p
hsa_circ_0002052,Osteosarcoma,miR-382
hsa_circ_0031288,Cervical cancer,miR-139-3p
hsa_circ_100338,Hepatocellular carcinoma,miR-141-3p
circPRRC2A,Renal cell carcinoma,"miR-514a-5p, miR-6776-5p"
hsa_circ_0004846,Obesity,miR-138-5p
hsa_circ_0072309,Non-small cell lung cancer,miR-580-3
circBIRC6,Non-small cell lung cancer,miR-145
hsa_circ_0001610,Endometrial carcinoma,miR-1227
hsa_circ_0072387,Oral squamous cell carcinoma,miR-503-5p
hsa_circ_0028883,Tuberculosis,hsa-miR-409-5p
circRNA_100876,Gastric cancer,miR-136
hsa_circ_0072995,Bladder cancer,miR-548
hsa_circ_0087862,Non-small cell lung cancer,miR-1253
hsa_circ_0000615,Lung adenocarcinoma,miR-1224-3p
hsa_circ_0019421,Glioblastoma,miR-101-3p
hsa_circ_0000260,Gastric cancer,miR-4720-3p
hsa_circ_0000284,Acute pancreatitis,miR-193a-5p
hsa_circ_0002570,Diabetic retinopathy,miR-1243
hsa_circ_0091074,Triple negative breast cancer,miR‑1297
circ_081069,Tongue squamous cell carcinoma,miR-665
circRNA_001275,Esophageal cancer,miR‑370‑3p
circ-CDYL,Multiple myeloma,miR-1180
hsa_circ_100084,Hepatocellular carcinoma,miR‑23a‑5p
circ_0002770,Melanoma,miR-331-3p
hsa_circ_0033074,Nasopharyngeal carcinoma,miR-944
hsa_circ_0026070,Encephalitis,miR-125b
circRNA_0048211,Postmenopausal osteoporosis,miR-93-5p
circPSMC3,Osteoarthritis,miR-296-5p
circCNOT6L,Esophageal squamous cell carcinoma,miR-384
circ_EPB41L2,Lung adenocarcinoma,miR-211-5p
circCRIM1,Lung adenocarcinoma,miR-125b-5p
hsa_circ_0000247,Breast cancer,let-7
hsa_circ_0000448,Temporomandibular joint osteoarthritis,miR-330-3p
circMYLK,Renal cell carcinoma,miR-513a-5p
hsa_circ_0000372,Colorectal cancer,miR-485-5p
Cznf532,Diabetic retinopathy,miR-29a-3p
circ_0067934,Bladder cancer,miR-1304
CDR1as,Abdominal aortic aneurysm,miR-7
hsa_circ_0089378,Coronary artery disease,miR-130a-3p
hsa_circ_0083357,Coronary artery disease,miR-130a-3p
hsa_circ_0082824,Coronary artery disease,miR-130a-3p
hsa_circ_0068942,Coronary artery disease,miR-130a-3p
hsa_circ_0057576,Coronary artery disease,miR-130a-3p
hsa_circ_0054537,Coronary artery disease,miR-130a-3p
hsa_circ_0051172,Coronary artery disease,miR-130a-3p
hsa_circ_0032970,Coronary artery disease,miR-130a-3p
hsa_circ_0006323,Coronary artery disease,miR-130a-3p
circMYLK,Bladder carcinoma,unknown
circCTDP1,Bladder carcinoma,unknown
circHIPK2,Neuroinflammatory disorders,miR-124
hsa_circ_0010729,Angiogenesis,miR-186
hsa_circ_100284,Carcinogenesis,miR-217
hsa_circ_0003204,Atherosclerosis,miR-98-5p
hsa_circ_0006872,Chronic obstructive pulmonary disease,miR-145-5p
circ_0004507,Laryngeal cancer,miR-873
circHIPK3,Hepatocellular carcinoma,miR-338-3p
circ_SATB2,Non-small cell lung cancer,miR-33a-5p
hsa_circ_0089552,Non-small cell lung cancer,unknown
hsa_circ_0105015,Essential hypertension,hsa-miR-637
hsa_circ_0004662,Hepatocellular carcinoma,hsa-miR-502-5p
circPARD3,Laryngeal squamous cell carcinoma,miR-145-5p
hsa_circ_0132246,Bladder cancer,miR-433-3p
hsa_circ_0001946,Pulmonary hypertension,miR-7-5p
circNR3C1,Bladder cancer,unknown
hsa_circ_0001955,Hepatocellular carcinoma,miR-145-5p
hsa_circ_0008309,Gastric cancer,miR-515-5p
hsa_circ_0066659,Hepatocellular carcinoma,miR-65
circ_DLGAP4,Diabetic kidney disease,miR-143
has_circ_0001492,Colorectal cancer,"miR-125a-5p, miR-138-5p"
circPVT1,Breast cancer,miR-29a-3p
hsa_circ_0027345,Hepatocellular carcinoma,unknown
circRNA-SORE,Hepatocellular carcinoma,"miR-103a-2-5p, miR-660-3p"
hsa_circ_0000673,Cholangiocarcinoma,miR-548b-3p
hsa_circ_0060144,Cholangiocarcinoma,"miR-616-3p, miR-629-3p, miR-643"
hsa_circ_0008274,Cholangiocarcinoma,miR-526b-5p
hsa_circ_0139402,Cholangiocarcinoma,miR-885-3p
hsa_circ_0001714,Cholangiocarcinoma,miR-766-5p
hsa_circ_000121,Papillary thyroid microcarcinoma,unknown
hsa_circ_000466,Papillary thyroid microcarcinoma,unknown
hsa_circ_001059,Papillary thyroid microcarcinoma,unknown
hsa_circ_051239,Papillary thyroid microcarcinoma,unknown
hsa_circ_102116,Papillary thyroid microcarcinoma,unknown
hsa_circ_001729,Papillary thyroid microcarcinoma,unknown
hsa_circ_004183,Papillary thyroid microcarcinoma,unknown
hsa_circ_102051,Papillary thyroid microcarcinoma,unknown
hsa_circ_404686,Papillary thyroid microcarcinoma,unknown
hsa_circ_405571,Papillary thyroid microcarcinoma,unknown
circGFRA1,Hepatocellular carcinoma,miR-149
circ_0008305,Hepatocellular carcinoma,miR-186
circTBL1XR1,Colorectal cancer,miR-424
CircMAP3K5,Neointimal hyperplasia,miR-22-3p
circANKRD36,Osteoarthritis,miR-599
hsa_circ_0001421,Non-small cell lung cancer,miR-376a
hsa_circ_0004458,Papillary thyroid carcinoma,miR-637
circRNA_4675,Preeclampsia,unknown
circRNA_8840,Preeclampsia,unknown
circRNA_10271,Preeclampsia,unknown
circRNA_2713,Preeclampsia,unknown
hsa_circ_0004370,Gastric carcinoma,miR-665
circ_0007059,Postmenopausal osteoporosis,miR-378
hsa_circ_0000657,Gastric cancer,miR-99a-5p
hsa_circ_0043469,Adrenocortical carcinoma,miR-514a-5p
hsa_circ_0030605,Bronchopulmonary dysplasia,miR-663a
hsa_circ_0040060,Intervertebral disk degeneration,miR-182-5p
hsa_circ_0088233,Prostate cancer,hsa-miR-185-3p
circRPPH1,Breast cancer,miR-556-5p
hsa_circ_0005875,Clear cell renal cell carcinoma,miR-145-5p
hsa_circ_0008450,Liver cancer,miR-431
hsa_circ_0069767,Multiple myeloma,miR-636
hsa_circ_0030998,Lung cancer,miR-558
circ_0032833,Colorectal cancer,miR-125-5p
hsa_circ_0006916,Hepatocellular carcinoma,miR-599
circ_0057553,Prostate cancer,miR-515-5p
hsa_circ_0003288,Non-small cell lung cancer,miR-4491
circHIPK3,Cervical cancer,miR-485-3p
hsa_circ_0071820,Bladder cancer,miR-330-5p
hsa_circ_400068,Renal cell carcinoma,miR‑210‑5p
circSCAF11,Glioma,miR-145-5p
hsa_circ_0109046,Endometrial cancer,miR-136
circPDK1,Renal cell carcinoma,miR-377-3P
hsa_circ_0004872,Gastric cancer,miR-224
hsa_circ_0067835,Endometrial carcinoma,miR-324-5p
hsa_circ_0075370,Congenital heart disease,miR-34a
hsa_circ_0031250,Non-small cell lung cancer,miR-873-5p
circGLCE,Intervertebral disc degeneration,miR-587
hsa_circ_0005224,Nasopharyngeal carcinoma,miR-107
circ-CBFB,Liver injury,miR-185-5p
hsa_circ_0067934,Lung cancer,miR-1324
hsa_circ_0034803,Gastric cancer,miR-142-5p
hsa_circ_0043278,Glioblastoma,miR-638
hsa_circ_0000234,Gastric cancer,miR-142-3p
circ_0032462,Osteosarcoma,unknown
circ-HECTD1,Ischemic stroke,miR-133b
circ-FBXW7,Colorectal cancer,miR-18b-5p
hsa_circ_0044516,Gastric cancer,miR-149
hsa_circ_0007364,Cervical cancer,miR-101-5p
hsa_circ_0068515,Breast cancer,miR-873-3p
hsa_circ_0092516,Osteoarthritis,miR-337-3p
hsa_circ_0060450,Type 1 diabetes mellitus,miR-199a-5p
circ_0007841,Multiple myeloma,miR-129-5p
hsa_circ_0000043,Endometrial carcinoma,miR-1271-5p
hsa_circ_0106714,Colorectal cancer,miR-942-5p
hsa_circ_0001162,Glioblastoma,miR-124
hsa_circ_0000376,Gastric cancer,miR-145-5p
hsa_circ_0005273,Acute myeloid leukemia,miR-330-5p
circPDE4D ,Osteoarthritis,miR-103a-3p
hsa_circ_0072391,Colon cancer,miR‑34a‑5p
hsa_circ_0032821,Gastric cancer,miR-515-5p
hsa_circ_0039053,Hepatocellular carcinoma,miR-637
hsa_circ_0000260,Gastric adenocarcinoma,miR-129-5p
hsa_circ_0000567,Nasopharyngeal carcinoma,"miR-615-5p, miR-1538"
circRNA_7,Hepatocellular carcinoma,miR-7-5p
hsa_circ_0001522,Lung adenocarcinoma,hsa-miR-143-3p
hsa_circ_0008274,Hepatocellular carcinoma,miR-526b-5p
circCRIM1 ,Osteosarcoma,miR-432-5p
circRNA_104433,Gastric cancer,miR-497-5p
hsa_circ_0003645,Breast cancer,miR-139-3p
hsa_circ_0106800,Breast cancer,miR-330-3p
circ-ELF2,Glioma,miR-510-5p
hsa_circ_0004771,Gastric cancer,miR-1200
hsa_circ_0001192,Renal cell carcinoma,miR-149
hsa_circ_0093996,Retinoblastoma,"miR-492, miR-494-3p"
hsa_circ_0000039,Gastric cancer,miR-1292-5p
hsa_circ_0000282,Osteosarcoma,miR-192
circ_ANKMY2,Epilepsy,miR-106b-5p
circ_SEPT9,Oral squamous cell carcinoma,miR-1225
circ-ABCB10,Thyroid cancer,unknown
has_circ_0010283,Atherosclerosis,miR-133a-3p
hsa_circ_0008365,Osteoarthritis,miR-495
hsa_circ_0009143,Cervical cancer,miR-1286
cricRNA-SIPA1L1 ,Osteogenesis,miR-204-5p
hsa_circ_0035266,Inflammation,miR-181d-5p
circ-XPO1,Osteosarcoma,"miR-23a-3p, miR-23b-3p, miR-23c, miR-130a-5p"
hsa_circ_0002402,Osteosarcoma,unknown
circTHBS1,Non-small cell lung cancer,miR-129-5p
hsa_circ_0072391,Endometriosis,unknown
hsa_circ_0007299 ,Endometriosis,unknown
hsa_circ_0057799 ,Endometriosis,unknown
hsa_circ_0001599,Endometriosis,unknown
circ102049,Colorectal cancer,"miR-761, miR-192-3p"
hsa_circ_0023826,Glaucoma,unknown
circAkap7,Ischemic stroke,miR-155-5p
circCRAMP1L ,Preeclampsia,unknown
circ_0085616,Cervical cancer,miR-503-5p
circ_0000215 ,Glioma,miR-495-3p
circMTO1,Gastric cancer,miR-199a-3p
hsa_circ_0081519,Glioma,miR-637
circsSMARCA5,Non-small cell lung cancer,miR-670-5p
hsa_circ_0102231,Non-small cell lung cancer,miR-145
circRNF13,Acute myeloid leukemia,miR-1224-5p
circCPA4,Glioma,miR-760
circ_0072088,Esophageal squamous cell carcinoma,miR-377
circNFIX,Non-small cell lung cancer,miR-212-3p
circCSNK1G1,Colorectal cancer,miR-455-3p
circ_0058124,Papillary thyroid carcinoma,miR-370-3p
hsa_circ_0084927,Cervical cancer,miR-634
CircCFL1,Diffuse large B-cell lymphoma,miR-107
circ_0084927,Cervical cancer,miR-142-3p
Circ_ASAP2,Gastric cancer,miR-33a-5p
CircNRIP1,Ovarian cancer,miR-211-5p
Circ_0006528,Breast cancer,miR-1299
hsa_circ_0004018,Hepatocellular carcinoma,miR-626
cir-ITCH,Gastric cancer,miR-17
circ-MYBL2,Multiple myeloma,unknown
hsa_circ_0001785,Breast cancer,miR-942
Hsa_circ_0086996,Osteosarcoma,miR-125b-5p
circ_0000043,Breast cancer,miR-136
chr7:154954255-154998784+,Pancreatic cancer,miR-4459
circPPM1F,Type 1 diabetes mellitus,unknown
circ_0028171,Osteosarcoma,miR-218-5p
circ_0000285,Osteosarcoma,miR-409-3p
circ_0091581,Hepatocellular carcinoma,miR-591
CircCDH13,Osteoarthritis,miR-296-3p
"circ-102,166",Hepatocellular carcinoma,"miR-182, miR-184"
CircDENND2A,Non-small cell lung cancer,miR-34a
circITCH,Multiple myeloma,miR-615-3p
hsa_circ_0005556,Gastric cancer,miR-4270
circABCC4,Breast cancer,miR-154-5p
circ_0020394,Bladder cancer,miR-328-3p
circPTK2,Hepatocellular carcinoma,miR-92a
circHIPK3,Non-small cell lung cancer,miR-107
Circ_0010729,Hypoxia-induced cardiomyocyte injuries ,miR-27a-3p
circ_C16orf62,Gastric cancer,miR-421
circEXOC6B,Ovarian cancer,miR-376c-3p
hsa_circ_0000284,Glioma,miR-124
Circ-MEMO1,Non-small cell lung cancer,miR-101-3p
hsa_circ_0132813,Neuroblastoma,miR-16-5p
circRNA_001937,Cutaneous squamous cell carcinoma,miR‑597‑3p
circPSMC3,Esophageal squamous cell carcinoma,miR-10a-5p
CircFOXP1,Osteoporosis,miR-33a-5p
hsa_circ_0000231,Colorectal cancer,miR-502-5p
circ-PRKCI,Sepsis,miR-545
hsa_circ_0016068,Prostate cancer,miR-330-3p
hsa_circ_0000285,Cervical cancer,miR197-3p
hsa_circ_0007031,Colorectal cancer,miR-760
hsa_circ_0001721,Osteosarcoma,miR-372-3p
hsa_circ_0003496,Osteosarcoma,miR-370
circTTBK2,Glioma,miR-145-5p
CircFLNA,Gastric cancer,miR-646
hsa_circ_0003928,Diabetic nephropathy,miR-151-3p
circNELL2,Esophageal squamous cell carcinoma,miR-127-5p
circKRT7,Ovarian cancer,miR-29a-3p
circPVT1,Breast cancer,miR-204-5p
circKIF4A,Ovarian cancer,miR-127
CDR1as,Lung squamous cell carcinoma,miR-671-5p
hsa_circ_0000936,Glioma,miR-1294
hsa_circ_0005785,Hepatocellular carcinoma,miR-578
hsa_circ_0000142,Multiple myeloma,miR-610
CircZNF609,Nasopharyngeal carcinoma,miR-338-3p
circGLIS2,Colorectal cancer,miR-671
circKMT2D,Osteosarcoma,miR-210
hsa_circ_0004840,Osteosarcoma,miR-370
hsa_circ_0001649,Osteosarcoma,"miR-338-5p, miR-647, miR-942"
CircRIMS,Gastric cancer,"miR-148a-5p, miR-218-5p"
circRGPD6,Breast cancer,miR-26b
hsa_circ_0045602,Gastric cancer,miR-302b-3p
circPVT1,Gastric cancer,miR‑195‑5p
hsa_circ_0010283,Atherosclerosis,miR‑370‑3p
hsa_circ_0005728,Triple negative breast cancer,miR-512-3p
Circ-ZNF652,Hepatocellular carcinoma,miR-29a-3p
hsa_circ_0000615,Prostate cancer,miR-501-3p
circ-NCOR2,Papillary thyroid carcinoma,miR-516a-5p
hsa_circ_0086720,Non-small cell lung cancer,miR-375
circSCAR ,Nonalcoholic steatohepatitis,mPTP
circPTCH1,Renal cell carcinoma,miR-485-5p
circPRKCB,Ischemia reperfusion injury,miR-339-5p
hsa_circ_0001944,Bladder cancer,miR-548
CircATP2B4,Pulmonary arterial hypertension,miR-223
circASAP1,Glioblastoma,miR-502-5p
hsa_circ_0008737,Atrial fibrillation,miR-328
circRNA_1837,Atrial fibrillation,miR-328
hsa_circ_0001240,Atrial fibrillation,miR-328
circRNA_7571,Atrial fibrillation,miR-328
hsa_circ_0062426,Atrial fibrillation,miR-328
circRNA_7386,Atrial fibrillation,miR-328
hsa_circ_0006109,Atrial fibrillation,miR-328
Has_circRPPH_015,Breast cancer,miR-326
hsa_circ_0006156,Bladder cancer,miR-1178-3p
circ-ITCH,Ovarian cancer,miR-106a
hsa_circ_0001313,Colon cancer,miR-338-3p
hsa_circ_0001724,Colon cancer,miR-106b
circCER,Breast cancer,miR-136
hsa_circ_0072309,Breast cancer,miR-492
circKIF4A,Triple negative breast cancer,miR-375
hsa_circ_0001368,Gastric cancer,miR-6506-5p
circ-ERBB2,Gastric cancer,"miR503, miR-637"
CircPSMC3,Gastric cancer,miR-296-5p
hsa_circ_0001445,Cervical cancer,miR-620
hsa_circ_0000263,Cervical cancer,miR-150-5p
hsa_circ_0067934,Cervical cancer,miR-545
ciRS-7,Esophageal squamous cell carcinoma,miR-7
hsa_circ_0074027,Glioblastoma,miR-518a-5p
hsa_circ_0001946,Glioblastoma,miR-671-5p
hsa_circ_0029426,Glioblastoma,miR-197
hsa_circ_0000284,Prostate cancer,miR-193a-3p
hsa_circ_0000190,Multiple myeloma,miR-767-5p
hsa_circ_100290,Acute myeloid leukemia,miR-203
hsa_circ_0080145,Chronic myeloid leukemia,miR-29b
hsa_circ_0000488,Acute myeloid leukemia,miR-496
circRAPGEF5,Papillary thyroid carcinoma,miR-198
circDOCK1,Thyroid cancer,miR-124
circ_LDLR,Papillary thyroid carcinoma,miR-195-5p
CircTP53,Thyroid cancer,miR-1233-3p
CircPRMT5,Papillary thyroid carcinoma,miR-30c
hsa_circ_0058124,Thyroid cancer,miR-940
hsa_circ_0011385,Thyroid cancer,miR-361-3p
hsa_circ_0025033,Papillary thyroid carcinoma,miR-1179
hsa_circ_0006156,Papillary thyroid carcinoma,miR-1178
hsa_circ_0067934,Thyroid cancer,miR-1304
hsa_circ_0039411,Papillary thyroid carcinoma,"miR-1179, miR-1205"
circZFR,Papillary thyroid carcinoma,miR-1261
hsa_circ_0008309,Oral squamous cell carcinoma,"miR-136-5P, miR-382-5P"
hsa_circ_0000140,Oral squamous cell carcinoma,miR-31
hsa_circ_0001742,Tongue squamous cell carcinoma,miR-634
hsa_circ_0001821,Oral squamous cell carcinoma,miR‑125b
circ-PKD2,Oral squamous cell carcinoma,miR-204-3p
circDOCK1,Oral squamous cell carcinoma,miR‑196a‑5p
hsa_circ_100533,Oral squamous cell carcinoma,miR-933
hsa_circ_0001162,Oral squamous cell carcinoma,miR-149
hsa_circ_0002185,Oral squamous cell carcinoma,miR-526b-5p
hsa_circ_100290,Oral squamous cell carcinoma,miR-378a
hsa_circ_0055538,Oral squamous cell carcinoma,unknown
circATRNL1,Oral squamous cell carcinoma,miR-23a-3p
hsa_circ_0000520,Breast cancer,miR-1296
hsa_circ_0000376,Non-small cell lung cancer,miR-1182
hsa_circ_0103809,Bladder cancer,miR-516a-5p
hsa_circ_0000735,Non-small cell lung cancer,miR-940
hsa_circ_0001206,Prostate cancer,miR-141
hsa_circ_0024108,Glioma,miR-433
hsa_circ_0010090,Hepatocellular carcinoma,miR-338
hsa_circ_0082374,Glioma,miR-326
hsa_circ_0001946,Glioblastoma,unknown
hsa_circ_0007142,Colorectal cancer,miR-455-5p
hsa_circ_0072995,Epithelial ovarian cancer,unknown
hsa_circ_0003738,Psoriasis,miR-562
hsa_circ_0003738,Psoriasis,miR-490-5p
hsa_circ_0000034,Retinoblastoma,miR-361-3p
hsa_circ_0007031,Colorectal cancer,miR-133b
Circ_0000140,Oral squamous cell carcinoma,miR-182-5p
hsa_circ_0000517,Hepatocellular carcinoma,miR-326
hsa_circ_0029589,Atherosclerosis,miR-424-5p
hsa_circ_0037128,Diabetic nephropathy,miR-17-3p
hsa_circ_0026359,Gastric cancer,miR-1200
hsa_circ_0007874,Liver fibrosis,unknown
hsa_circ_0072758,Laryngeal squamous cell carcinoma,miR-493-5p
hsa_circ_0006835,Gastric cancer,miR-149-5p
hsa_circ_0074854,Colorectal cancer,miR-610
hsa_circ_0004058,Age-related cataract,miR-23b-3p
hsa_circ_0002768,Hepatocellular carcinoma,miR29a
hsa_circ_0002211,Prostate cancer,miR-346
hsa_circ_0005615,Cervical cancer,miR-9-5p
hsa_circ_0023990,Colorectal cancer,miR‑485‑5p
hsa_circ_0074854,Myocardial infarction,miR-133
hsa_circ_0000034,Retinoblastoma,miR-361-3p
hsa_circ_0000442,Breast cancer,miR-148b-3p
hsa_circ_0000144,Thyroid cancer,miR-217
hsa_circ_0000284,Diabetic nephropathy,miR-185
hsa_circ_0015756,Hepatocellular carcinoma,miR-610
hsa_circ_0013912,Pancreatic ductal adenocarcinoma,miR-7-5p
hsa_circ_001587,Pancreatic cancer,miR-223
hsa_circ_0000291,Breast cancer,miR-326
hsa_circ_0001313,Osteosarcoma,miR-338-3p
circVAPA ,Retinoblastoma,miR-615-3p
has_circ_0000034 ,Retinoblastoma,miR-361-3p
hsa_circ_0008898,Oral squamous cell carcinoma,miR-197-5p
hsa_circ_0079593,Melanoma,miR-516b
hsa_circ_0011292,Non-small cell lung cancer,miR-379-5p
circHIPK3,Glioma,miR-524-5p
CircZFR,Breast cancer,miR-578
circOSBPL10,Cervical cancer,miR-1179
hsa_circ_0020123,Non-small cell lung cancer,miR-590-5p
circSIPA1L1,Osteogenesis,miR-617
hsa_circ_001436,Melanoma,miR-431-5p
circEPSTI1,Non-small cell lung cancer,miR-1248
hsa_circ_0010220,Osteosarcoma,miR-503-5p
hsa_circ_0000218,Laryngeal squamous cell carcinoma,miR-139−3p
hsa_circ_0008934,Osteosarcoma,miR-145-5p
hsa_circ_0136666,Colorectal cancer,miR-383
hsa_circ_0000512,Colorectal cancer,miR-296-5p
CircHIPK3,Clear cell renal cell carcinoma,miR-508-3p
Circ-PRMT5,Non-small cell lung cancer,miR-4458
CircIL4R,Hepatocellular carcinoma,miR-541-3p
circFoxp1,Epithelial ovarian cancer,unknown
Circ-SMARCA5,Colorectal cancer,miR-39-3p
Circ_0046599,Hepatocellular carcinoma,miR-1258
CircEPSTI1,Non-small cell lung cancer,miR-145
CircZNF609,Hepatocellular carcinoma,miR-342-3p
circLPAR3,Esophageal squamous cell carcinoma,unknown
CircTADA2A ,Colorectal cancer,miR-374a-3p
hsa_circ_0007334,Colorectal cancer,miR-519d-3p
hsa_circ_0029589,Atherosclerosis,miR-214-3p
circ-SLC7A6,Non-small cell lung cancer,miR-21
hsa_circ_0133622,Neuroblastoma,miR-873
circ-GRB10,Intervertebral disc degeneration,miR-141-3p
circTNPO3,Ovarian cancer,miR-1299
CircRSF1,Atherosclerosis,miR-758
circBC048201 ,Bladder cancer,miR-1184
hsa_circ_101141,Hepatocellular carcinoma,miR-1297
circARHGAP10,Non-small cell lung cancer,miR-638
circ_101238,Keloid,miR‑138‑5p
hsa_circ_0007841,Multiple myeloma,miR-338-3p
circ_0008193,Lung adenocarcinoma,miR-1180-3p
hsa_circ_0008035,Osteosarcoma,miR-375
circRACGAP1 ,Non-small cell lung cancer,miR-144-5p
circHIPK3,Osteosarcoma,miR637
circMAGI3,Non-small cell lung cancer,miR-515-5p
circPOSTN,Glioma,miR-361-5p
hsa_circ_0000517,Hepatocellular carcinoma,miR-326
hsa_circ_0006156,Bladder cancer,miR-1178-3p
hsa_circ_0067934,Non-small cell lung cancer,miR-1182
hsa_circ_0024097,Osteoporosis,miR-376b-3p
hsa_circ_0061052,Chronic obstructive pulmonary disease,miR-515-5p
hsa_circ_0000284,Breast cancer,miR-193a
hsa_circ_0000284,Osteoarthritis,miR-124
hsa_circ_0068655,Myocardial infarction,miR-498
hsa_circ_0096157,Lung cancer,miR-181
hsa_circ_0001946,Heart failure,"miR-135a, miR-135b"
hsa_circ_0001846,Cervical cancer,miR-361-3p
hsa_circ_0109291,Oral squamous cell carcinoma,miR-188-3p
hsa_circ_0005728,Breast cancer,miR-200a-3p
hsa_circ_0104345,Breast cancer,miR-145
hsa_circ_0016760,Non-small cell lung cancer,miR-577
hsa_circ_0141940,Non-small cell lung cancer,miR-195-5p
hsa_circ_0082374,Non-small cell lung cancer,let-7
hsa_circ_0067934,Esophageal cancer,miR-186-5p
hsa_circ_0113656,Human aortic smooth muscle cell,miR-149-5p
hsa_circ_0001588,Lung adenocarcinoma,miR-524-3p
hsa_circ_0001461,Osteosarcoma,miR-181b
hsa_circ_0007874,Ovarian cancer,miR-182-5p
hsa_circ_0000376,Breast cancer,miR-182
hsa_circ_0000105,Liver cancer,miR-498
hsa_circ_0000274,Renal cell carcinoma,miR-567
hsa_circ_0000328,Renal cell carcinoma,miR-502-5p
hsa_circ_0017639,Glioma,miR-182-5p
hsa_circ_0005758,Gastric cancer,miR-452-5p
hsa_circ_0139996,Gastric cancer,miR-558
hsa_circ_0076690,Osteoporosis,miR-152
hsa_circ_0000740,Clear cell renal cell carcinoma,miR-489-3p
hsa_circ_0035483,Prostate cancer,miR-30b-5p
circ-ITCH,Ovarian cancer,miR-106a
hsa_circ_0000735,Prostate cancer,miR-7
hsa_circ_0000073,Osteosarcoma,"miR-145-5p, miR-151-3p"
hsa_circ_0046263,Nasopharyngeal carcinoma,miR-133a-5p
hsa_circ_0074169,Colon cancer,miR-149-5p
hsa_circ_0017311,Osteosarcoma,miR-421
circITGA7,Thyroid cancer,miR-198
hsa_circ_0005909,Osteosarcoma,miR-936
circFANCL,Glioma,miR-337-3p
circRNA-103809,Hepatocellular carcinoma,miR-1270
circHIPK3,Age-related cataract,miR-221-3p
CircAGFG1,Colorectal cancer,"miR-4262, miR-185-5p"
circVEGFC,Diabetes mellitus,miR-338-3p
circ_0081143,Gastric cancer,miR-497-5p
CircHECTD1,Hepatocellular carcinoma,miR-485-5p
circ9119,Ovarian cancer,miR-21
hsa_circ_0088036,Rheumatoid arthritis,miR-140-3p
circ_0091579,Hepatocellular carcinoma,miR-490-5p
hsa_circRPPH1_015,Breast cancer,miR-326
hsa_circ_0000527,Retinoblastoma,miR-646
Circ-DENND4C,Hepatocellular carcinoma,miR-195-5p
circ-CSPP1,Hepatocellular carcinoma,miR-577
has_circ-0007766,Gastric carcinoma,miR-1233-3p
hsa_circ_0066755,Nasopharyngeal carcinoma,miR-651
hsa_circ_0002755,Glioma,miR-628-5p
circNFATC3,Hepatocellular carcinoma,miR-548I
CiRS-7,Ovarian cancer,miR-641
hsa_circ_0006988,Non-small cell lung cancer,miR-137
hsa_circ_0062558,Breast cancer,miR-1204
hsa_circ_0084922,Hepatocellular carcinoma,unknown
hsa_circ_0087378,Esophageal squamous cell carcinoma,miR-140-3p
hsa_circ_0003119,Breast cancer,miR-33a
hsa_circ_0026134,Hepatocellular carcinoma,miR-127-5p
circDLGAP4,Lung cancer,miR-143
hsa_circ_0007334,Prostate cancer,miR-1271-5p
circ-HIPK3,Glioma,miR-421
hsa_circ_0023064,Colon cancer,miR-217
circNRIP1,Gastric cancer,miR-182
hsa_circ_0005394,Hepatocellular carcinoma,"miR-507, miR-515-5p"
circ-ABCB10,Glioma,miR-620
circDDX17,Breast cancer,miR-605
hsa_circ_0008234,Lung cancer,miR-185-5p
CircVCAN,Osteoarthritis,unknown
circFGD4,Gastric cancer,miR-532-3p
hsa_circ_0070934,Cutaneous squamous cell carcinoma,miR-1236-3p
circ-TIMP2,Intervertebral disc degeneration,miR-185-5p
hsa_circ_0101802,Colorectal cancer,unknown
circRNA_10156,Liver cancer,miR-149-3p
hsa_circ_0061140,Endometriosis,miR-140-3p
hsa_circ_0011269,Osteoporosis,miR-122
hsa_circ_0082003,Non-small cell lung cancer,miR-145-5p
hsa_circ_0003204,Atherosclerosis,miR-98-5p
circ-LARP4,Non-small cell lung cancer,miR-21-5p
circ-FOXO3,Bladder cancer,miR-9-5p
hsa_circ_0045602,Gastric cancer,unknown
hsa_circ_0101308,Cervical cancer,unknown
hsa_circ_0136666,Colorectal cancer,miR-375
hsa_circ_0036722,Laryngeal squamous cell carcinoma,"miR-1248, miR-1248"
hsa_circ_0002130,Non-small cell lung cancer,miR-498
hsa_circ_0000977,Colorectal cancer,"miR-135a-5p, miR-135b-5p"
hsa_circ_0079586,Glioma,miR-183-5p
hsa_circ_0007385,Non-small cell lung cancer,miR-519d-3p
hsa_circ_0075686,Glioma,miR-526b-3p
hsa_circ_0000936,Gastric cancer,miR-582-3p
hsa_circ_0026134,Non-small cell lung cancer,miR-143-3p
hsa_circ_0025033,Lung cancer,miR-3619-5p
hsa_circ_0080145,Chronic myeloid leukemia,miR-326
hsa_circ_0048677,Hepatocellular carcinoma,miR-449c-5p
hsa_circ_0009910,Ovarian cancer,miR-145
hsa_circ_0111277,Preeclampsia,miR-494-3p
hsa_circ_0004018,Liver fibrosis,hsa-miR-660-3p
hsa_circ_100721,Thyroid cancer,miR-124
hsa_circ_0004339,Gastric cancer,miR-802
hsa_circ_0003949,Hepatocellular carcinoma,miR-326
hsa_circ_0074027,Non-small cell lung cancer,miR-335-5p
hsa_circ_0072309,Non-small cell lung cancer,miR-580-3p
hsa_circ_0100338,Ischemia reperfusion injury,miR-200a-3p
hsa_circ_103809,Gastric cancer,miR-101-3p
hsa_circ_0008717,Lung cancer,miR-217
hsa_circ_0008717,Rectal cancer,miR-326
hsa_circ_0038646,Colorectal cancer,miR-331-3p
hsa_circ_0023642,Gastric cancer,miR-223
hsa_circ_0064574,Gastric cancer,miR-502-3p
hsa_circ_0101145,Hepatocellular carcinoma,miR-548c-3p
hsa_circ_0003645,Atherosclerosis,unknown
hsa_circ_0003998,Hepatocellular carcinoma,miR-143-3p
hsa_Circ_0007841,Multiple myeloma,unknown
hsa_circ_0000284,Non-small cell lung cancer,miR-377-3p
hsa_circ_0027345,Hepatocellular carcinoma,miR-345-5p
hsa_circ_0008433,Endometriosis,"hsa-miR-34a-5p, has-miR-221-3p, has-miR-222-3p, has-miR-181-5p, has-miR-449a, hsa-miR-125a-5p, has-miR-449b-5p, has-miR-483-3p, hsa-miR-502-5p, hsa-miR-582-5p"
hsa_circ_0102958,Ovarian cancer,miR-1205
hsa_circ_0131242,Triple negative breast cancer,hsa-miR-2682
hsa_circ_0000284,Prostate cancer,miR-338-3p
hsa_circ_0025508,Hepatocellular carcinoma,miR-1283
hsa_circ_0000043,Polycystic ovary syndrome,miR-760
hsa_circ_0003732,Osteosarcoma,miR-545
circ_UBXN7,Liver cancer,miR-203a
hsa_circ_0003340,Esophageal cancer,miR-564
hsa_circ_0000670,Gastric cancer,miR-384
circZNF566,Hepatocellular carcinoma,miR-4738-3p
circUBAP2,Osteosarcoma,miR-641
hsa_circ_0005100,Prostate cancer,miR-1238
hsa_circ_0003506,Gastric cancer,miR-1205
hsa_circ_0002768,Laryngocarcinoma,miR-145-5p
hsa_circ_0072088,Non-small cell lung cancer,miR-377-5p
hsa_circ_0000517,Hepatocellular carcinoma,miR-1296-5p
circRNA-9119,Osteoarthritis,miR-26a
Circ-CSPP1,Hepatocellular carcinoma,miR-577
hsa_circ_0000848,Fetal growth restriction,hsa-miR-6768-5p
hsa_circ_0109320,Non-small cell lung cancer,miR-595
hsa_circ_0078607,Ovarian cancer,miR-518a-5p
hsa_circ_0004442,Renal cell carcinoma,miR-136-5p
hsa_circ_0124644,Atherosclerosis,miR‑149‑5p
circTP53,Thyroid cancer,miR-1233-3p
hsa_circ_0000144,Gastric cancer,miR-204-5p
has_circ_0012129,Glioma,miR-761
hsa_circ_0061140,Bladder cancer,miR-1236
hsa_circ_0002360,Colorectal cancer,miR-145-5p
circRNA_101237,Non-small cell lung cancer,miR-490-3p
hsa_circ_0043800,Hepatoblastoma,"miR-29a-3p, miR-29b-3p, miR-29c-3p"
hsa_circ_0008928,Non-small cell lung cancer,miR-326
circ-FARSA,Colorectal cancer,miR-330-5p
circ-MAT2B,Gastric cancer,miR-515-5p
hsa_circ_0003141,Hepatocellular carcinoma,miR-1827
hsa_circ_0054537,Renal cell carcinoma,miR-130a-3p
hsa_circ_0001742,Tongue squamous cell carcinoma,miR-431
hsa_circ_0000376,Breast cancer,miR-1285-3p
hsa_circ_0008532,Bladder cancer,"miR-155-5p, miR-330-5p"
hsa_circ_0007255,Bladder cancer,"miR-375, 1231"
hsa_circ_0004771,Cervical cancer,miR-629-3p
hsa_circ_0000615,Nasopharyngeal cancer,miR-338-3p
hsa_circ_0000284,Asthma,miR-326
hsa_circ_0085131,Non-small cell lung cancer,miR-654-5p
hsa_circ_0000515,Breast cancer,miR-296-5p
hsa_circ_0006404,Gastric carcinoma,miR-143-3p
has_circ9102-5,Essential hypertension,hsa-miR-150-5p
hsa_circ_0001982,Breast cancer,miR-140-5p
circErbB4,Vascular disease,miR-29a-5p
hsa_circ_0018534,Non-small cell lung cancer,miR-488-3p
hsa_circ_0022812,Lung cancer,miR-326
hsa_circ_0003221,Gastric carcinoma,miR‑139‑3p
circ_LPAR3,Esophageal squamous cell carcinoma,miR-198
circ_LARP4,Prostate cancer,miR-424-5p
circPRMT5,Papillary thyroid carcinoma,miR-30c
circCORO1C,Laryngeal squamous cell carcinoma,let-7c-5p
ciRS-126,Polycystic ovary syndrome,miR-21
hsa_circ_0013509,Cardiovascular disease,miR-124
circRNA_100782,Pancreatic ductal adenocarcinoma,miR-124
hsa_circ_0000064,Lung cancer,unknown
hsa_circ_0005105,Osteoarthritis,miR-26a
hsa_circ_0001982,Breast cancer,miR-143
circSCMH1,Acute ischemic stroke,unknown
hsa_circ_0043265,Non-small cell lung cancer,miR-25-3p
hsa_circ_0007031,Osteosarcoma,miR-30b
hsa_circ_0089762,Chronic lymphocytic leukemia,unknown
hsa_circ_0000285,Thyroid cancer,miR-599
circ_0007142,Colorectal cancer,miR-122-5p
circ-001971,Colorectal cancer,miR-29c-3p
hsa_circ_0082002,Hepatocellular carcinoma,miR-30-5p
circ_0001368,Renal cell carcinoma,miR-492
hsa_circ_0002375,Nasopharyngeal carcinoma,miR-3198
Circ_100565,Lung cancer,miR-506-3p
circNRIP1,Gastric carcinoma,miR-138-5p
Circ_0025033,Ovarian cancer,miR-330-5p
hsa_circ_0136666,Osteosarcoma,miR-593-3p
hsa_circ_0001946,Cholangiocarcinoma,miR-641
hsa_circ_0008285,Colorectal cancer,miR-382-5p
circABCB10,Lung cancer,miR-584-5p
hsa_circ_0113689,Osteogenesis,unknown
circMDM2,Oral squamous cell carcinoma,miR-532-3p
hsa_circ_0000284,Renal carcinoma,miR-637
circKIF4A,Breast cancer,miR-152
hsa_circ_0005075,Cervical cancer,miR‑432
circ-Rtn4,Osteoporosis,miR-146a
hsa_circ_0049613,Hepatocellular carcinoma,miR-1299
circ5615,Colorectal cancer,miR-149-5p
hsa_circ_0039388,Essential hypertension,miR-637
CircITCH,Doxorubicin-Induced cardiotoxicity ,miR-330-5p
circ_0000337,Osteosarcoma,miR-4458
hsa_circ_0001368,Pituitary adenoma,unknown
has_circ-000684,Gastric cancer,miR-186
hsa_circ_0000944,Gastric cancer,miR-6792-3p
circ9119,Cervical cancer,miR-126
has_circ-0014359,Glioma,miR-153
circ_0020710,Melanoma,miR-370-3p
circWHSC1,Endometrial cancer,miR-646
hsa_circ_0017639,Gastric cancer,miR-224-5p
hsa_circ_0009065,Pancreatic ductal adenocarcinoma,miR-34b-5p
has_circ-0072309,Renal carcinoma,miR-100
Circ_0067934,Laryngeal squamous cell cancer,miR-1324
hsa_circ_0021086,Aortic valve calcification,miR-204-5p
hsa_circ_0002018,Breast cancer,miR-658
hsa_circ_0056616,Lung adenocarcinoma,unknown
hsa_circ_0007158,Intervertebral disc degeneration,miR-583
hsa_circ_0086375,Pancreatic cancer,miR-486-5p
circ-0000745,Acute lymphoblastic leukemia,unknown
circ-USP36,Atherosclerosis,miR-98-5p
circ-USP36,Atherosclerosis,miR-98-5p
circRNA_001287,Renal cell carcinoma,miR-144
Circular RNA 100146,Colorectal cancer,miR-149
Circ-UBR1,Breast cancer,miR-1299
circGSK3B,Hepatocellular carcinoma,miR-1265
hsa_circ_0000658,Osteosarcoma,miR-1227
circXPO1,Lung adenocarcinoma,unknown
hsa_circ_103809,Lung cancer,miR-377-3p
Circ-PRMT5,Breast cancer,miR-509-3p
hsa_circ_0005114,Glioma,"miR-142-3p, miR-590-5p"
circ_0002483,Acute myeloid leukemia,miR-758-3p
circ_ASAP2,Gastric cancer,miR-770-5p
Circ_0025033,Ovarian cancer,miR-184
Circ0120816,Esophageal squamous cell carcinoma,miR-1305
hsa_circ_0014235,Lung cancer,miR-520a-5p
CircSMYD4,Hepatocellular carcinoma,miR-584-5p
Circ_0015756,Ovarian cancer,miR-942-5p
Circ-EEF2,Epithelial ovarian cancer,miR-6881-3p
circPLK1,Breast cancer,miR-4500
CircADAMTS6,Chondrocyte apoptosis,miR-431-5p
Circ_0003998,Hepatocellular carcinoma,miR-218-5p
hsa_circ_0001829,Gastric cancer,miR-155-5p
CircCDKN2B-AS1,Cervical cancer,unknown
CircLRRK1,Preeclampsia,miR-223-3p
hsa_circ_104348,Hepatocellular carcinoma,miR-187-3p
circEYA1,Cervical adenocarcinoma,miR-582-3p
circRASGRF2,Hepatocellular carcinoma,miR-1224
Circ-03955,Osteosarcoma,miR-3662
Circ_100984,Bladder cancer,miR-432-3p
circRNA_0000392,Colorectal cancer,miR-193a-5p
hsa_circ_0008003,Non-small cell lung cancer,miR-488
CircDUSP16,Esophageal squamous cell carcinoma,miR-497-5p
Circular RNA 0001313,Non-small cell lung cancer,miR-452
hsa_circ_0001766,Oral squamous cell carcinoma,miR-877-3p
CircASH2L,Ovarian cancer,miR-665
circ_SETD2,Breast cancer,miR-155-5p
hsa_circ_0007121,Preeclampsia,miR-182-5p
circ_0000034,Retinoblastoma,miR-361-3p
hsa_circ_0004050,Non-small cell lung cancer,unknown
Circ-CCS,Lung cancer,miR-383
circRNA-SORE,Hepatocellular carcinoma,unknown
Hsa_circ_0046263,Non-small cell lung cancer,miR-940
circ-PRKDC,Colorectal cancer,miR-198
circPVT1,Hepatocellular carcinoma,miR-377
circ_DROSHA,Temporal lobe epilepsy,miR-106b-5p
CircASPH,Polycystic ovary syndrome,miR-375
circ-ARL3,Hepatitis B,miR-1305
circPHIP,Oral squamous cell carcinoma,miR-142-5p
hsa_circ_0000714,Ovarian cancer,miR-370-3p
circBICD2,Oral squamous cell carcinoma,miR-149-5p
circRNA-100284,Bladder cancer,miR-217
Circ_0001247,Cervical cancer,miR-1270
Circ_PGPEP1,Gastric cancer,miR-1297
Circular PVT1,Ovarian cancer,miR-149-5p
CircDLC1,Hepatocellular carcinoma,unknown
circ-ZDHHC5,Esophageal squamous cell carcinoma,miR-217
Circ_0061012,Psoriasis,miR-194-5p
CircNOL10,Breast cancer,miR-767-5p
circLMO7,Gastric cancer,miR-30a-3p
circRBM33,Cervical cancer,miR-758-3p
circHIPK3,Cardiac hypertrophy,miR-185-3p
Circ-DNMT1,Breast cancer,miR-485-3p
circ_0061395,Hepatocellular carcinoma,miR-877-5p
circ-CCDC66 ,Cervical cancer,miR-452-5p
Circ_0001175,Hepatocellular carcinoma,miR-130a-5p
circGSE1,Cervical cancer,miR-138-5p
CircSKA3,Medulloblastoma,miR-383-5p
circ_101341,Clear cell renal cell carcinoma,miR-411
CircWHSC1 ,Hepatocellular carcinoma,miR-142-3p
Circ-FOXM1,Non-small cell lung cancer,miR-149-5p
CircPIP5K1A,Glioma,miR-515-5p
circ-TRPS1,Prostate cancer,miR-124-3p
circCSNK1G1,Osteoarthritis,miR‑4428
circHIPK3,Osteosarcoma,miR‑637
hsa_circ_0044516,Gastric cancer,miR-149-5p
hsa_circ_0003391,Alzheimer's disease,unknown
hsa_circ_0000735,Bladder cancer,miR-502-5p
circARNT2,Hepatocellular carcinoma,miR-155-5p
circ-DCUN1D4,Lung adenocarcinoma,unknown
circRNA_000864,Pancreatic cancer,miR-361-3p
circRNA_25487,Trauma-induced osteonecrosis of femoral head,miR-134-3p
hsa_circ_0068888,Acute kidney injury,miR-21–5p
circPTPN22,Gastric cancer,unknown
hsa_circ_0005795,Basal cell carcinoma,miR-1231
circZFR,Hepatocellular carcinoma,miR-375
circ_ITCH,Hepatocellular carcinoma,miR-421
hsa_circ_0081001,Osteosarcoma,miR-494-3p
hsa_circ_0123190,Lupus nephritis,hsa-miR-483-3p
hsa_circ_0005273,Breast cancer,miR-200a-3p
circ_0000231,Atherosclerosis,miR-135a-5p
hsa_circ_0030018,Glioma,miR-1297
circ_0006404,Prostate cancer,miR-1299
circ_0007444,Ovarian cancer,miR-570-3p
circ_0020123,Non-small cell lung cancer,miR-384
circPCNX,Cervical carcinoma,unknown
circPVT1,Gastric cancer,miR-152-3p
hsa_circ_0043278,Breast cancer,unknown
hsa_circ_0004104,Gastric cancer,miR-539-3p
circNEK9,Gastric cancer,miR-409-3p
circPVT1,Clear cell renal cell carcinoma,miR-145-5p
circ_SMAD4,Gastric cancer,miR-1276
circZNF609,Lung cancer,miR-142-3p
circSDHC,Renal cell carcinoma,miR-127-3p
circFANCA,Sepsis,miR-93-5p
circEIF6,Pancreatic cancer,miR-557
hsa_circ_0000554,Esophageal cancer,miR-485-5p
CircPUM1,Clear cell renal cell carcinoma,miR-340-5p
circ_0008274,Papillary thyroid carcinoma,miR-154-3p
hsa_circ_0001073,Lung cancer,miR-626
circRUNX1,Papillary thyroid carcinoma,miR-296-3p
circNINL,Breast cancer,miR-921
circGFRA1,Breast cancer,miR-361-5p
CircCAMSAP1,Hepatocellular carcinoma,miR-1294
Hsa_circ_0006571,Lung adenocarcinoma,miR-138
circNOLC1,Prostate cancer,miR-647
Hsa_circ_0010235,Non-small cell lung cancer,miR-433-3p
Circ_0081146,Gastric cancer,miR-144
circ-ITCH,Gastric cancer,unknown
circFLNA,Lung cancer,miR-486-3p
CircSKA3,Glioblastoma,miR-1
circRNA_141539,Esophageal squamous cell carcinoma,miR-4469
Circ_0105346,Osteosarcoma,miR-1182
circ-ERBB2,Lung cancer,miR-7-5p
CircMTO1,Osteosarcoma,miR-630
hsa_circ_0071036,Pancreatic cancer,miR-489
Circ_0003998,Non-small cell lung cancer,miR-136-5p
circAKT3,Esophageal cancer,miR-17-5p
circPHC3,Ischemic stroke,miR-455-5p
circSEC24A,Cutaneous squamous cell carcinoma,miR-1193
circGLIS3,Lung cancer,miR-644a
circPARP4,Glioma,miR-125a-5p
Circ0083429,Osteoarthritis,miR-346
circ_0089153,Ameloblastoma,miR-608
CircTM7SF3,Atherosclerosis,miR-206
CircNR3C2,Breast cancer,miR-513a-3p
hsa_circ_0009172,Gastric cancer,miR-485-3p
circCDYL,Lung cancer,miR-185-5p
Circ_0035483,Renal cell carcinoma,miR-31-5p
Circ_0031242,Hepatoma,miR-924
circEPSTI1,Cervical cancer,"miR-375, 409-3P, 515-5p"
Hsa_circ_0025202,Breast cancer,miR-197-3p
Circ‑TOP2A,Glioma,miR‑346
circRNA_0000429,Non-small cell lung cancer,miR-1197
circEHBP1,Bladder cancer,miR-130a-3p
circANKIB1,Osteosarcoma,miR-217
hsa_circ_0007534,Osteosarcoma,miR-219a-5p
circ_NOTCH3,Breast Carcinoma,miR-205-5p
circANKS1B,Prostate cancer,miR-152-3p
hsa_circ_0000735,Non-small cell lung cancer,miR-635
circHECTD1,Glioma,miR-296-3p
circRNA_000684,Pancreatic ductal adenocarcinoma,miR-145
circST6GALNAC6,Bladder cancer,miR-200a-3p
Circ-AASDH,Lung adenocarcinoma,miR-140-3p
circ_PIP5K1A,Non-small cell lung cancer,miR-101
circRNA ZNF609,Non-small cell lung cancer,miR-623
CircUSP36,Atherosclerosis,miR-20a-5p
Circ_0119872,Uveal melanoma,miR-622
circARPP21,Hepatocellular carcinoma,miR-543
circ-PGAP3,Cervical cancer,miR-769-5p
circ_0115744,Colorectal cancer,miR-144
Circ_0004872,Atherosclerosis,miR-513a-5p
CDR1as,Pancreatic cancer,miR-432-5p
circ_0014717,Hepatocellular carcinoma,miR-668-3p
circular RNA Ttc3,Kidney injury,miR-148a
circYY1,Breast cancer,miR-769-3p
Circ_0056285,Osteosarcoma,miR-1244
CircGDI2,Oral squamous cell carcinoma,miR-454-3p
circFOXM1,Hepatocellular carcinoma,miR-1324
circPSD3,Hepatocellular carcinoma,miR-92b-3p
circRBPMS,Bladder cancer,miR-330-3p
circSETDB1,Lung adenocarcinoma,miR-7
circEIF4G2,Diabetic nephropathy,miR-218
CircAGAP1,Clear cell renal cell carcinoma,miR-15-5p
circVAPA,Non-small cell lung cancer,miR-876-5p
hsa_circ_0002137,Osteosarcoma,miR-433-3p
circular RNA_0004674,Oral squamous cell carcinoma,miR-377-3p
hsa_circ_0003489,Multiple myeloma,miR-874-3p
circDNM3OS,Cholangiocarcinoma,miR-145-5p
Circ_0006174,Colorectal cancer,miR-138-5p
Circ_0000527,Retinoblastoma,miR-98-5p
circ_0006948,Esophageal carcinoma,miR-4262
CircKIF2A,Neuroblastoma,miR-129-5p
CircMMP11,Breast cancer,miR-625-5p
Circ_0020123,Non-small cell lung cancer,miR-142-3p
circRNA_PDHX,Prostate cancer,miR-378a-3p
circRAD23B,Colorectal cancer,miR-1205
circPDE5A,Neuroblastoma,miR-362-5p
circPKNOX1,Intervertebral disc disease,miR-370-3p
circRAB11FIP1,Ovarian cancer,miR-129
circCTNNA1,Colorectal cancer,miR-363-3p
circVAPA,Gastric cancer,miR-125b-5p
circRNA-FoxO1,Myopia,miR-145
CircWAC,Triple negative breast cancer,miR-142
hsa_circ_0006859,Postmenopausal osteoporosis,miR-431-5p
circ_0079593,Malignant melanoma,miR-573
circ_0000003,Tongue squamous cell carcinoma,miR-330-3p
circ_0000511,Breast cancer,miR-326
circ-0000212,Colorectal cancer,miR-491
circRNA-0006896,Atherosclerosis,miR1264
circBRAF,Glioma,miR-1290
circUBAP2,Osteosarcoma,miR-204-3p
circ-AFF2,Rheumatoid arthritis,miR-650
circSPATA6,Oral squamous cell carcinoma,miR-182
circCLK3,Tongue squamous cell carcinoma,miR-455-5p
circCUX1,Neuroblastoma,miR-338-3p
circGLIS3,Bladder cancer,miR-1273f
circROBO2,Acute myocardial infarction,miR-1184
circSOX4,Hepatocellular carcinoma,miR-432
circPRKCI,Lung adenocarcinoma,miR-219a-5p
circ_0008928,Non-small cell lung cancer,miR-488
circCSPP1,Colorectal cancer,miR-944
circ-LAMP1,Cholangiocarcinoma,"miR-556-5p, miR-567"
circ-IQGAP1,Osteoarthritis,miR-671-5p
circ-NOTCH1,Nasopharyngeal carcinoma,miR-34c-5p
circ_0021093,Hepatocellular carcinoma,miR-432
hsa_circ_0099198,Retinoblastoma,miR-1287
circRNA_0000094,T cell acute lymphoblastic leukemia,miR-223-3p
circHIPK3,Gastric cancer,miR-637
circPostn,Myocardial injury,miR-96-5p
circ-PRKCA,Non-small cell lung cancer,miR-384
circ_0000467,Colorectal cancer,miR-382-5p
circTP63,Hepatocellular carcinoma,miR-155-5p
circ_DOCK1,Colorectal cancer,miR-132-3p
circRHOT1,Breast cancer,miR-106a-5p
circ_0074027,Non-small cell lung cancer,miR-2467-3p
hsa_circ_000425,Colorectal cancer,"miR-17, miR-106b"
hsa_circ_0131235,Alzheimer's disease,unknown
circTRAPPC6B,Tuberculosis,miR-874-3p
circMAP2K4,Hepatocellular carcinoma,miR-139-5p
circ_0085289,Periodontitis,miR-NC
circ-RNF13,Hepatocellular carcinoma,miR-424-5p
circHIF1A,Triple negative breast cancer,miR-149-5p
circ-KIAA0907,Oral squamous cell carcinoma,miR-96-5p
circ-PRKCI,Papillary thyroid carcinoma,miR-335
circ_0057558,Prostate cancer,miR-206
circ_0003420,Sepsis-induced liver damage,unknown
circAFF2,Gastric cancer,miR-6894-5p
circ_0000338,Colorectal cancer,"miR-217, miR-485-3p"
circ-PITX1,Non-small cell lung cancer,miR-1248
circRNA_101996 ,Cervical cancer,miR-1236-3p
hsa_circ_0002162,Tongue squamous cell carcinoma,miR-33a-5p
circFAM73A,Gastric cancer,miR-490-3p
hsa_circ_0015326,Ovarian cancer,miR-127-3p
circ_0005927,Colorectal cancer,miR-942-5p
circ-ZNF609,Cervical cancer,miR-197-3p
circ_0006892,Chronic obstructive pulmonary disease,miR-24
circ_0000326,Cervical cancer,miR-338-3p
circ_CELSR1,Ovarian cancer,miR-149-5p
circ_0005774,Acute myeloid leukemia,miR-192-5p
Circ-HIPK3,Oral squamous cell carcinoma,miR-381-3p
circVRK1,Preeclampsia,miR-221-3p
CircSPI1,Acute myeloid leukemia,"miR-1307-3p, miR-382-5p, miR-767-5p"
circSMARCA5,Colon cancer,miR-552
CircNEIL3,Pancreatic ductal adenocarcinoma,miR-432-5p
circSEC24A,Osteoarthritis,miR-142-5p
Circ_0023028,Laryngeal squamous cell carcinoma,miR-486-3p
cirRNA_0074027,Colorectal cancer,miR‑525‑3p
circ‑CCT3,Hepatocellular carcinoma,miR‑1287‑5p
circ‑ABCB10,Epithelial ovarian cancer,miR‑1271
hsa_circ_0001666,Papillary thyroid carcinoma,"miR‑330‑5p, miR‑193a‑5p, miR‑326"
circPITX1,Glioblastoma,miR-584-5p
circSETD3,Lung cancer,miR-520h
circRNA PPP1CC,Atherosclerosis,"miR-103a-3p, miR-107"
circRUNX1,Colorectal cancer,miR-485-5p
Circ_HIPK3,Spinal cord injury,miR-222-3p
Circ-KRT6C,Colorectal cancer,miR-485-3p
circ-SKA3,Medulloblastoma,miR-326
circ-ASPH,Glioma,miR-599
CircCHST15,Lung cancer,"miR-155-5p, miR-194-5p"
circKLHL24,Breast cancer,miR-1204
hsa_circ_0009035,Cervical cancer,miR-889-3p
hsa_circ_0005397,Hepatocellular carcinoma,miR-326
circEXOC7,Renal cell carcinoma,miR-149-3p
circSOBP,Prostate cancer,miR-141-3p
hsa_circ_0032463,Osteosarcoma,miR‑330‑3p
hsa_circ_0008035,Bladder cancer,hsa-miR-107
hsa_circ_0028173,Bladder cancer,hsa-miR-338-3p
circ_0000629,Bladder cancer,miR-1290
circ_0071589,Colorectal cancer,miR-526b-3p
CircABCC3,Glioblastoma,miR-770-5p
CircSAMD4A,Osteosarcoma,miR-218-5p
Circ_0091579,Hepatocellular carcinoma,miR-1287
Circ_GRN,Atherosclerosis,miR-214-3p
CircFAT1,Cervical cancer,miR-409-3p
circ-PTEN,Non-small cell lung cancer,"miR-155, miR-330-3p"
hsa_circ_0001610,Endometrial carcinoma,miR-646
hsa_circ_101555,Hepatocellular carcinoma,miR-145-5p
Circ-MBOAT2,Pancreatic cancer,miR-433-3p
CircEPB41L2,Hepatocellular carcinoma,miR-590-5p
circCCDC66,Thyroid cancer,miR-211-5p
circRNA_100395,Gastric cancer,miR-142-3p
CircATP5SL,Haemangiomas,miR-873-5p
circ_0092314,Pancreatic cancer,miR-671
Circ_0093887,Atherosclerosis,miR-876-3p
Circ-E2F3,Retinoblastoma,miR-204-5p
Circ_0116061,Osteoarthritis,miR-200b-3p
has_circ-000881,Lung adenocarcinoma,miR-665
circ_0004136,Acute myeloid leukemia,miR-570-3p
Circ-OSBPL2,Chronic obstructive pulmonary disease,miR-193a-5p
circ-OGDH,Esophageal squamous cell carcinoma,miR-615-5p
Circ_0001806,Non-small cell lung cancer,miR-1182
hsa_circ_0000700,Esophageal squamous cell carcinoma,miR-1229
hsa_circ_0003288,Hepatocellular carcinoma,miR-145
circATP5B,Glioma,miR-185-5p
hsa_circ_0072309,Non-small cell lung cancer,miR-607
hsa_circ_0058357,Non-small cell lung cancer,hsa‑miR‑24‑3p
circ_LRIG3,Hepatocellular carcinoma,miR-449a
Circ_0055625,Colon cancer,miR-338-3p
Circ_0006168,Esophageal squamous cell carcinoma,miR-516b-5p
circFAT1,Non-small cell lung cancer,miR-30e-5p
circTRAF3,Nasopharyngeal carcinoma,miR-203a-3p
circFBXW7,Lung adenocarcinoma,miR-942-5p
hsa_circ_0110102,Hepatocellular carcinoma,miR-580-5p
circE2F2,Ovarian cancer,unknown
