circRNA,miRNA
hsa_circ_0025033,miR-3619-5p
circ_0095812,miR-1236
hsa_circ_0018508,hsa-miR-663b
circ_0007142,miR-103a-2-5p
circErbB4,miR-29a-5p
hsa_circ_0000284/circHIPK3,miR-124
hsa_circ_0025202,miR-182-5p
hsa_circ_0005962,hsa-miR-626
hsa_circ_0087378,miR-1260b
hsa_circ_0091579,miR-219-5p
hsa_circ_0001724,miR-106b
circ_0001742,miR-634
hsa_circ_0025367,miR-3137
hsa_circ_0006117,miR-636
Circ-KRT6C,miR-485-3p
circ_0008305,miR-200b-3p
hsa_circ_0004680,hsa-miR-143-3p
circ_0005774,miR-192-5p
hsa_circ_0008131,hsa-miR-149-5p
hsa_circ_0024108,miR-670-5p
hsa_circ_0088452,miR-877-3p
circRNA-101368,miR-200a
circRNA_0000392,miR-193a-5p
hsa_circ_0079586,miR-183-5p
hsa_circ_0013339,miR-29c
hsa_circ_0046263,miR-133a-5p
circ_0000467,miR-382-5p
CircNFIX,miR-34a-5p
circ_0084927,miR-634
hsa_circ_0051239,hsa-miR-3162-5p
circRPMS1,miR-203
hsa_circ_0002320,miR-367-5p
hsa_circ_0000231,miR-502-5p
hsa_circ_0035431,miR-130a-3p
hsa_circ_0003204,miR-370-3p
circ_0020123,miR-590-5p
CircFOXP1,miR-33a-5p
hsa_circ_0004771,miR-653
circRUNX1,miR-296-3p
Circ-OSBPL2,miR-193a-5p
hsa_circ_0000520/hsa_circ_001846,hsa-miR-1233
hsa_circ_0003340,miR-564
hsa_circ_0022080,miR-876-3p
hsa_circ_0000234,miR-142-3p
SPECC1a,FMNL2
hsa_circ_0043497,miR-186-5p
circPDSS1,miR-16
circUBAP2,miR-339-5p
hsa_circRNA_091692,hsa-miR-4529-5p
circ_0003645,miR-1299
hsa_circRNA_102556,hsa-miR-764
hsa_circ_0001821,miR-149
circRNA‑CER,miR-136
circ_0007534,miR-219a-5p
hsa_circ_0008574,miR-3184-3p
hsa_circ_0007874,miR-6803-5p
hsa_circ_0025039,miR-198
circ_0000003,miR-330-3p
hsa_circ_0006916,miR-599
hsa_circ_0000268,miR-217
circ-RNF13,miR-424-5p
CircMMP11,miR-625-5p
hsa_circ_0024108,miR-6804-5p
hsa_circ_0004771,hsa-miR-629-3p
hsa_circ_0000567,miR-1538
circDENND4C,miR-200b
hsa_circ_0031242,miR-188-5p
hsa_circ_0055625,miR-106b-5p
circTRIM33-12,miR-191
hsa_circRNA_004183,hsa-miR-516b-3p
hsa_circ_0030018,miR-1205
hsa_circ_0058514,miR-370-3p
has_circ-0000994,miR-21
hsa_circ_0103809,miR-516a-5p
circ_UBXN7,miR-203a
circ-HIPK3,miR-338-3p
circRNA_004662,hsa-miR-208b-5p
Circ_0031242,miR-924
hsa_circ_0043634,hsa-miR-492
hsa_circ_0003288,miR-145
circ_0000215 ,miR-495-3p
hsa_circ_0007031/hsa_circ_0000504,hsa-miR-663b
hsa_circ_104268,hsa-miR-214-3p
hsa_circ_0041795,miR-646
hsa_circ_0020732,miR-665
hsa_circ_0050581,hsa-miR-4258
circ_0006404,FOXO3
hsa_circ_0008433,has-miR-449a
hsa_circ_0000284/circHIPK3,miR-512-5p
circRACGAP1 ,miR-144-5p
hsa_circ_0001955,miR-145-5p
hsa_circ_0008016,hsa-miR-412-3p
hsa_circ_0043634,hsa-miR-6861-3p
hsa_circ_0000615,miR-326
hsa_circ_0048856,hsa-miR-4279
hsa_circ_0001038,miR-337-3p
hsa_circ_0000408,miR-136-5p
hsa_circ_0061656,miR-449a
hsa_circ_0001953,miR-196a-5p
hsa_circ_0000745,miR-526b
circRNA_100269,miR-630
hsa_circ_0092509,miR-145-5p
circPARD3,miR-145-5p
hsa_circ_0023404,miR-136
circPDSS1,miR-186-5p
hsa_circ_0006404,ID-1
Circ-UBR1,miR-1299
hsa_circ_001654/hsa_circRNA_001654,miR-20a
hsa_circ_0004771,miR-1200
hsa_circ_0006404,miR-432-5p
hsa_circ_0080145,miR-326
hsa_circ_0026134,miR-1287
hsa_circ_0000140,miR-4638-3p
hsa_circ_0005758,miR-452-5p
hsa_circ_0000520,hsa-miR-521
hsa_circ_0025367,miR-516b-5p
circRNA-000425,miR-106
hsa_circ_0002142,miR-625-5p
circ_0005273,hsa-miR-450b-5p
hsa_circ_0005909,miR-936
hsa_circ_0086375,miR-486-5p
hsa_circ_0001283,miR-92a-1-5p
hsa_circ_0054652,miR-7160-5p
hsa_circ_0001946,miR-135b-5p
hsa_circ_0068888,miR-21–5p
hsa_circ_0048856,hsa-miR-8073
hsa_circ_0000284/circHIPK3,miR-876-5p
circ_ARF3,miR-1299
hsa_circ_000911,miR-19b
hsa_circ_0132980,miR-1287-5p
hsa_circ_0003391,miR-326
hsa_circ_0000177,miR-638
CircSPI1,miR-767-5p
circRNA_000684,miR-145
hsa_circ_0096157,miR-181
circ_0062019,miR-497
circUBAP2,miR-204-3p
hsa_circ_0043278,miR-302b-3p
hsa_circRNA_002131,hsa-miR-136-5p
hsa_circ_406697,hsa-miR-6742-5p
hsa_circ_0001766,miR-877-3p
circ_ASAP2,miR-770-5p
hsa_circRNA_004183,hsa-miR-6875-3p
hsa_circ_0044226,hsa_miR-532-5p
hsa_circ_0001821,miR-4755-5p
hsa_circ_0092222,miR-5590-5p
hsa_circRNA_091692,hsa-miR-876-3p
hsa_circRNA_101873,miR-762
circ_0006404,miR-143-3p
hsa_circ_009755,has-miR-29a-5p
hsa_circ_0020123,miR-718
hsa_circ_0080145,miR-29b
hsa_circ_0000520,hsa-miR-1204
circ_0014717,miR-668-3p
hsa_circ_0032463,miR‑330‑3p
hsa_circ_0036722,miR-1250-5p
circ_0001971,miR-194
hsa_circ_0044556,miR-1252
ciRS-7,miR-671-5p
Circ_0008035,miR-599
CircAGFG1,miR-4262
hsa_circ_0003506,miR-1205
hsa_circ_0000096,miR-23a
hsa_circ_0001135,miR-182-5p
hsa_circ_0101308,miR-26a-5p
hsa_circ_0072995,miR-30c-2-3p
circHIPK3,miR-330-5p
hsa_circ_0008309,miR-382-5P
hsa_circ_0004372,miR-29-3p
hsa_circ_0057558,miR-6884
hsa_circ_0007334,miR-1271-5p
hsa_circ_0029426,miR-197
hsa_circ_0069234,miR-7703
cir-ITCH,miR-128
hsa_circ_0079385,miR-499a-3p
hsa_circ_001569,miR-145
hsa_circ_0008433,has-miR-221-3p
Hsa_circ_0086996,miR-125b-5p
hsa_circ_0075001/circNPM1,miR-765
hsa_circ_0038467,miR-338-3p
hsa_circ_0005015,miR-519d-3p
circ0006916,miR-522-3p
hsa_circ_0008602,miR200c
hsa_circ_0099999,miR-335-5p
circ_0005230,miR-1299
hsa_circ_0001095,miR-9
circGFRA1,miR-149
circAtp9b,miR-27a
cTFRC,miR-107
circRNA ZNF609,miR-623
hsa_circ_0005986,miR-129-5p
hsa_circ_10072088,miR-455-3p
hsa_circ_0091570,hsa-miR-1307
circPITX1,miR-329-3p
hsa_circ_0001824,hsa-miR-143-5p
circCSNK1G1,miR‑4428
hsa_circ_0001725,miR-150-5p
hsa_circ_0000677,miR-145
CircCHST15,miR-194-5p
hsa_circ_0040039,hsa-miR-335-3p
hsa_circ_0024093,miR-21-5p
hsa_circ_0021553,hsa-miR-122-5p
hsa_circ_0119873,hsa-miR-92a-3p
hsa_circ_0011269,miR-122
circCER,miR-136
circPHIP,miR-142-5p
hsa_circ_0088452,miR-627-3p
hsa_circ_0084606,miR-130a-3p
hsa_circ_0007874,miR-9
hsa_circ_0019340,miR-542-3p
hsa_circ_0067934,miR-3680-3p
circRNA-000425,miR-17
hsa_circ_0001445,miR-620
circRNA_0000429,miR-1197
CircTM7SF3,miR-206
hsa_circ_0103552,miR-1236
CircLRRK1,miR-223-3p
hsa_circ_0001313,miR-338-3p
circFANCL,miR-337-3p
hsa_circ_0018508,hsa-miR-512-5p
hsa_circ_0001588,miR-524-3p
hsa_circ_0101432,miR-622
hsa_circ_0014130,hsa-miR-200c-5p
hsa_circ_0092315,hsa-miR-604
hsa_circ_0079385,miR-197-3p
hsa_circ_0054660,miR-6893-3p
hsa_circ_0092341/hsa_circ_0040039,hsa-miR-335-3p
hsa_circ_100721,miR‑196a‑5p
Circ_0006174,miR-138-5p
hsa_circ_0048856,hsa-miR-4691-5p
has_circ_0012129,miR-761
hsa_circ_0006835,miR-1306-3p
hsa_circRNA_14623,miR-30b-3p
hsa_circ_0092315,hsa-miR-361-3p
hsa_circ_0133159,miR-1261
circ_0084043,miR-429
circHIPK3,miR-10a-5p
circ_0063517,miR-31-5p
Circ_0004872,miR-513a-5p
hsa_circ_0002768,miR29a
hsa_circ_0084353,hsa-miR-1264
hsa_circ_0109291,miR-188-3p
circRNA_0000094,miR-223-3p
hsa_circ_0000284,miR-558
circ_MYO9B,Col1a2
circHIPK3,miR-107
hsa_circRNA_036186,miR-193b-3p
hsa_circ_0000700,hsa-miR-23a-5p
hsa_circ_0008433,hsa-miR-125a-5p
CircNOL10,miR-767-5p
hsa_circ_0078602,hsa-miR-3194-5p
hsa_circ_0032821,miR-515-5p
circRNA_PDHX,MiR-378a-3p
hsa_circ_100533,miR-933
circ_0072088,miR-532-3p
hsa_circ_0051239,hsa-miR-574-5p
hsa_circ_0091702,miR-302b-3p
hsa_circ_0000448,miR-330-3p
circ_0014130,miR-661
circ_0007059,miR-378
hsa_circ_0001785,hsa-miR-660-5p
hsa_circ_0081342,hsa-miR-497-5p
hsa_circ_0054660,miR-8064
circ_0007142,hsa-miR-376a-3p
hsa_circ_0054652,miR-514a-3p
circPKNOX1,miR-370-3p
hsa_circRNA_100918,hsa-miR-33b-5p
circPRMT5,miR-30c
hsa_circ_0001189/hsa_circ_001502,miR-646
circ_0072088,miR-1261
hsa_circ_0054657,miR-6503-5p
hsa_circ_0000520,hsa-miR-1233
circPRKCI,miR-545
hsa_circ_0078738,ARC
hsa_circ_0101802,hsa-miR-6833-3p
circRNF13,miR-1224-5p
circPVT1,miR-497
hsa_circ_0021553,hsa-miR-92a-2-5p
circ_0001178,miR-587
circSIPA1L1,miR-617
cir-ITCH,miR-214
hsa_circ_0004372,miR-873-5p
circRNA_10156,miR-149-3p
hsa_circ_0001821,miR-4420
hsa_circ_0002768,DNMT3B
hsa_circ_100242,miR-145
circRBPMS,miR-330-3p
circFGD4,miR-532-3p
hsa_circ_0007535,hsa_miR-630
ciRS-126,miR-21
hsa_circ_0008932,miR-765
circ_100395,miR-141-3p
hsa_circ_0060450,miR-199a-5p
hsa_circ_0000284,miR-522-3p
hsa_circ_0007385,miR-181
hsa_circ_0092222,miR-4659a-5p
hsa_circ_0001283,miR-626
hsa_circ_0000707,miR-607
hsa_circ_0001785/hsa_circ_001447,hsa-miR-452-3p
circ-LAMP1,miR-556-5p
hsa_circ_0015278,hsa-miR-588
circ_C16orf62,miR-421
hsa_circ_0076704,miR-214
Hsa_circ_0006571,miR-138
circ_0000285,miR-599
circTUBD1,miR-146a-5p
hsa_circ_0078738,miR-223
hsa_circ_0006935,hsa-miR-574-5p
hsa_circ_0005105,miR-26a
hsa_circ_0036722,miR-1301-3p
hsa_circ_0005230,miR-1238
hsa_circ_0007031/hsa_circ_0000504,hsa-miR-521
hsa_circ_0043949,hsa-miR-140-3p
circCCDC66,miR-93
hsa_circ_0005785,miR-578
hsa_circ_0001785,miR-942
hsa_circ_0001946,miR-876-5p
hsa_circRNA_102296,hsa-miR-449a
circRNA8840,hsa-miR-3154
hsa_circ_0002111,hsa-miR-329-5p
hsa_circ_0004846,miR-1244
hsa_circ_0005114,miR-142-3p
hsa_circ_0078602,hsa-miR-6787-5p
hsa_circ_0066444,miR-638
hsa_circ_0064557,hsa-miR-23b-3p
circSEC24A,miR-142-5p
circRPPH1,miR-556-5p
hsa_circ_0009910,miR-20a-5p
hsa_circ_0030045,miR-650
hsa_circ_0043800,miR-29a-3p
hsa_circ_0050581,hsa-miR-4641
circ_0008450,miR-431
hsa_circ_0000799,miR-31-5p
hsa_circ_0031594,miR-1299
hsa_circ_0023919,miR-1265
has_circ_0001492,miR-138-5p
hsa_circ_0000284,miR-30d-3p
hsa_circ_0014130,miR-1273a
hsa_circ_0031250,miR-498
hsa_circ_0001801,miR-224-5p
hsa_circRNA_014213,hsa-miR-6812-5p
hsa_circ_0047924,hsa-miR-204-3p
circRAD23B,miR-1205
circPSMC3,miR-296-5p
hsa_circ_0000615,miR-490-3p
circARID1A,miR-204-3p
circSCARB1,miR-510-5p
hsa_circ_0008433,hsa-miR-181c-5p
circRNA-100284,miR-217
hsa_circ_0045714,hsa-miR-148b-3p
hsa_circ_0001189,miR-136
hsa_circ_0063526,miR-877-3p
circ_101341,miR-411
hsa_circ_0061140,miR-149-5p
hsa_circ_0034398,hsa-miR-601
hsa_circ_0014130,miR-600
circ_0008274,miR-526b-5p
hsa_circ_0034398,hsa-miR-30b-3p
circ-SKA3,miR-326
hsa_circ_0001445,miR-432
hsa_circ_0050581,hsa-miR-652-3p
hsa_circ_0000869,miR-1268a
hsa_circ_0000520/hsa_circ_001846,miR-556-5p
hsa_circ_0054659,miR-6797-5p
hsa_circ_0024108,miR-185-3p
hsa_circ_0058063,miR-486-3p
hsa_circ_0000517,miR-1296-5p
hsa_circ_0018069,miR-3666
hsa_circ_0100129,miR-433
hsa_circ_0001204/hsa_circ_001409,miR-657
circITGA7,miR-198
Circ_0046599,miR-1258
hsa_circ_0001546,miR-421
hsa_circ_0000700/hsa_circRNA_001937,hsa-miR-125b-5p
hsa_circ_0001944,miR-548
hsa_circ_0105015,hsa-miR-637
circCRIM1 ,miR-432-5p
hsa_circ_0031250,miR-873-5p
hsa_circ_0001946,miR-135a
circ-Foxo3,miR-22
CircNRIP1,miR-211-5p
hsa_circ_0001240,miR-328
circPTCH1,miR-485-5p
hsa_circ_0008433,has-miR-449b-5p
hsa_circRNA_103571,hsa-miR-518c-5p
circSOX4,miR-432
circ‑ABCB10,miR‑1271
circITCH,miR-615-3p
hsa_circRNA_003251,hsa-miR-6805-5p
circPSMC3,miR-10a-5p
hsa_circ_0058147,miR-182-5p
circFBXW7,miR-942-5p
hsa_circ_0043469,miR-514a-5p
hsa_circ_0000700,hsa-miR-125a-3p
hsa_circ_0012919,miR-125a-3p
circRNA_104075,miR-582-3p
hsa_circ_0003391,miR-490-3p
circBC048201,miR-1184
hsa_circ_0003119,miR-33a
hsa_circ_0073237,miR-1183
hsa_circ_0000700,hsa-miR-18b-3p
hsa_circ_0000479,miR-4753
hsa_circ_0070616,hsa-miR-574-5p
circDENND4C,miR-760
hsa_circ_0006835,miR-149-5p
hsa_circ_0039411,miR-136-5p
circDOCK1,miR-124
hsa_circ_103809,miR-620
circARPP21,miR-543
hsa_circ_0000096,miR-29a-3p
circEPSTI1,miR-375
Circ_ASAP2,miR-33a-5p
hsa_circ_0055625,miR-106b
hsa_circ_0001859/hsa_circ_001783,miR-200c-3p
hsa_circ_101981,miR-145
hsa_circ_0007874,miR-6752-5p
hsa_circ_0006766,miR-29a-3p
hsa_circ_0088732,miR-939-5p
hsa_circ_0000284,miR-185
hsa_circ_0045602,miR-1248
hsa_circ_0000615,hsa-miR-5095
hsa_circ_0077179,miR-29b
cir-GLI2,miR-125b-5p
circGLIS3,miR-1273f
circ9119,miR-21
hsa_circ_0007294,miR-149
circ-ERBB2,miR-637
hsa_circ_0000517,miR-521
hsa_circ_0001283,miR-647
hsa_circ_100290,miR-378a
hsa_circ_0021087,hsa-miR-450b-3p
hsa_circ_0000426,miR-204-3p
hsa_circ_0088732,miR-6825-5p
hsa_circ_0088196,miR-100-5p
hsa_circ_0034803,miR-142-5p
hsa_circ_0001189,miR-665
circ_0115744,miR-144
hsa_circ_0000681/hsa_circ_001387,Slug
circPVT1,miR-29a-3p
hsa_circ_0047905,miR4516
hsa_circ_0023302,hsa-miR-765
hsa_circ_0029589,miR-424-5p
hsa_circ_0001283/hsa_circ_000939,miR-92a-1-5p
circVAPA,miR-377-3p
hsa_circ_0005075,miR-431
hsa_circ_0006168,miR-384
circ-ERBB2,miR-7-5p
hsa_circ_0000284,miR-512-5p
circHIPK3,miR-338-3p
circNELL2,miR-127-5p
circPTGR1,miR449a
hsa_circRNA_003524,miR-143-5p
hsa_circ_0079385,miR-489-3p
hsa_circ_0000567,hsa-miR-619-3p
hsa_circ_0013339,miR-516b
circ_0007841,miR-338-3p
hsa_circ_0007874,miR-4673
hsa_circ_0036722,miR-4474-3p
hsa_circ_0000515,miR-296-5p
hsa_circ_0067531,miR-328-5p
circGSE1,miR-138-5p
hsa_circ_0002453,miR-208a
hsa_circ_0000284,miR-579-3p
hsa_circRNA_004662,hsa-miR-4520-2-3p
circ_0000735,miR-1179
hsa_circ_0011946,miR-26b
hsa_circ_0038646,miR-331-3p
hsa_circ_0075001/circNPM1,miR-124-5p
hsa_circ_0001421,miR-376a
hsa_circ_0000284/circHIPK3,miR-1204
hsa_circ_0054660,miR-370-3p
circ-SHKBP1,miR-544a
circCNOT6L,miR-384
CircCFL1,miR-107
hsa_circ_0001785,hsa-miR-7-5p
hsa_circ_0064557,hsa-miR-619-3p
hsa_circ_0007031,hsa-miR-146b-3p
hsa_circRNA_000466,hsa-miR-607
circARHGAP10,miR-638
hsa_circ_0010283,miR‑370‑3p
hsa_circ_0076305,miR-1252
hsa_circ_0007031/hsa_circ_0000504,hsa-miR-1233
hsa_circRNA_103571,hsa-miR-29b-2-5p
hsa_circ_0058514,miR-203
hsa_circ_0000615,miR-491-5p
circRNA_100782,miR-124
hsa_circ_0092341/hsa_circ_0040039,hsa-miR-636
hsa_circ_0092221,miR-4776-3p
circHIPK3,miR-556-5p
cZNF292,hsa-miR-122-5p
hsa_circ_0000284/circHIPK3,miR-181a-2*
hsa_circ_0091579,miR-520c-3p
hsa_circ_0068515,miR-873-3p
hsa_circ_0001313,miR-488-3p
hsa_circRNA_100918,hsa-miR-148a-5p
circNRIP1,miR-505
hsa_circ_0004846,miR-138-5p
hsa_circ_0005075,miR‑432
hsa_circ_0001946,miR-641
hsa_circ_0000284,miR-876-5p
circMYLK,miR-195
circHIPK2,miR-124
hsa_circ_0000098,miR-141-5p
hsa_circ_0002485,miR340
hsa_circ_0000520/hsa_circ_001846,hsa-miR-1258
hsa_circ_0015278,hsa-miR-660-3p
hsa_circ_0075001/circNPM1,miR-665
circWDR77,miR-124
hsa_circ_0018508,hsa-miR-1296
circRPPH1,miR-326
circRACGAP1,miR-144-5p
circ_0006404,p53
circTRAPPC6B,miR-874-3p
hsa_circ_0002623,miR-605-3p
circ_0084927,miR-142-3p
hsa_circ_0000096,miR-450a
circSCAF11,miR-145-5p
circRNA_001937,hsa-miR-23a-5p
hsa_circ_0076979,miR-17-5p
hsa_circ_0000267,miR-646
hsa_circ_0001821,miR-29a-3p
hsa_circ_0007142,hsa-miR-376b-3p
circ_0008928,miR-326
hsa_circ_0000567,miR-615-5p
hsa_circ_0028883,hsa-miR-409-5p
has_circ_0001492,miR-125a-5p
hsa_circ_0001742,miR-338-3p
hsa_circ_0084353,hsa-miR-490-3p
hsa_circ_0000615,miR-422a
circHIPK3,miR-185-3p
hsa_circ_0001821,miR-670-5p
hsa_circ_0004798,miR-130a-3p
hsa_circ_0002577,miR-197
circTRAF3,miR-203a-3p
hsa_circ_0002980,hsa-miR-142-5p
cir-ITCH,miR-224
circ_0074027,miR-2467-3p
hsa_circ_0076248,miR-181a
hsa_circ_0000517,MiR-326
hsa_circ_0044516,miR-149-5p
circPOSTN,miR-361-5p
circRNA_001937,miR‑597‑3p
circ-ASPH,miR-599
hsa_circRNA_14623,miR-765
hsa_circ_0007874,miR-6751-5p
hsa_circ_0005692,miR-328-5p
hsa_circ_0136959,miR-361-5p
hsa_circ_100290,miR-203
hsa_circ_0091074,miR‑1297
circ_0007534,miR-613
hsa_circ_0000615,hsa-miR-6807-3p
chr19:16705875-16710941,miR-130a-3p
hsa_circ_0087862,hsa-miR-138-5p
hsa_circ_0061052,miR-515-5p
circ-ERBB2,miR503
hsa_circ_0000140,miR-195-5p
circ_0001178,miR-382
hsa_circ_0001649,miR-4688
hsa_circ_0058357,hsa‑miR‑24‑3p
hsa_circ_0141539,miR-519-5p
hsa_circ_0075001/circNPM1,miR-193b-5p
circATRNL1,miR-23a-3p
circHIAT1,miR-21
hsa_circ_0008035,miR-375
circ-IARS,miR-122
CDR1as,miR-7-5p
hsa_circ_0081342,hsa-miR-545-3p
cZNF292,hsa-miR-92a-2-5p
hsa_circ_0036722,miR-6762-5p
CircPSMC3,miR-296-5p
circHIPK3,miR-30a-3p
Circ-MBOAT2,miR-433-3p
hsa_circ_0000284/circHIPK3,miR-193a-3p
hsa_circ_0006101,miR-19a
hsa_circ_0008932,miR-6797-5p
hsa_circ_0036722,miR-6880-5p
hsa_circ_22824,hsa-miR-363-5p
hsa_circ_0079662,hsa-miR-324-5p
hsa_circ_0001821,miR‑125b
hsa_circ_0003391,miR-422a
hsa_circ_0023302,hsa-miR-6731-5p
circRNA8840,hsa-miR-518c-5p
circRNA_4675,hsa-miR-636
hsa_circ_0067103,hsa-miR-144-5p
hsa_circ_0000527,miR-646
CDR1as,miR-219a-5p
circRNA-0044073,miR‑107
cir-ZNF609,miR-150-5p
circRNA_000543,miR-9
hsa_circ_0027089,miR-144
circRNA_001287,miR-144
Circ_0093887,miR-876-3p
hsa_circ_0072387/hsa_circRNA_103829,miR-503-5p
hsa_circ_0008016,hsa-miR-196b-3p
hsa_circ_0004587,miR-3607-5p
hsa_circRNA_101873,miR-301a-5p
circ_0000735,miR-7
circPDE5A,miR-362-5p
hsa_circ_0007374,miR-103a-3p
circ_0089153,miR-608
hsa_circ_0039388,miR-637
hsa_circ_0000520/hsa_circ_001846,hsa-miR-663b
hsa_circ_0067934,miR-1182
hsa_circ_0040039,hsa-miR-15a-5p
circ_0074027,miR-185-3p
hsa_circ_0084927,miR-93-5p
hsa_circ_0007874,miR-760
hsa_circ_0024108,miR-4755-5p
hsa_circ_0025033,miR-1304-5p
hsa_circ_0000479,miR-6809
hsa_circ_0030569,miR-584-3p
circ_0014130,miR-1287
hsa_circ_0001821,miR-7108-5p
hsa_circ_0000615,miR-150-5p
hsa_circ_103809,miR-101-3p
hsa_circ_0059354,miR-1178
hsa_circ_0043632,hsa-miR-492
circ_0000735,miR-635
circHIPK3,miR-584
CircAGFG1,miR-185-5p
hsa_circ_0001649,miR-612
circ_USP9Y,hsa-miR-23a-5p
hsa_circ_0000098,miR-500a-5p
hsa_circ_0018069,miR-23c
hsa_circ_0001283/hsa_circ_000939,miR-626
circRNA-000911,miR-449a
hsa_circRNA_004183,hsa-miR-7162-5p
circPVT1,miR-204-5p
hsa_circ_0079385,miR-1271-3p
hsa_circ_0127621,miR-888
hsa_circ_0072088,miR-377-5p
hsa_circ_0054660,miR-3692-5p
hsa_circ_0007031,miR-760
hsa_circ_0002211,hsa-miR-21-5p
hsa_circ_00026,miR-605-3p
circRNA_004662,hsa-miR-4520-2-3p
circ_0084927,miR-93-5p
hsa_circ_0002360,hsa-miR-3620-5p
hsa_circ_10072088,miR-876-5p
circEIF4G2,miR-218
CircITCH,miR-330-5p
hsa_circ_0054537,miR-130a-3p
hsa_circ_102533,miR-181b-2-3p
hsa_circ_0000284/circHIPK3,miR-106a-3p
hsa_circ_0007534,miR-593
has-circRNA_0046367,miR-34a
circ_0004136,miR-570-3p
hsa_circ_0008932,miR-4663
hsa_circ_0008003,miR-488
hsa_circ_0007031,miR-30b
circ_0003645,miR-139-3p
hsa_circ_0005538,miR-141
circ_0008450,miR-214-3p
Circ_0116061,miR-200b-3p
circ-ITGA7,miR-3187-3p
circ_0006948,miR-4262
circ_0000218,miR-139−3p
circ_EPB41L2,miR-211-5p
circRNA_001937,hsa-miR-125a-3p
circ-ABCB10,miR-620
CircKIF2A,miR-129-5p
hsa_circ_0001819,miR-455-3p
hsa_circ_0004277,miR-512-5p
CircNR3C2,miR-513a-3p
hsa_circ_0043949,hsa-miR-6783-3p
circ-PVT1,miR-124-3p
circ_0000285,miR-409-3p
hsa_circ_0005046,hsa-miR-595
hsa_circ_0000320,miR-421
hsa_circ_0001135,miR-135b-3p
hsa_circRNA_100918,hsa-miR-502-5p
hsa_circ_0000896,miR-330-5p
CircCDH13,miR-296-3p
hsa_circ_0072309,miR-607
hsa_circRNA_014213,hsa-miR-608
cir-ITCH,miR-17
circ_0000231,miR-502-5p
hsa_circ_0001649,miR-331-3p
circHIPK3,miR-221-3p
hsa_circ_0001568,miR-377
circRAD23B,miR-5095
circ_0091581,miR-591
hsa_circ_0005100,miR-1238
hsa_circ_0033144,hsa-miR-588
hsa_circ_0001204/hsa_circ_001409,miR-612
hsa_circ_0000677,miR-432-5p
hsa_circ_0008225,miR-890
hsa_circRNA_405571,hsa-miR-302b-3p
circ_0067934,miR-589
circ-PITX1,miR-1248
circEIF6,miR-557
circCORO1C,let-7c-5p
hsa_circ_0000677,miR-411-5p
hsa_circ_0001821,miR-204-5p
hsa_circ_0007255,1231
circ-HIPK2,miR-124-3p
hsa_circ_0091579,miR-1271
hsa_circ_0005273,hsa-miR-19b-2-5p
hsa_circ_0001564,miR-29c-3p
hsa_circ_0013509,miR-124
circMAN2B2,miR-1275
hsa_circ_0083444,hsa-miR-622
circPCNX,miR-153
hsa_circ_0072758,miR-493-5p
hsa_circ_0000657,miR-99a-5p
circITCH,miR-17-5p
circ102049,miR-761
hsa_circRNA_102296,hsa-miR-34c-5p
circRNA_036186,miR-193b-3p
circHIPK3,miR-379
circ_0067934,miR-1324
circ-HECTD1,miR-133b
hsa_circ_0001819,miR-661
circHIPK3,miR-29b
cir-ITCH,miR-20a
circBRAF,miR-1290
hsa_circ_0000284,miR-30b-3p
circ_0071589,miR-526b-3p
hsa_circ_0087378,miR-140-3p
CircRIMS,miR-218-5p
hsa_circ_0014130,miR-661
hsa_circRNA_100323,CDK6
hsa_circ_0000140,miR-29c-3p
circ-NOTCH1,miR-449c-5p
hsa_circ_0008131,hsa-miR-329-5p
hsa_circ_0004383/cZNF292,hsa-miR-493-5p
hsa_circ_0058124,miR-940
hsa_circ_0024108,miR-4420
hsa_circ_0014130,miR-671-5p
hsa_circ_0000284,miR-637
hsa_circ_0001178,miR-382
hsa_circRNA_003251,hsa-miR-761
circ_0007142,hsa-miR-576-3p
hsa_circ_0018508,miR-556-5p
circDENND4C,miR-200c
hsa_circ_0137439,miR-142-5p
hsa_circ_0044516,miR-149
NFATC3,hsa-miR-329-5p
hsa_circ_0100929,miR-375
hsa_circ_0000520,hsa-miR-1258
hsa_circ_400068,miR‑210‑5p
circ_0006404,ID-1
hsa_circ_0003855,miR-145-5p
Circ-DENND4C,miR-195-5p
hsa_circ_0005963,miR-122
hsa_circ_0067934,miR-186-5p
circ-FAM53B,miR‑647
circ_USP9Y,hsa-miR-125a-3p
hsa_circ_0088483,miR-370-3p
circRNA_0000638,miR-498–5p
circ_0000388,miR-337-3p
hsa_circ_0028173,hsa-miR-142-5p
hsa_circ_0000517,miR-663b
hsa_circ_0132876,miR-204-5p
hsa_circ_0132266,hsa-miR-337-3p
circRNA_1837,miR-328
has_circ_0010283,miR-133a-3p
hsa_circ_0000372,miR-485-5p
circ_0006404,miR-1299
circZNF652,miR-181a
hsa_circ_0014130,hsa-miR-493-5p
circSPATA6,miR-182
hsa_circ_0001821,let-7b
hsa_circ_000425,miR-17
circ_0008928,miR-488
hsa_circ_0005571,hsa-miR-371a-5p
circEPSTI1,515-5p
hsa_circ_0139402,miR-885-3p
hsa_circ_0092315,hsa-miR-494-3p
hsa_circ_0000043,miR-1271-5p
hsa_circ_0006948,miR-490-3p
circRNA_141539,miR-4469
hsa_circ_0060144,miR-643
hsa_circ_0008274,miR-526b-5p
hsa_circ_0006916,miR-1322
circ_0079593,miR-499a-5p
hsa_circ_0023858,miR-324-5p
circPVT1,miR-3666
hsa_circ_0000740,miR-489-3p
CircHECTD1,miR-485-5p
hsa_circ_0000517,miR-556-5p
hsa_circ_0000284,miR-1278
hsa_circ_406557,miR-145
circ-PRKCI,miR-335
hsa_circ_0003949,miR-145-5p
circ_0020394,miR-328-3p
hsa_circ_0005273,miR-330-5p
hsa_circ_0060144,miR-616-3p
hsa_circ_0006393,miR‑145‑5p
circ_0071662,miR-146b-3p
circOSBPL10,miR-1179
has_circ-0072309,miR-100
hsa_circ_0024097,miR-376b-3p
CircWHSC1 ,miR-142-3p
hsa_circ_0132246,miR-433-3p
hsa_circRNA_005019,hsa-miR-1306-5p
hsa_circ_0000673,miR-767-3p
hsa_circ_0128332,miR-615-5p
hsa_circ_0009035,miR-889-3p
hsa_circ_0072391,miR‑34a‑5p
hsa_circ_0000700,hsa-miR-670-5p
hsa_circ_0007031/hsa_circ_0000504,miR-556-5p
hsa_circ_0001189,miR-636
hsa_circ_0074027,miR-518a-5p
circ-0001801,miR-628-5p
hsa_circ_0000520/hsa_circ_001846,hsa-miR-512-5p
circRNA_0000140,miR-31
hsa_circ_0007294,miR-148a-3p
hsa_circ_103047,miR-7
circ_MYO9B,Col3a1
BCRC-3,miR-182-5p
hsa_circ_0030045,miR-605-3p
hsa_circ_0007374,miR-640
hsa_circ_0006404,p53
hsa_circ_0004619,hsa-miR-298
circFOXK2,miR-942
circ-PRKCI,miR-545
hsa_circ_100395,miR-141-3p
hsa_circ_0044520,hsa-miR-4726-5p
hsa_circ_0039053,miR-637
circ_SETD2,miR-155-5p
hsa_circ_0008309,miR-515-5p
hsa_circ_0000520,hsa-miR-663b
CircATP2B4,miR-223
hsa_circRNA_004183,hsa-miR-516a-3p
hsa_circ_0001283/hsa_circ_000939,miR-660-3p
hsa_circ_0081342,hsa-miR-335-3p
hsa_circ_0011385,miR-361-3p
hsa_circ_0058106,miR-185-3p
hsa_circ_0000284,miR-1204
hsa_circ_0006990,miR-130a-5p
hsa_circ_0007534,miR-761
circ_0102049,miR-1304-5p
hsa_circ_0003489,miR-874-3p
hsa_circ_0043278,miR-638
hsa_circ_0005273,hsa-miR-329-5p
hsa_circ_0039943,miR-143
hsa_circ_0009065,miR-34b-5p
hsa_circ_0119873,hsa-miR-204-3p
CircNFIX,miR-132
hsa_circ_0007294,miR-152-3p
hsa_circ_0092222,miR-6873-3p
hsa_circ_0089548,miR-637
hsa_circ_0002768,miR-145-5p
hsa_circ_0000284,miR-181a-2*
hsa_circ_0001821,miR-145
hsa_circ_0106714,miR-942-5p
CircWAC,miR-142
circ_0003645,miR-1179
hsa_circ_0090956,miR-139-3p
hsa_circ_0000735,miR-7
hsa_circRNA_102051,hsa-miR-520d-3p
circ_0014130,miR-600
hsa_circ_0032683,Slug
Circ_0010729,miR-27a-3p
hsa_circ_0004372,hsa-miR-320a
hsa_circ_0000869,miR-1273g-3p
cZNF609,miR-142-3p
circRNA2713,hsa-miR-30c-1-3p
circ_0006948,miR-490-3p
hsa_circ_0002111,hsa-miR-95-5p
hsa_circ_0002019,FOXO3
hsa_circ_0084003,miR-381-3p
Circ-EEF2,miR-6881-3p
hsa_circRNA_004662,hsa-miR-4659b-3p
hsa_circ_0000096,miR-146a
hsa_circ_0098619,miR-421
circ-TIMP2,miR-185-5p
hsa_circ_0075370,miR-34a
hsa_circ_0000735,miR-635
hsa_circ_0002768,ITGB1
hsa_circ_0091702,miR-142-3p
hsa_circ_0000260,miR-129-5p
hsa_circ_0001785/hsa_circ_001447,hsa-miR-7-5p
circ_0005273,hsa-miR-19b-2-5p
hsa_circ_0005571,hsa-miR-216a-3p
hsa_circ_0008234,miR-370
hsa_circ_0001568,miR-486-3p
hsa_circ_0002162,miR-33a-5p
cZNF609,miR-134-5p
hsa_circ_0066444,miR-1282
hsa_circ_0047905,miR1227-5p
hsa_circ_0001189/hsa_circ_001502,miR-217
hsa_circ_0003258,miR-502-5p
hsa_circ_0017252,miR-296-3p
CDR1as,miR-671-5p
hsa_circ_0043278,miR-455-3p
hsa_circ_0030018,miR-599
circ_0091579,miR-490-3p
hsa_circ_100338,miR-141-3p
circ_0091579,miR-219-5p
circ_0002483,miR-182-5p
hsa_circ_0074169,miR-149-5p
Circ_0015756,miR-942-5p
hsa_circ_0006404,HIF1a
hsa_circ_0006323,miR-130a-3p
hsa_circ_0066922,miR-129-5p
hsa_circ_0069234,miR-6861-5p
circ_0000285,miR197-3p
hsa_circ_0103809,miR-490-5p
circZNF566,miR-4738-3p
circ_LDLR,miR-195-5p
hsa_circ_0023303,miR-646
hsa_circ_101996,miR-8075
hsa_circ_0010090,miR-338
hsa_circRNA_4675,hsa-miR-4298
circTBL1XR1,miR-424
hsa_circ_0030018,miR-1297
hsa_circ_0006988,miR-137-3p
circ_0008450,miR-577
circ_0075538,miR-6884
hsa_circ_0045714,hsa-miR-4295
hsa_circ_0085533,miR-1236
hsa_circ_0002130,miR-498
hsa_circ_0072088,miR-532-3p
hsa_circ_104168,hsa-miR-139-5p
chr5:64096979-64108263,miR-607
hsa_circ_0000005,miR-138-5p
hsa_circ_0005962,hsa-miR-326
hsa_circ_0066659,miR-65
circEXOC7,miR-149-3p
hsa_circ_0024108,miR-4646-3p
hsa_circ_0008285,miR-382-5p
hsa_circ_0084353,hsa-miR-23a-3p
hsa_circ_0000284,miR-193a-3p
hsa_circ_0045602,miR-302b-3p
hsa_circ_0020123,miR-4524a-5p
circ-CSPP1,miR-577
hsa_circ_0070269,miR-182
hsa_circ_0072391,miR-503-5p
circ_0005273,miR-1138
hsa_circ_0072088,miR-1261
hsa_circ_0048856,hsa-miR-1256
hsa_circ_0000284/circHIPK3,miR-521
hsa_circ_0004339,miR-802
circHIPK3,miR-1207-5p
CircRIMS,miR-148a-5p
hsa_circ_0084927,miR-634
CircMTO1,miR-630
hsa_circ_0009024,miR-1248
circTP53,miR-1233-3p
hsa_circ_0067103,hsa-miR-591
hsa_circ_0007031/hsa_circ_0000504,hsa-miR-1258
circHIF1A,miR-149-5p
hsa_circ_0000592,miR-33a-3p
hsa_circ_0000096,miR-224
circMTO1,miR-92
CircRSF1,miR-758
hsa_circ_0000700,miR-1229
circ_0006892,miR-24
hsa_circ_0005198,miR-1294
circMARK3,miR-1273g-3p
hsa_circ_0006766,miR-195-5p
hsa_circ_0136666,miR-593-3p
hsa_circ_0030045,miR-569
hsa_circ_0007334,miR-519d-3p
hsa_circ_0043497,miR-296-3p
hsa_circ_0009112,miR-19b
hsa_circ_0039411,miR-1205
hsa_circ_0004015,miR-1183
circ_0001658,miR-382-5p
hsa_circ_0072995,miR-147a
hsa_circRNA_405571,hsa-miR-302c-3p
hsa_circ_0000523,miR-31
circEIF3K,miR-139-5p
hsa_circ_0000326,miR-338-3p
hsa_circ_0007203,miR-630
circ-NOTCH1,miR-34c-5p
hsa_circ_0075341,miR-149-5p
hsa_circ_0004372,miR-23b-5p
hsa_circ_0072309,hsa-miR-519e-5p
hsa_circRNA_100323,miR-29
hsa_circ_406697,hsa-miR-100-3p
hsa_circ_0000517,miR-326
hsa_circ_0043278,miR-203a-3p
hsa_circ_0078602,hsa-miR-1202
Circ_0035483,MiR-31-5p
hsa_circ_0020394,hsa-miR-132-3p
circ_PIP5K1A,miR-101
circ_0005273,miR-330-5p
circCRIM1,miR-125b-5p
CircMAP3K5,miR-22-3p
hsa_circ_0009024,miR-545-5p
hsa_circ_0034398,hsa-miR-665
hsa_circ_0088732,miR-3151-5p
circ_MYO9B,miR-26b-5p
hsa_circ_0100338,miR-200a-3p
hsa_circ_0101145,miR-548c-3p
circ_0076305,miR-1252
hsa_circ_0003288,miR-3918
circPVT1,miR-377
hsa_circ_0043634,hsa-miR-1293
hsa_circ_0091702,miR-93-5p
circRNA-000284,miR-506
Hsa_circ_0046263,miR-940
hsa_circ_0000592,miR-139-3p
circ_0000043,miR-1271-5p
hsa_circ_0060180,miR-134-5p
hsa_circ_0005795,miR-1231
hsa_circRNA_102296,hsa-miR-429
circ_0000043,miR-6753-5p
hsa_circ_0015962,miR-4683
circ-Foxo3,miR-138
circABCB10,miR-584-5p
hsa_circ_0000284,miR-106a-3p
hsa_circ_0033351,miR-140-5p
circ-MAT2B,miR-515-5p
hsa_circ_0001135,miR-485-3p
circ-ITCH,miR-7
circNINL,miR-921
hsa_circ_0001386,miR-296-5p
hsa_circ_0102958,miR-1205
hsa_circ_0009361,miR-582
Circ_0000527,miR-98-5p
circMAN2B2,miR-145
hsa_circ_0082002,miR-30-5p
hsa_circ_0088732,miR-1343-5p
circC3P1,miR-4641
hsa_circ_0008305,miR-429
Circ-MEMO1,miR-101-3p
circCDYL,miR-185-5p
hsa_circ_0032970,miR-130a-3p
hsa_circRNA_102556,hsa-miR-766-5p
hsa_circ_0002052,miR-382
circ_0005273,hsa-miR-329-5p
hsa_circ_0007444,miR-654-3p
circHIPK3,miR-558
hsa_circ_0018534,miR-488-3p
hsa_circ_0092221,miR-4659a-5p
circKIF4A,miR-375
circPRRC2A,miR-514a-5p
hsa_circ_0012384,miR-302e
hsa_circ_0021087,hsa-miR-184
circ_0007534,miR-625
circRNA_004662,hsa-miR-4659b-3p
hsa_circ_0000516,hsa-miR-670-5p
hsa_circ_0000211,hsa-miR-622
hsa_circ_0005875,miR-145-5p
hsa_circ_0000615,miR-361-5p
circHIAT1,miR-29a-3p
hsa_circ_0001946,miR-1270
circ_0085289,miR-NC
circ-TFCP2L1,miR-7
hsa_circ_0024108,miR-7108-5p
circCDYL,miR-150-5p
circ_0007841,miR-129-5p
hsa_circ_0043800,miR-29c-3p
hsa_circ_0016068,miR-330-3p
hsa_circ_0003266,miR-126-5p
hsa_circRNA_4675,hsa-miR-4299
CircZNF609,miR-342-3p
hsa_circ_0008131,hsa-miR-339-5p
hsa_circ_0005230,miR-1299
hsa_circ_0054657,miR-4527
hsa_circ_0079593,miR-516b
hsa_circ_0079993,miR-203a-3p.1
hsa_circ_0000520,hsa-miR-512-5p
hsa_circ_0000284/circHIPK3,miR-10a-5p
Circ-CCS,miR-383
circ-ARL3,miR-1305
hsa_circ_0075001,miR-765
hsa_circ_0021553,hsa-miR-493-5p
hsa_circ_0014130,miR-1287
circDOCK1,miR‑196a‑5p
hsa_circ_0008309,miR-136-5P
hsa_circ_0002346,miR-93
circ-OGDH,miR-615-5p
circ_LPAR3,miR-198
hsa_circ_0001681,miR-27a-3p
hsa_circ_102958,miR-585
circ-001971,miR-29c-3p
hsa_circ_0000512,miR-296-5p
hsa_circ_0091702,miR-661
circ_0000338,miR-485-3p
hsa_circ_0001875,hsa-miR-363-5p
hsa_circ_0008717,miR-217
hsa_circ_0001772,miR-149
circ-LARP4,miR-424
hsa_circ_0008131,hsa-miR-134-3p
CircSKA3,miR-1
circHIPK3,miR-522-3p
hsa_circ_0004771,miR-4298
circASAP1,miR-502-5p
hsa_circ_0137606,miR‑1231
hsa_circ_0004771,miR-548
circRNA2713,hsa-miR-3934-5p
hsa_circ_0005239,miR-188-3p
circ-TTBK2,miR-520b
hsa_circ_0023642,miR-223
hsa_circ_0008574,miR-4659a/b
hsa_circ_0003391,miR-361-5p
circMTO1,miR-19b-3p
hsa_circ_0000567,hsa-miR-490-3p
circCLK3,miR-455-5p
hsa_circ_0000714,miR-370-3p
hsa_circ_0000615,miR-501-3p
circ_0007142,miR-455-5p
hsa_circ_0000520/hsa_circ_001846,hsa-miR-1296
circ_0026344,miR-31
hsa_circ_0081001,miR-494-3p
circRNA-chr19,miR-30b-3p
hsa_circ_0005870,hsa-miR-5096
hsa_circ_100269,miR-630
hsa_circ_0089974,miR-181a-2-3p
hsa_circ_0001953,miR-1298-3p
Circ-AASDH,miR-140-3p
cir-ITCH,miR-216b
hsa_circ_0015326,miR-127-3p
circ-Foxo3,miR-149*
circASAP1,miR-532-5p
hsa_circ_0007843,miR-518c-5p
hsa_circRNA_4675,hsa-miR-518a-5p
hsa_circ_0030569,miR-29a-5p
hsa_circRNA_405571,hsa-miR-302d-3p
circVAPA,miR-615-3p
circ_0005927,miR-942-5p
hsa_circ_0003146,mir-582-3p
hsa_circ_0088227,miR-384
hsa_circ_406697,hsa-miR-6833-3p
hsa_circ_0030045,miR-876-5p
circRNA2713,hsa-miR-193a-3p
hsa_circ_0061012,hsa-miR-6882-3p
hsa_circ_0011780,miR-544a
hsa_circ_0066444,miR-1243
chr7:154954255-154998784+,miR-4459
hsa_circ_0074027,miR-379-5p
circ_0007142,hsa-miR-128-3p
circ-XPO1,miR-23c
hsa_circ_0000147,miR-767-5p
circHIPK3,miR-30d-3p
hsa_circ_0128533,hsa-miR-23a-5p
hsa_circ_0001451,miR-197-3p
hsa_circ_0001785,hsa-miR-144-5p
hsa_circ_0081519,miR-637
hsa_circ_0001649,miR-647
hsa_circ_0032148,hsa-miR-197-3p
hsa_circ_0064574,miR-502-3p
hsa_circ_009755,has-miR-585-5p
Circular RNA 0001313,miR-452
circ_0023642,miR-223
has_circ_0000034 ,miR-361-3p
hsa_circ_0006215,miR-378a-3p
circMYLK,miR-362-3p
hsa_circ_0000792,miR-375
hsa_circ_0006766,miR-29c-3p
hsa_circ_0041103,miR-103a-3p
hsa_circ_0089310,miR-765
circAKT3,miR-17-5p
hsa_circ_0071410,miR-9-5p
hsa_circ_0015278,hsa-miR-141-3p
circBIRC6,miR-145
circRPMS1,miR-451
hsa_circ_0068871,miR-181a-5p
CircEPSTI1,miR-145
hsa_circ_0001445,miR-181b-5p
circ_0021093,miR-766-3p
circUBAP2,miR-144
hsa_circ_0043278,miR-103a-2-5p
hsa_circ_0000376,miR-182
hsa_circ_0000119,hsa-miR-135a-3p.
hsa_circ_001654/hsa_circRNA_001654,miR-7
circRNA-CDR1as,miR-641
Circ_0061012,miR-194-5p
hsa_circ_0005224,miR-107
hsa_circ_102533,miR-181b-3p
hsa_circ_0003258,hsa-miR-518c-3p
hsa_circRNA_014213,hsa-miR-5572
circCLK3,miR-320a
circ_0074027,miR-335-5p
circSEC24A,miR-1193
circTCF25,miR-107
hsa_circ_0008532,miR-330-5p
circ_KATNAL1,miR-145-3p
hsa_circ_0001204,miR-657
hsa_circ_0008016,hsa-miR-608
circGFRA1,miR-361-5p
hsa_circ_0051239,hsa-miR-6867-5p
CDR1as/ciRS-7/hsa_circ_0001946,miR-671-5p
hsa_circ_0032683,E-cadherin
Circ-HIPK3,miR-381-3p
hsa_circ_0000896,miR-326
hsa_circ_0000700/hsa_circRNA_001937,hsa-miR-23a-5p
hsa_circ_0054659,miR-8064
circRNA_100876,miR-361-3p
hsa_circ_0007874,miR-17
ciRS-7,miR-26a-5p
hsa_circ_0001162,miR-124
hsa_circ_0092374,VEGFA
Has_circRPPH_015,miR-326
circCTDP1,miR‑320b
hsa_circ_22824,hsa-miR-412-3p
hsa_circ_0001192,miR-149
hsa_circ_0013958,miR-134
hsa_circ_0006427,miR-6783-3p
hsa_circ_0001982,miR-143
hsa_circRNA_102051,hsa-miR-197-5p
hsa_circ_0001098,miR-3942
hsa_circ_0001449,miR-124-3p
hsa_circ_0005394,miR-515-5p
Circ-E2F3,miR-204-5p
hsa_circ_0001361,miR-491-5p
hsa_circRNA_000466,hsa-miR-500a-5p
hsa_circ_0001824,hsa-miR-376a-5p
hsa_circ_0000291,miR-326
hsa_circ_0013339,miR-203
circ_0072088,miR-511
hsa_circ_0026134,miR-143-3p
hsa_circ_0004383/cZNF292,hsa-miR-380-5p
hsa_circ_0003998,miR-326
hsa_circ_0012673,miR-22
circNT5E,miR-134
hsa_circ_0033144,hsa-miR-193a-3p
hsa_circ_0007255,miR-375
circRNA-0072309,miR-665
hsa_circ_0061868,hsa-miR-7-5p
circHIPK3,miR-192-5p
circANKIB1,miR-217
Circ_0081146,miR-144
circ-Foxo3,miR-136*
hsa_circ_0079530,miR-558
hsa_circ_0013339,miR-29a
Circ_0091579,miR-1287
hsa_circ_0030605,miR-663a
CircSMYD4,miR-584-5p
circMYO10,miR-370-3p
hsa_circ_0101802,hsa-miR-1301-3p
circEHMT1,miR-1233-3p
circSMAD2,miR-9
hsa_circ_0000080,miR-194-5p
hsa_circ_0001875,hsa-miR-196b-3p
Circ0120816,miR-1305
circHIPK3,IGF1
hsa_circ_0092509,miR-448
hsa_circ_0018069,miR-34a-5p
hsa_circ_0093996,miR-494-3p
hsa_circ_0088452,miR-876-5p
hsa_circ_0000376,miR-1182
hsa_circ_0044516,miR-29a-3p
hsa_circ_0001495,miR-449a
circBC048201 ,miR-1184
hsa_circ_0081342,hsa-miR-15a-5p
hsa_circ_0005046,hsa-miR-653-5p
hsa_circ_0043632,hsa-miR-6829-3p
hsa_circ_0002194,miR-6873-3p
hsa_circ_0005567,miR378a
hsa_circ_0083444,hsa-miR-1208
hsa_circ_0000285,hsa-miR-599
circ-Foxo3,miR-191
hsa_circ_0074027,miR-335-5p
circ_DOCK1,miR-132-3p
hsa_circ_0000284,miR-499a-5p
hsa_circ_0004458,miR-637
hsa_circ_0047924,hsa-miR-22-5p
circRNAs-MSR,miR-875
circ_0021093,miR-432
circHIPK3,miR-485-3p
circ_0014130,miR-671-5p
circGFRA1,miR-449a
circ_0007534,miR-593
circ_0007534,miR-498
hsa_circ_0066444,miR-451
hsa_circ_0043497,miR-335-3p
circ_0079593,miR-433
circ_0000218,miR-139-3p
circHLA-C,miR-150
circIRAK3,miR-3607
circ_0030235,miR-1294
hsa_circ_0000013,miR-22-3p
circRNA_7386,miR-328
circ_0001742,miR-338-3p
circHIPK3,miR-579-3p
hsa_circRNA_014213,hsa-miR-5088-5p
hsa_circ_0093996,miR-492
hsa_circ_0001742,miR-634
hsa_circ_0000140,miR-31
hsa_circ_0082846,miR-1265
hsa_circ_10072088,miR-181b-3p
circ_0028171,miR-218-5p
circRNA_0084043,miR-140-3p
circRNA-0001283,miR-187
hsa_circ_0001445,miR-17-3p
hsa_circ_0000144,miR-217
circGFRA1,miR-34a
hsa_circ_0025033,miR-1231
hsa_circ_0009109,miR-1256
hsa_circRPPH1_015,miR-326
hsa_circ_0005567,miR20a
circACAP2,miR-29b-3p
hsa_circ_0007031/hsa_circ_0000504,hsa-miR-512-5p
hsa_circ_0002111,hsa-miR-103a-2-5p
circ_0014130,hsa-miR-493-5p
circEPSTI1,miR-892b
circHIPK3,miR-148b-3p
hsa_circ_0000284/circHIPK3,miR-663b
circ_0072088,miR-377
hsa_circ_0048856,hsa-miR-221-5p
hsa_circ_0001861,hsa_miR-650
hsa_circ_0102722,miR-145-5p
circ_0008274,miR-154-3p
circ_0000502,miR-124
hsa_circ_0022383/hsa_circRNA_100833,miR-339-5p
hsa_circRNA_101873,miR-518c-5p
circSEMA4B,miR-431
hsa_circ_0036722,miR-323b-5p
circGLCE,miR-587
circ_0001971,miR-204
chr7:154954255-154998784,miR-4459
hsa_circ_0001206,miR-1285-5p
hsa_circ_0000284,miR-193a
hsa_circ_0046264,hsa-miR-1245
hsa_circ_22824,hsa-miR-608
hsa_circ_0002346,miR-182
hsa_circ_0056836,miR-766-3p
hsa_circ_0013549,miR-302e
hsa_circ_0036722,miR-6757-5p
circGSK3B,miR-1265
NFATC3,hsa-miR-95-5p
circ-ZFR,miR-107
circ-ABCB10,miR-556-3p
circNFIX,miR-212-3p
hsa_circ_102533,miR-877-3p
hsa_circ_0037251,miR-1229-3p
hsa_circ_0001204/hsa_circ_001409,miR-136-5p
hsa_circ_0091017,miR-589-5p
hsa_circ_0002019,p53
hsa_circ_0000284/circHIPK3,miR-556-5p
circPARP4,miR-125a-5p
hsa_circRNA_14623,miR-196b-5p
hsa_circ_0067103,hsa-miR-452-3p
hsa_circ_0004372,miR-93-3p
circ_0058124,miR-940
hsa_circ_0092012,miR-486-3p
hsa_circ_0000700/hsa_circRNA_001937,hsa-miR-125a-3p
hsa_circ_0000284,miR-521
hsa_circ_0005046,hsa-miR-339-5p
hsa_circ_0027599,miR-101
hsa_circ_0007364,miR-101-5p
circC3P1,miR-21
CircNEIL3,miR-432-5p
hsa_circ_0044529,hsa-miR-4640-5p
has_circ-0012129,miR-661
Circ_0023028,miR-486-3p
hsa_circ_0091579,miR-96
hsa_circ_0069234,miR-514a-5p
hsa_circRNA_004183,hsa-miR-4687-3p
hsa_circ_0001001,miR-605
circ_0007142,miR-122-5p
circCCDC66,miR-33b
hsa_circ_0013339,miR-29b
CircAGAP1,miR-15-5p
CircCHST15,miR-155-5p
hsa_circ_0001714,miR-766-5p
hsa_circ_0001283,miR-30e-5p
circ_DLGAP4,miR-143
hsa_circ_0005962,hsa-miR-1265
hsa_circ_0002018,miR-658
hsa_circRNA_100291,hsa-miR-1276
circCPA4,miR-760
hsa_circ_0000284,miR-124
hsa_circRNA_103571,hsa-miR-214-3p
hsa_circ_0018508,hsa-miR-146b-3p
hsa_circ_0004619,hsa-miR-593-5p
hsa_circ_0006260,miR-653
hsa_circRNA_003524,miR-376a-5p
hsa_circ_0008532,miR-155-5p
circAkap7,miR-155-5p
hsa_circ_0032148,hsa-miR-197-5p
hsa_circRNA_404686,hsa-miR-214-3p
circRGPD6,miR-26b
cZNF292,hsa-miR-493-5p
hsa_circ_0075001,miR-124-5p
hsa_circ_0000520,hsa-miR-1296
hsa_circ_0045602,miR-375
circ_0001368,miR-492
hsa_circ_0024108,miR-433
hsa_circ_0109046,miR-136
hsa_circ_0043256,miR-1252
circOMA1,miR-145-5p
hsa_circ_0007031,hsa-miR-521
circZFP57,miR-21
circMTO1,miR-3200-5p
hsa_circRNA_005019,hsa-miR-4460
circ_CELSR1,miR-149-5p
circRNA_100876,miR-136
circRNA_4675,hsa-miR-518a-5p
hsa_circ_0078602,hsa-miR-940
hsa_circ_0004812,miR-1287-5p
hsa_circ_0072309,miR-580-3
Cznf532,miR-29a-3p
hsa_circ_0008433,hsa-miR-502-5p
hsa_circ_0003645,miR-1299
hsa_circ_0010220,miR-503-5p
hsa_circ_0001313,miR-510-5p
hsa_circ_0075828,miR-1224-5p
circABCB10,miR-670-3p
hsa_circ_006100,miR-195
circ_0014130,hsa-miR-566
hsa_circ_0022383/hsa_circRNA_100833,miR-629-3p
hsa_circ_0085131,miR-654-5p
hsa_circ_0001785/hsa_circ_001447,hsa-miR-660-5p
circRNA2713,hsa-miR-3679-5p
circ-0103552,miR-127
hsa_circ_0008016,hsa-miR-564
hsa_circ_406697,hsa-miR-6845-3p
hsa_circ_0003949,miR-330-5p
CircDDX17,miR-31-5p
hsa_circ_0077736,miR-942-5p
circ_0067934,miR-1304
hsa_circ_0001742,miR-431
hsa_circ_0001666,miR‑330‑5p
circ_0091579,miR-520c-3p
circWHSC1,miR-646
circCCDC66,miR-342-3p
hsa_circ_0000284,miR-377-3p
hsa_circ_0075001,miR-665
hsa_circ_0001189,miR-217
hsa_circRNA_091692,hsa-miR-4685-5p
circCDR1as,miR-219a-5p
hsa_circ_001587,miR-223
hsa_circ_0072309,miR-580-3p
hsa_circ_0109320,miR-595
hsa_circ_0054659,miR-1249-5p
circUBAP2,miR-422a
circ_0006404,FAK
hsa_circ_0001946,miR-135b
hsa_circ_0008365,miR-495
hsa_circ_0008717,miR-1252
hsa_circ_0026134,miR-127-5p
hsa_circ_0005909,has-miR-338-3p
hsa_circ_0010090,miR-346
hsa_circ_0007031,hsa-miR-1204
hsa_circ_0001204,miR-362-3p
hsa_circ_0005273,hsa-miR-95-5p
hsa_circ_0054652,miR-514b-3p
hsa_circ_0046366,miR-34a
hsa_circ_0092340,miR-1253
hsa_circ_0004619,hsa-miR-182-5p
circ_0008305,miR-186
hsa_circ_0000043,miR-760
circRNA_000839,miR-200b
CircPAN3,miR-183-5p
circsSMARCA5,miR-670-5p
hsa_circ_0000869,miR-1273h-5p
hsa_circ_0000098,miR-509-3p
circ_0005576,miR-153
circRNA_081881,miR-548
circAKT3,miR-516b-5p
hsa_circ_0001649,miR-942
hsa_circ_0044556,ITCH
circFADS2,miR-498
hsa_circ_0022080,miR-30b-3p
hsa_circ_0002980,hsa-miR-1303
hsa_circ_0040039,hsa-miR-636
hsa_circ_0007534,miR-219a-5p
circ-FOXP1,miR-875-3p
circVAPA,miR-125a
hsa_circ_0000284/circHIPK3,miR-224-3p
circ_ANKMY2,miR-106b-5p
hsa_circ_0000615,miR-1224-3p
hsa_circRNA_404686,hsa-miR-1249-5p
hsa_circ_0036722,miR-4715-3p
hsa_circ_0001666,miR‑326
hsa_circ_0075001,miR-193b-5p
hsa_circ_0001178,miR-587
circ-ATAD1,miR-140-3p
hsa_circ_0001649,miR-20a
hsa_circ_0000284,miR-107
hsa_circ_0007874,miR-365b-5p
circFAM73A,miR-490-3p
circ-ABCB10,miR-1252
hsa_circ_0005214,miR-23b-5p
hsa_circ_0000140,AR
circ_0085616,miR-503-5p
hsa_circ_0060060,miR-144-3p
hsa_circ_0061012,hsa-miR-6817-5p
hsa_circ_0008928,miR-326
hsa_circ_10072088,miR-876-3p
circular RNA Ttc3,miR-148a
hsa_circ_0128533,hsa-miR-23b-5p
hsa_circ_0000520,miR-1296
Circ_0003998,miR-218-5p
hsa_circ_0007142,miR-103a-2-5p
hsa_circ_0001821,miR-4646-3p
hsa_circ_0048677,miR-449c-5p
circ_0092314,miR-671
circ_0001178,miR-616
CircZNF609,miR-338-3p
Circ_0006168,miR-516b-5p
circPUM1,miR-326
hsa_circ_0031288,miR-139-3p
circFANCA,miR-93-5p
hsa_circ_0025129,miR-34a
hsa_circ_0089310,miR-665
hsa_circ_0132266,miR-337-3p
circ_0007444,miR-570-3p
hsa_circ_0072995,miR-548
cZNF609,miR-615-5p
hsa_circ_0061012,hsa-miR-4310
chr5:64096979-64108263,miR-376a-2-5p
hsa_circ_0014130,miR-136-5p
circ_0014130,miR-142-5p
hsa_circRNA_102296,hsa-miR-578
hsa_circRNA_002131,hsa-miR-6500-5p
circCEP128,miR-145-5p
hsa_circ_0039569,miR-34a-5p
circ_0001368,miR-6506-5p
circATP5B,miR-185-5p
hsa_circ_0001829,miR-155-5p
hsa_circ_0000073,miR-145-5p
hsa_circ_0000658,miR-1227
hsa_circ_0001283,miR-660-3p
circRNA_100290,miR-136-5p
hsa_circ_0001204,miR-612
circFGFR3,miR-22-3p
Circ_0009910,miR-335-5p
hsa_circ_0009109,miR-1231
hsa_circ_0024108,miR-4743-3p
hsa_circ_0002980,hsa-miR-877-5p
hsa_circ_0023302,hsa-miR-6804-3p
circ_0058124,miR-370-3p
CircDENND2A,MiR-34a
hsa_circ_0091581,miR-526b
hsa_circ_103809,miR-4302
hsa_circ_0050581,hsa-miR-6722-5p
circ_0000735,miR-502-5p
hsa_circ_0007374,miR-885-3p
circ-IQGAP1,miR-671-5p
circ-PRMT5,miR-145
hsa_circRNA_000121,hsa-miR-146b-3p
hsa_circ_0003391,miR-491-5p
hsa_circ_22824,hsa-miR-564
circMMP9,miR-1265
circ_0029426,miR-197
hsa_circ_0103232,hsa-miR-34a-3p
circHIPK3,miR-4288
hsa_circ_0089974,miR-873-5p
hsa_circ_0005035,miR-1270
hsa_circ_0005214,miR-581
hsa_circ_0007874,miR-4726-3p
hsa_circ_0023028,miR-373-3p
hsa_circ_0001785,hsa-miR-591
hsa_circRNA_002131,hsa-miR-627-3p
hsa_circ_0036722,miR-6895-5p
hsa_circRNA_4675,hsa-miR-1182
circHIPK3,miR-30b-3p
hsa_circ_0089310,miR-193b-5p
circSDHC,miR-127-3p
hsa_circ_0076631,miR-214-3p
circ_0062491,miR-584
circ-PRKDC,miR-198
Circ_0020123,miR-142-3p
hsa_circ_0000567,hsa-miR-23a-3p
hsa_circ_0000994,miR-130b
hsa_circ_0000376,miR-1285-3p
hsa_circ_0001666,miR‑193a‑5p
hsa_circ_0011946,miR-26a
hsa_circ_0004383/cZNF292,hsa-miR-574-5p
hsa_circ_0101432,miR-1258
hsa_circ_0007031,hsa-miR-1233
hsa_circ_0087862,miR-1253
hsa_circ_0010729,miR-186
hsa_circ_0005728,miR-200a-3p
hsa_circ_0001577,miR-101
hsa_circ_0022080,miR-196b-5p
Circ_100565,miR-506-3p
Hsa_circ_0025202,miR-197-3p
hsa_circ_0008717,miR-203
CircHIPK3,miR-508-3p
circMAGI3,miR-515-5p
circMDM2,miR-532-3p
circHIPK3,miR-637
hsa_circ_0054657,miR-1249-5p
hsa_circ_0021553,hsa-miR-380-5p
circ-GRB10,miR-141-3p
cZNF609,miR-186-5p
circKLHL24,miR-1204
circRNA10271,hsa-miR-4261
hsa_circ_0004771,miR-1247-5p
hsa_circ_0033074,miR-944
circTHBS1,miR-129-5p
hsa_circRNA_000121,hsa-miR-3064-5p
hsa_circ_0060467,miR-361-3p
hsa_circ_0074362,miR-1236-3p
chr5:64096979-64108263,miR-506-3p
hsa_circ_0013912,miR-7-5p
hsa_circ_0004771,hsa-miR-339-5p
circ_0067934,miR-545
hsa_circ_0000284/circHIPK3,miR-379
hsa_circ_0006404,miR-138-5p
hsa_circ_0014130,hsa-miR-216a-3p
hsa_circ_002178,miR-328-3p
hsa_circ_0009910,miR-449a
hsa_circ_0141940,miR-195-5p
CircASPH,miR-375
hsa_circ_0007874,miR-4638-3p
CircZFR,miR-578
hsa_circ_0007031/hsa_circ_0000504,hsa-miR-1296
hsa_circ_0043949,hsa-miR-7161-3p
hsa_circ_0082374,miR-326
hsa_circ_0021254,miR‑218
circ_0006404,HIF1a
hsa_circ_0001859,miR-204
hsa_circ_0039411,miR-1179
hsa_circ_0009143,miR-1286
circ_0058063,miR-486-3p
hsa_circ_0007874,miR-17-5p
hsa_circ_0016070,miR-942
hsa_circ_0006282,miR-155
hsa_circ_0002453,miR-3164
has_circ-0007766,miR-1233-3p
circ_0079593,miR-516b
circ-LAMP1,miR-567
hsa_circ_0067934,miR-589
hsa_circ_0128533,hsa-miR-145-3p
hsa_circ_0001821,miR-4663
circ-ABCB10,miR-203
hsa_circ_0002768,VEGFA
hsa_circ_0005114,miR-590-5p
hsa_circ_0003288,miR-4491
hsa_circ_0092509,miR-152-3p
hsa_circ_0000869,miR-1268b
hsa_circ_0000284,miR-124-3p
hsa_circ_0036722,miR-3127-5p
hsa_circ_102347,hsa-miR-203a-5p
hsa_circ_0004680,hsa-miR-124-5p
hsa_circ_0000520,miR-556-5p
circHIPK3,miR-1278
circEHBP1,miR-130a-3p
CircIL4R,miR-541-3p
hsa_circ_0001204/hsa_circ_001409,miR-362-3p
hsa_circ_0000598,miR-340
circ_0006404,E2F1
hsa_circ_0126991,miR-10a-5p
circ_0005273,hsa-miR-95-5p
circRNA2713,hsa-miR-4317
hsa_circ_05707,miR-1285-5p
hsa_circ_0005615,miR-9-5p
hsa_circRNA_000121,hsa-miR-3139
hsa_circ_0036722,miR-4726-5p
hsa_circ_05707,miR-141
hsa_circ_0009024,miR-6844
circRACGAP1,miR-3657
hsa_circ_0035445,miR-497
hsa_circ_0067934,miR-1324
hsa_circ_0008932,miR-1249-5p
hsa_circ_0043632,hsa-miR-6861-3p
hsa_circ_0029853,hsa_miR-21-3p
hsa_circ_0068655,miR-498
hsa_circ_0000670,miR-384
circ-Foxo3,miR-762
circRNA_100395,miR-142-3p
circ_0091579,miR-1271
hsa_circ_0017311,miR-421
circRNA-0067835,miR-155
Circ_0105346,miR-1182
circ_0000735,miR-940
hsa_circ_0003258,miR-203
hsa_circ_0008717,miR-326
circNEK9,miR-409-3p
circ-Rtn4,miR-146a
hsa_circ_0082003,miR-145-5p
hsa_circRNA_000121,hsa-miR-6775-3p
hsa_circ_0041103,miR-107
hsa_circ_0001839,miR-548p
circUBAP2,miR-143
hsa_circ_0015756,miR-1250-3p
hsa_circ_0000869,miR-566
hsa_circ_0003258,hsa-miR-500a-5p
Circ-ZEB1.33,miR-200a-3p
circCSNK1G1,MiR-455-3p
hsa_circ_0001543,miR-27a-3p
has_circ-0014359,miR-153
circ-XPO1,miR-23a-3p
hsa_circ_0000847,miR-629
hsa_circ_0004662,hsa-miR-502-5p
circ_SMAD4,miR-1276
circ_0026344,miR-183
hsa_circ_0000615,hsa-miR-5096
hsa_circ_0001449,miR-32-5p
circRNA_001937,hsa-miR-18b-3p
circPTK2,miR-92a
hsa_circ_0092341/hsa_circ_0040039,hsa-miR-497-5p
hsa_circ_006352,miR-877-3p
circ_PTN,miR-122
circAP2A2,miR-382-5p
hsa_circ_0000039,miR-1292-5p
CircSPI1,miR-1307-3p
hsa_circ_0000284,miR-663b
cDENND4C,miR-200b
circSCAR ,mPTP
circPVT1,miR‑195‑5p
circARNT2,miR-155-5p
hsa_circ_0025367,miR-6850-3p
hsa_circ_0008039,miR-432-5p
CircEPB41L2,miR-590-5p
hsa_circ_0000110,has_miR_665
hsa_circ_0001410,miR-134
hsa_circ_0005320,miR-637
hsa_circ_0008234,miR-185-5p
circ_0000337,miR-4458
circ_PUM1,miR-136
hsa_circ_0008549,miR-136-5p
hsa_circ_0001283/hsa_circ_000939,miR-30e-5p
circTCF25,miR-103a-3p
circCCDC66,miR-33a-5p
hsa_circ_0023302,hsa-miR-6878-5p
hsa_circ_0017639,miR-182-5p
hsa_circ_0014235,miR-520a-5p
hsa_circ_0023064,miR-217
hsa_circ_0101802,hsa-let-7i-3p
hsa_circ_0092306,miR-197-3p
hsa_circRNA_103801,hsa-miR-877-3p
hsa_circ_0000516,hsa-miR-125b-5p
circ-ZDHHC5,miR-217
hsa_circ_0054659,miR-6515-5p
circBMPR2,miR-553
hsa_circ_0001900,miR-328-5p
Circ_0025033,miR-330-5p
hsa_circ_0052112,miR-125a-5p
hsa_circ_0036722,miR-3675-5p
hsa_circ_0000370,miR-1299
hsa_circ_0001162,miR-149
hsa_circ_0005100,miR-1182
hsa_circ_0008287,hsa‑miR‑548c‑3p
hsa_circ_0000944,miR-6792-3p
hsa_circ_0004519,miR-214
circ-ITCH,miR-106a
hsa_circ_22824,hsa-miR-196b-3p
hsa_circ_0001875,hsa-miR-412-3p
hsa_circ_0005870,hsa-miR-619-5p
hsa_circRNA_003524,miR-222-5p
hsa_circ_0036722,miR-6767-5p
circRNA_104670,miR-17-3p
hsa_circ_0001821,miR-296-3p
circPostn,miR-96-5p
circATXN7,miR-4319
hsa_circ_0072387,miR-503-5p
hsa_circ_0000140,CDC42
hsa_circ_0075001/circNPM1,miR-495-3p
hsa_circ_0003738,miR-562
NFATC3,hsa-miR-103a-2-5p
hsa_circ_0000615,miR-615-5p
hsa_circ_0025033,miR-1304
circFLNA,miR-486-3p
hsa_circ_0102231,miR-145
hsa_circ_0070963,miR-223-3p
hsa_circ_0043632,hsa-miR-4743-5p
hsa_circ_0022383/hsa_circRNA_100833,miR-330-5p
hsa_circ_0001410,cyclinD1
hsa_circ_0030045,miR-526b-5p
hsa_circ_0004680,hsa-miR-625-5p
circ_0000735,miR-1182.
hsa_circ_0002260,miR-1301-3p
hsa_circ_0019421,miR-101-3p
hsa_circ_0084353,hsa-miR-23b-3p
hsa_circ_000598,miR-129-5p
hsa_circ_0006404,FAK
circNFATC3,miR-548I
hsa_circ_0001944,miR-509
circ-ABCB10,let-7a-5p
circ_0076305,miR-296-5p
circZNF609,miR-186-5p
hsa_circ_0004771,miR-339-5p
hsa_circ_0001546,miR-762
circ_0074027,miR-518a-5p
hsa_circRNA_404686,hsa-miR-3916
hsa_circ_0000495,miR-488-3p
hsa_circ_0000681/hsa_circ_001387,E-cadherin
hsa_circ_10072088,let-7g-5p
hsa_circ_0020123,miR-513a-5p
circ-PGAP3,miR-769-5p
circRNA_104433,miR-497-5p
hsa_circ_0001821,miR‑195‑5p
"circ-102,166",miR-184
hsa_circ_0003594,miR-138
hsa_circ_0007142,hsa-miR-376a-3p
circ_MYO9B,CTGF
hsa_circ_0022080,miR-765
hsa_circ_0008035,hsa-miR-107
circ_USP9Y,hsa-miR-18b-3p
hsa_circ_0076690,miR-152
circ_0000034,miR-361-3p
hsa_circ_0092315,hsa-miR-675-5p
circRBM23,miR-138
hsa_circ_0001953,miR-885-5p
hsa_circ_0001189,miR-646
Circ_0009910,miR-34a-5p
cZNF292,miR-206
circABCC4,miR-3186-3p
hsa_circ_0076305,ITCH
circ_0057558,miR-6884
hsa_circ_0007203,miR-515
hsa_circ_0008039,miR-515-5p
circ_0020123,miR-4524a-5p
hsa_circ_0005870,hsa-miR-1273g-3p
circRNA CBL.11,miR-6778-5p
hsa_circ_0036722,miR-4435
Circ-SMARCA5,miR-39-3p
circ_0030235,miR-1253
hsa_circ_0091702,miR-200c
circRNA-SORE,miR-103a-2-5p
circPRKCI,miR-219a-5p
Circ-ZNF652,miR-29a-3p
hsa_circ_24455,miR-382-5p
hsa_circRNA_000466,hsa-miR-888-5p
circEPSTI1,miR-942
CircABCC3,miR-770-5p
circ_0002483,miR-758-3p
circ_0014130,miR-376c-3p
hsa_circ_0007121,miR-182-5p
hsa_circRNA_005019,hsa-miR-298
hsa_circ_0000650,miR-6873-3p
hsa_circ_0087784,miR-487a
hsa_circ_0029589,miR-214
SPECC1a,E2F5
hsa_circ_0081162,hsa-miR-324-3p
circEXOC6B,miR-376c-3p
Circ_0001175,miR-130a-5p
hsa_circ_0002755,miR-628-5p
circ_MYO9B,α-SMA
hsa_circ_0092516,miR-337-3p
hsa_circ_0069234,miR-1298-3p
hsa_circ_0008574,miR-5571-5p
circ_0007444,miR-654-3p
hsa_circRNA_101873,miR-384
circ_0032833,miR-125-5p
hsa_circ_0082374,let-7
hsa_circ_0000735,miR-502-5p
circ_0062019,miR-5008
hsa_circ_0008433,hsa-miR-582-5p
hsa_circ_0005214,miR-93-3p
hsa_circ_0035483,miR-30b-5p
hsa_circ_0072309,hsa-miR-516b-5p
circHIPK3,miR-654
cir-ITCH,miR-7
hsa_circ_0008365,miR-375
hsa_circ_0084171,miR-370-3p
circMTO1,miR-6893
CircGDI2,miR-454-3p
hsa_circ_0000567,hsa-miR-1264
hsa_circ_0000105,miR-498
hsa_circ_0001859,miR-211
hsa_circ_0001875,hsa-miR-608
hsa_circ_0006528,miR-7-5p
hsa_circ_0004771,miR-629-3p
Circ_PGPEP1,miR-1297
hsa_circ_0000284,miR-224-3p
circHIPK3,miR-106a-3p
hsa_circ_0008737,miR-328
hsa_circ_0001721,miR-372-3p
circ_SATB2,miR-33a-5p
hsa_circ_0064557,hsa-miR-1264
cZNF292,hsa-miR-380-5p
hsa_circ_0000260,miR-4720-3p
hsa_circ_0001461,miR-548g
hsa_circ_0002623,miR-195
hsa_circ_0000154,miR-558
hsa_circ_0046701,miR-142-3p
hsa_circRNA_004662,hsa-miR-4713-5p
hsa_circ_0001846,miR-661
hsa_circ_0045714,miR-193b
hsa_circ_0047688,miR-125a-3p
"circ-102,166",miR-182
hsa_circ_0004619,hsa-miR-485-3p
hsa_circRNA_091692,hsa-miR-6764-3p
hsa_circ_0001846,miR-361-3p
hsa_circ_0005962,hsa-miR-369-5p
hsa_circ_0089974,miR-299-3p
hsa_circ_0032148,hsa-miR-181d-3p
hsa_circ_0037911,hsa-miR-6881-3p
hsa_circ_0024108,miR-623
hsa_circRNA_103801,hsa-miR-338-3p
hsa_circ_0038632,miR-296-5p
hsa_circ_0004370,miR-1294
hsa_circ_0002019,miR-376a*
circ_0000285,hsa-miR-599
hsa_circ_0014130,hsa-miR-566
hsa_circ_0062558,miR-1204
hsa_circ_0106800,miR-330-3p
hsa_circ_0037911,hsa-miR-637
circRNA-9119,miR-26a
circ_0004507,miR-873
hsa_circ_0046600,miR-640
hsa_circ_0078607,miR-518a-5p
hsa_circ_100084,miR‑23a‑5p
hsa_circ_0021553,hsa-miR-574-5p
circ_0091581,miR-526b
hsa_circ_0000567,miR-421
circ-TRPS1,miR-124-3p
hsa_circ_0032891,99microRNAs
circPVT1,miR-145-5p
has_circ 2149,miR-7
hsa_circ_0007031,miR-556-5p
hsa_circ_0032683,N-cadherin
hsa_circ_0006766,AR
hsa_circ_0003028,miR-570-3p
hsa_circ_0054657,miR-210-3p
Circ_0006528,miR-1299
hsa_circ_0000096,miR-581
hsa_circ_0084353,hsa-miR-619-3p
hsa_circ_0000284,miR-326
circZFR,miR-1261
circRNA-104718,miR-218-5p
hsa_circ_0004771,hsa-miR-595
circHIPK3,miR-524-5p
hsa_circ_0001785,hsa-miR-452-3p
hsa_circ_0082582,miR-497
hsa_circ_0136666,miR-375
hsa_circ_0072088,miR-511
hsa_circ_0001189/hsa_circ_001502,MMP13
hsa_circ_0008934,miR-145-5p
hsa_circ_0002768,miR-29a
hsa_circ_0036722,miR-185-3p
circ-FARSA,miR-330-5p
hsa_circ_0002168,miR-15a
circR-284,miR-221
circRAB11FIP1,miR-129
hsa_circ_0003949,miR-326
hsa_circ_0003732,miR-545
circASAP1,miR-326
hsa_circ_0000977,miR-135a-5p
hsa_circ_0001387,miR-1182
circ-EIF4G3,miR-335
hsa_circ_0000735,miR-940
hsa_circ_0007158,miR-583
hsa_circ_0007203,miR-942
circ_0023642,miR-490-5p
circ-KIAA0907,miR-96-5p
hsa_circ_0059354,miR-302b-3p
hsa_circ_0001953,miR-767-5p
circ-XPO1,miR-130a-5p
hsa_circ_0131242,hsa-miR-2682
hsa_circ_0008365,miR-1271-5p
circ_SLC30A7,miR-378a
hsa_circ_0006404,E2F1
hsa_circ_0035266,miR-181d-5p
hsa_circ_0068033,miR-659
CircPIP5K1A,miR-515-5p
hsa_circ_0056288,miR-125b-5p
circRNA_101505,miR-103
circRNA PPP1CC,miR-103a-3p
hsa_circ_0036722,miR-6836-5p
hsa_circ_008068,miR-145
hsa_circ_0003738,miR-490-5p
circ_SEPT9,miR-1225
hsa_circ_0000096,miR-195-5p
hsa_circ_0014359,miR-153
hsa_circRNA_102296,hsa-miR-449b-5p
hsa_circ_0101308,miR-196a-5p
CircUSP36,miR-20a-5p
17_50189167_50194626_-,miR-338-3p
NFATC3,miR-548I
hsa_circ_0002570,miR-1243
hsa_circ_0004383/cZNF292,hsa-miR-92a-2-5p
circ-FAM53B,miR‑646
hsa_circ_0007534,miR-613
circPRKCB,miR-339-5p
hsa_circ_0015278,hsa-miR-136-5p
circ-0033550,miR-942-5p
hsa_circ_0092341/hsa_circ_0040039,hsa-miR-545-3p
hsa_circ_0092509,miR-409-3p
hsa_circ_0000096,miR-200a
hsa_circ_0054660,miR-656-5p
hsa_circ_0000520/hsa_circ_001846,hsa-miR-146b-3p
hsa_circ_0000073,miR-151-3p
hsa_circ_0000488,hsa-miR-496
hsa_circ_0005728,miR-512-3p
hsa_circ_0111277,miR-494-3p
hsa_circ_0001610,miR-646
hsa_circ_0072088,miR-377
circAFF2,miR-6894-5p
hsa_circ_0074854,miR-133
circTNPO3,miR-1299
circ_0000338,miR-217
hsa_circ_0031250,miR-382
CDR1as,miR-432-5p
hsa_circ_400031,hsa-miR-483-5p
hsa_circ_0001821,miR-203
hsa_circ_0110102,miR-580-5p
hsa_circ_0001946,miR-7
circHIPK3,miR637
hsa_circ_0000615,miR-145-5p
hsa_circ_0008898,miR-197-5p
hsa_circ_0068942,miR-130a-3p
circ-0000212,miR-491
hsa_circ_0008305,miR-200b-3p
hsa_circ_0058124,miR-218-5p
circ-AFF2,miR-650
hsa_circ_0000092,miR-338-3p
hsa_circ_0029589,miR-214-3p
circ_0014130,miR-136-5p
hsa_circ_0017639,miR-224-5p
circMTO1,miR-221
hsa_circ_0037911,hsa-miR-2115-5p
hsa_circ_0003645,miR-139-3p
circ_0000337,miR-670-5p
circ-PKD2,miR-204-3p
hsa_circ_0001946,miR-1299
circ-CCDC66 ,miR-452-5p
circVAPA,miR-125b-5p
hsa_circ_0006156,miR-636
circRNA_004662,hsa-miR-4713-5p
hsa_circ_0006990,miR-101
hsa_circ_0000140,miR-29a-3p
hsa_circRNA_000466,hsa-miR-485-5p
hsa_circ_0001824,hsa-miR-656-3p
circ-XPO1,miR-23b-3p
hsa_circ_0030569,miR-30a-3p
hsa_circ_0007031,hsa-miR-1258
hsa_circ_102115,hsa-miR-335-3p
Hsa_circ_0010235,miR-433-3p
circ_0000527,miR-646
hsa_circ_0125597,miR-660
cDENND4C,miR-760
circ-ZFR,miR-130a
hsa_circ_0033079,miR-382-5p
hsa_circ_0005870,hsa-miR-6807-3p
circRNA_CER,miR-136
circRNA_100284,miR-217
hsa_circ_0004018,hsa-miR-660-3p
circRNA-0006896,miR1264
hsa_circ_0062426,miR-328
hsa_circ_0092222,miR-7110-3p
hsa_circ_0004771,miR-1236-3p
circMAP2K4,miR-139-5p
hsa_circ_0001821,miR-4743-3p
hsa_circ_101996,miR-145
hsa_circ_0001875,hsa-miR-564
hsa_circ_0063809,miR-1252
hsa_circ_0001135,miR-593-5p
circ_0007142,hsa-miR-376b-3p
hsa_circ_0003496,miR-370
hsa_circ_0133460,hsa-let-7a-2-3p
circCCDC66,miR-211-5p
circ-Foxo3,miR-3614-5p
hsa_circ_0001649,miR-338-5p
hsa_circ_0081162,hsa-miR-646
circZFR,miR-101-3p
circ_0015756,miR-1250-3p
hsa_circ_0001313,miR-618
circZNF609,miR-142-3p
circHIPK3,miR-499a-5p
circ_0008305,miR-429
circMTO1,miR-199a-3p
circKIF4A,miR-127
circ-0000284,miR-637
hsa_circ_0006772,miR-762
hsa_circ_0000592,miR-200
circ_0074027,miR-379-5p
circ-0001785,miR-1200
hsa_circ_0000337,miR-670-5p
CircPRMT5,miR-30c
hsa_circ_0022812,miR-326
hsa_circ_0004619,hsa-miR-135b-3p
hsa_circ_0020123,miR-4793-3p
circRNA_0048211,miR-93-5p
circCUX1,miR-338-3p
circ_0000003,miR-338-3p
circular RNA_0004674,miR-377-3p
hsa_circ_0000936,miR-1294
hsa_circ_0070934,miR-1247-5p
circ_0000231,miR-135a-5p
hsa_circ_0000284/circHIPK3,IGF1
circ_0014130,hsa-miR-216a-3p
circZNF609,miR-134-5p
hsa_circ_0067997,miR-515-5p
circRNA_001937,hsa-miR-670-5p
hsa_circ_0026070,miR-125b
hsa_circ_0034642,miR-1205
circFNDC3B,miR-99a
hsa_circ_0092315,hsa-miR-658
hsa_circRNA_14623,miR-26b-3p
hsa_circ_0015756,miR-610
hsa_circ_0036722,miR-8077
CircPAN3,miR-153-3p
Circ-CSPP1,miR-577
hsa_circ_0000615,miR-421
hsa_circ_0025039,miR-614
hsa_circ_0002483,miR-182-5p
hsa_circ_0081342,hsa-miR-636
hsa_circ_0022383/hsa_circRNA_100833,miR-653-5p
hsa_circ_0005027,hsa‑miR‑548c‑3p
circPLK1,miR-4500
hsa_circ_0056285,hsa-miR-28-5p
circ-CDC45,miR-527
CircTADA2A ,miR-374a-3p
hsa_circ_0051470,miR-182-5p
circRASGRF2,miR-1224
circLMTK2,miR-183
hsa_circ_0000098,miR-619-3p
hsa_circ_0000592,miR-367-3p
hsa_circ_0007142,hsa-miR-216a-3p
hsa_circ_0005046,hsa-miR-330-5p
hsa_circ_0003391,miR-574-5p
hsa_circ_0000442,MiR-148b-3p
hsa_circ_0008450,miR-431
hsa_circ_0001953,miR-132-3p
hsa_circ_0000284/circHIPK3,miR-579-3p
Circ_100984,miR-432-3p
hsa_circ_0004458,miR-885-5p
hsa_circ_0007031,hsa-miR-663b
circHIPK3,miR-193a
hsa_circ_100290,miR-29
circ-Foxo3,miR-433
hsa_circ_0005360,miR-181b
hsa_circRNA_103801,hsa-miR-370-3p
hsa_circ_0020123,miR-144
hsa_circ_0064557,hsa-miR-490-3p
CircSKA3,miR-383-5p
circSMARCA5,miR-19b-3p
circROBO2,miR-1184
hsa_circ_0016788,miR-486
hsa_circRNA_103571,hsa-miR-16-5p
hsa_circ_0006401,miR-3064–5p
hsa_circ_0001204,miR-136-5p
hsa_circ_24455,miR-330-5p
hsa_circ_0023404,miR-217
hsa_circ_0003141,miR-1827
circ-LAMP1,miR-615-5p
circ-ZNF652,miR-205
hsa_circRNA_005019,hsa-miR-3155a
hsa_circ_0000284/circHIPK3,miR-148b-3p
CircPRTM5,miR-377
hsa_circ_0000993,miR-214-5p
hsa_circ_0000096,miR-29c-3p
hsa_circ_0056285,hsa-miR-539-3p
circRNA_7571,miR-328
circ-ITCH,miR-22-3p
hsa_circ_0020397,miR-138
hsa_circ_0006766,CDC42
hsa_circ_0059655,miR-338-3p
hsa_circ_0005239,miR-34a
circDNMT3B,miR-20b-5p
hsa_circ_0001610,miR-1227
hsa_circ_0026359,miR-1200
circHIPK3,miR-521
circRNA_0016418,miR-625
hsa_circ_0061140,miR-140-3p
hsa_circ_0007203,miR-136
hsa_circ_0003391,miR-421
circKIF4A,miR-152
circ-PTEN,miR-330-3p
circAMOTL1L,miR-193a-5p
circ_0001742,miR-431
hsa_circ_0001649,miR-127-5p
hsa_circ_0089378,miR-130a-3p
circPVT1,miR-526b
circ-NCOR2,miR-516a-5p
hsa_circ_0006117,miR-96-5p
circRNA-51217,miR-646
hsa_circ_0032683,Vimentin
circSMARCA5,miR-552
circHIPK3,miR-124
circRNA_4675,hsa-miR-4298
hsa_circ_0007874,miR-4722-5p
hsa_circ_0051240,miR-637
hsa_circ_0071036,miR-489
circLARP4,miR-761
cZNF292,hsa-miR-574-5p
circEYA1,miR-582-3p
hsa_circ_0069234,miR-6776-5p
hsa_circ_0032627,miR-502-5p
has_circ-000684,miR-186
hsa_circ_0000284,miR-7
circEPSTI1,409-3P
hsa_circ_0024108,miR-296-3p
circKMT2D,miR-210
circ_USP9Y,hsa-miR-670-5p
hsa_circ_0001387,miR-145
circUBAP2,miR-135b-3p
hsa_circ_0002768,miRNA-29a-3p
hsa_circ_0021087,hsa-miR-1276
hsa_circ_0000190,miR-767-5p
hsa_circ_0001859,miR-200c-3p
hsa_circ_0036722,miR-1254
circ‑CCT3,miR‑1287‑5p
Circ_0055625,miR-338-3p
hsa_circ_0067301,miR-141-5p
hsa_circ_0051239,hsa-miR-4739
circPVT1,miR-205-5p
circRNA-100338,miR-141-3p
hsa_circ_0002111,hsa-miR-205-3p
hsa_circ_0060144,miR-629-3p
TET1-has_circ_0093996,miR-183
circ102049,miR-192-3p
hsa_circ_0043800,miR-29b-3p
hsa_circ_0109952,miR-4493
hsa_circ_0020123,miR-590-5p
ciRS-7,miR-7
hsa_circ_0008433,has-miR-222-3p
hsa_circ_0002185,miR-526b-5p
hsa_circ_0002019,miR-139-3p
hsa_circ_0000520,hsa-miR-146b-3p
Circ_0001247,miR-1270
hsa_circ_0006156,miR-1178
hsa_circ_0008433,has-miR-181-5p
circ_0008450,miR-548p
circCRIM1,miR-432-5p
CiRS-7,miR-641
hsa_circ_0004771,miR-1238
cZNF609,miR-342-3p
hsa_circ_0025367,miR-1257
hsa_circRNA_102051,hsa-miR-302b-3p
circ_0014130,hsa-miR-892a
circRNA8840,hsa-miR-198
hsa_circ_0005538,TGF-beta1
hsa_circ_0001819,let-7g-5p
hsa_circ_0003258,hsa-miR-103a-2-5p
circYY1,miR-769-3p
hsa_circ_0092509,miR-153-3p
hsa_circ_0001955,miR-597-5p
hsa_circ_0043278,miR-520d-3p
circ_0006404,miR-138-5p
hsa_circ_0089974,miR-23b-5p
circ-ERBB2,miR-503
circ_0079593,miR-573
hsa_circ_0007142,hsa-miR-576-3p
CircSAMD4A,miR-218-5p
hsa_circ_0005962,hsa-miR-330-5p
circ_LARP4,miR-513b-5p
circ_0015756,miR-7
circ_0032462,hsa-miR-338-3p
circPITX1,miR-584-5p
circHIPK3,miR-512-5p
circSOBP,miR-141-3p
hsa_circ_0000615,hsa-miR-619-5p
hsa_circ_0000006,miR-578
circ_0058063,miR-145-5p
hsa_circ_0006404,miR-29a-3p
circPHC3,miR-455-5p
circ_LARP4,miR-424-5p
hsa_circ_0018069,miR-454-3p
hsa_circ_0011385,miR-615-5p
hsa_circ_0018508,hsa-miR-521
circ-CDYL,miR-1180
circNRIP1,miR-182
hsa_circ_0000282,miR-192
circ-0004136,miR-142
hsa_circ_0000218,miR-139−3p
circ_0091579,miR-96
hsa_circ_0031250,miR-377
hsa_circ_0092221,miR-2682-3p
hsa_circ_0014130,miR-376c-3p
circLARP4,miR-424-5p
hsa_circ_10072088,miR-661
hsa_circ_0023028,miR-103a-2-5p
hsa_circ_0015278,miR-1228
circANKRD36,miR-599
hsa_circ_0002024,miR-197-3p
hsa_circ_0005556,miR-4270
hsa_circ_0141539,miR-518-d-5p
circRNA_101237,miR-490-3p
hsa_circ_0029853,hsa_miR-338-3p
hsa_circ_0025508,miR-1283
hsa_circRNA_000466,hsa-miR-372-5p
hsa_circ_0070401,miR-204-3p
hsa_circ_0092221,miR-4659b-5p
hsa_circ_0006988,miR-137
hsa_circ_0043949,hsa-miR-1257
hsa_circ_0007203,miR-589
hsa_circ_0000199,miR-198
circ-TTBK2,miR-761
hsa_circ_0075686,miR-526b-3p
hsa_circ_0008932,miR-7160-5p
hsa_circ_0124644,miR‑149‑5p
hsa_circ_0021977,miR-10b-5p
hsa_circ_0027345,miR-345-5p
hsa_circ_0001721,miR-599
hsa_circ_0066444,miR-1178
hsa_circ_0088036,miR-140-3p
hsa_circ_0074854,miR-610
hsa_circ_0016624,miR-98
hsa_circ_0036722,miR-671-5p
hsa_circ_0001022,miR-411
circ-HIPK3,miR-421
hsa_circ_0042666,miR-223
hsa_circ_0001946,miR-135a-5p
hsa_circ_0001821,let-7
circHIPK3,miR-876-5p
hsa_circ_0067934,miR-1304
hsa_circ_0000142,miR-610
circHECTD1,miR-1256
hsa_circ_0000263,miR-150-5p
hsa_circ_0133460,hsa-let-7c-3p
hsa_circ_0088732,miR-661
hsa_circ_0008285,miR-1275
circ_0000629,miR-1290
circ_0076305,ITCH
circRNAIFF01,miR-106b
circ_0020394,hsa-miR-132-3p
circRNA_4675,hsa-miR-4299
hsa_circ_0018508,hsa-miR-1204
circRNA_001275,miR‑370‑3p
hsa_circ_102336,miR-515-5p
hsa_circ_0001206,miR-141
hsa_circ_0000615,hsa-miR-1273g-3p
hsa_circ_0008792,hsa-miR-711
hsa_circ_0022080,miR-26b-3p
circ_0091579,miR-490-5p
circRAPGEF5,miR-198
hsa_circ_103047,miR-214
hsa_circ_0009362,miR-141-5p
hsa_circ_0006459,miR-133b
circ_0001730,miR-326
circ-ASH2L,miR-34a
circ_0060745,miR-4736
hsa_circ_0000096,miR-23b
hsa_circ_0002360,miR-145-5p
circRNA-SORE,miR-660-3p
circ_0017247,miR-145
circLMO7,miR-30a-3p
hsa_circ_0101308,miR-1307-3p
hsa_circ_0004370,miR-665
hsa_circ_0007623,miR-297
hsa_circ_0000285,miR197-3p
hsa_circ_0000567,hsa-miR-23b-3p
circ_0067934,miR-3680-3p
hsa_circ_0003221,miR‑139‑3p
hsa_circ_0008433,hsa-miR-181b-5p
hsa_circ_104769,hsa-miR-93-5p
hsa_circ_0003159,miR-223-3p
circRNA-103809,miR-1270
circPVT1,miR-125b
hsa_circ_0009910,miR-145
hsa_circ_0006229,miR-130a-3p
hsa_circ_0000700/hsa_circRNA_001937,hsa-miR-18b-3p
hsa_circ_0004018,miR-626
hsa_circ_0001721,miR-569
hsa_circ_0051172,miR-130a-3p
hsa_circ_0004771,hsa-miR-330-5p
hsa_circ_0002623,miR-1184
hsa_circ_0007385,miR-519d-3p
hsa_circ_0061140,miR-370
circ_0000326,miR-338-3p
hsa_circ_0088452,miR-181b-2-3p
hsa_circ_0023028,miR-520d-3p
hsa_circ_0004442,miR-136-5p
Circ_0000140,miR-182-5p
hsa_circ_0001189/hsa_circ_001502,miR-636
hsa_circ_24455,miR-26b-3p
hsa_circ_0078710,miR-31
hsa_circ_0007031,hsa-miR-512-5p
hsa_circ_0006220,miR-203a-3p
hsa_circ_0000247,let-7
hsa_circ_0007059,miR-378
hsa_circRNA_4675,hsa-miR-636
circ_0026344,miR-21
hsa_circ_0113656,miR-149-5p
Circ_0001806,miR-1182
hsa_circ_0030998,miR-558
hsa_circ_0005273,miR-200a-3p
hsa_circRNA_405571,hsa-miR-520d-3p
circAmotl1/hsa_circ_0004214,c-myc
hsa_circ_0023028,miR-302a-3p
hsa_circ_0133460,hsa-miR-193a-5p
hsa_circ_0026231,miR-1323
hsa_circ_0043634,hsa-miR-4483
hsa_circ_0023028,miR-194-5p
circ_0000502,miR-1238
Circular PVT1,miR-149-5p
CircPUM1,miR-340-5p
circHECTD1,miR-296-3p
cDENND4C,miR-200c
hsa_circ_0000284/circHIPK3,miR-30b-3p
hsa_circ_0097271,miR-205-5p
hsa_circ_0002375,miR-3198
hsa_circ_0061825,miR-326
hsa_circ_0091702,miR-302a-3p
hsa_circ_0092303,miR-331-3p
circ_ITCH,miR-421
hsa_circRNA_003251,hsa-miR-3191-5p
circADAMTS13,miR-484
hsa_circ_0007031/hsa_circ_0000504,hsa-miR-1204
circ-ELF2,miR-510-5p
hsa_circ_0123190,hsa-miR-483-3p
hsa_circ_0045714,hsa-miR-130a-3p
hsa_circ_0026344,miR-31
hsa_circ_0069767,miR-636
circPCNXL2,miR-153
hsa_circ_0006156,miR-1178-3p
hsa_circ_0002111,hsa-miR-450b-5p
circ_0014130,hsa-miR-302c-3p
hsa_circ_0067835,miR-324-5p
hsa_circ_0001681,miR-198
hsa_circ_0001821,miR-623
hsa_circ_0079593,miR-182
hsa_circ_0062389,miR-103a-3p
Circ-PRMT5,miR-4458
circ_0020123,miR-5001-3p
circ_0072083,miR-545-3p
hsa_circ_0007841,miR-338-3p
hsa_circ_0000140,miR-185-3p
hsa_circ_0006859,miR-431-5p
hsa_circ_0001189,MMP13
hsa_circ_10072088,miR-323a-5p
CircSPI1,miR-382-5p
hsa_circ_0001821,miR-125b
hsa_circ_0004680,hsa-miR-191-3p
circPVT1,miR-152-3p
circABCC4,miR-154-5p
circRNA_7,miR-7-5p
hsa_circ_0081162,hsa-miR-660-3p
hsa_circRNA_000121,hsa-miR-3614-3p
circ_NOTCH3,miR-205-5p
circ-TTBK2,miR-217
circACAP2,miR-29a-3p
circ_LRIG3,miR-449a
hsa_circ_0006404,FOXO3
circPRKCI,miR-589
circRNA PPP1CC,miR-107
CircFAT1,miR-409-3p
hsa_circ_0002211,miR-346
hsa_circ_0067512,miR-567
hsa_circ_0005571,hsa-miR-33b-5p
hsa_circ_0018508,hsa-miR-1233
hsa_circ_0006057,miR-204-5p
hsa_circ_0067103,hsa-miR-660-5p
circRNA-SMG1.72,miR-141-3p
circCBFB,miR-28-5p
hsa_circ_0007031/hsa_circ_0000504,hsa-miR-146b-3p
hsa_circ_0087862,hsa-miR-512-3p
hsa_circ_24455,miR-181a-3p
hsa_circ_0004840,miR-370
circ_0005230,miR-1238
circ-SOX4,miR-1270
hsa_circ_0007374,miR-324-5p
hsa_circ_0071820,miR-330-5p
hsa_circ_0021086,miR-204-5p
hsa_circ_0043949,hsa-miR-5195-3p
hsa_circ_0008450,miR-214-3p
hsa_circ_0089310,miR-124-5p
hsa_circ_101141,miR-1297
hsa_circ_0001627,miR-139-5p
hsa_circ_0000936,miR-582-3p
hsa_circ_001436,miR-431-5p
hsa_circ_0132813,miR-16-5p
hsa_circ_0000284,miR-10a-5p
circUBAP2,miR-96-3p
hsa_circ_0000284/circHIPK3,miR-1278
hsa_circ_0000681/hsa_circ_001387,N-cadherin
hsa_circ_0000994,miR-494
circGLIS3,miR-644a
hsa_circ_0004771,miR-149-5p
circ_0007534,miR-761
hsa_circ_0003258,hsa-miR-520d-3p
hsa_circ_0062019,miR-497
hsa_circ_0000700,hsa-miR-125b-5p
hsa_circ_0000284,IGF1
hsa_circ_00026,miR-1184
hsa_circ_0067934,miR-545
hsa_circ_10072088,miR-34b-3p
hsa_circ_0000291,miR-183
hsa_circ_0007874,miR-6815-5p
circRNA_101996 ,miR-1236-3p
hsa_circ_0005397,miR-326
hsa_circ_091420,miR-145
hsa_circ_0008259,miR-21–5p
CDR1as,miR-641
circ_0061395,MiR-877-5p
hsa_circRNA_405571,hsa-miR-4291
hsa_circ_0004771,hsa-miR-653-5p
circVEGFC,miR-338-3p
hsa_circRNA_002131,hsa-miR-942-5p
hsa_circ_0008016,hsa-miR-363-5p
hsa_circ_24455,miR-125a-3p
hsa_circ_0018289,miR-497
SPECC1a,miR-145
circ-FOXO3,miR-9-5p
hsa_circ_0076906,miR-1305
circ-Foxo3,miR-23a
circHIPK3,miR-663b
hsa_circ_0002137,miR-433-3p
hsa_circ_0000144,miR-204-5p
hsa_circ_0054652,miR-642a-3p
circEPSTI1,miR-1248
hsa_circ_0000848,hsa-miR-6768-5p
circ-CBFB,miR-185-5p
hsa_circ_0061012,hsa-miR-4769-3p
circ-CDC45,miR-516b
circRNA_25487,miR-134-3p
hsa_circ_0005795,miR-630
hsa_circ_0006404,miR-143-3p
hsa_circ_0087862,hsa-miR-593-3p
hsa_circ_0051239,hsa-miR-6799-5p
hsa_circRNA_103571,hsa-miR-29a-5p
hsa_circ_0092374,miR-29a
circ_0005230,miR-618
circ-FOXP1,miR-421
hsa_circ_0000043,miR-615-5p
CircASH2L,miR-665
circ_0000043,miR-136
circRNA_0005075,miR-431
hsa_circ_0136666,miR-136
hsa_circ_0119873,hsa-miR-193a-5p
circ_0015756,miR-610
hsa_circ_0049613,miR-1299
hsa_circ_0006168,miR-100
hsa_circ_0028173,hsa-miR-338-3p
hsa_circRNA_102051,hsa-miR-302c-3p
hsa_circ_0000554,miR-485-5p
hsa_circ_0000516,hsa-miR-23a-5p
hsa_circ_0103232,hsa-miR-143-5p
hsa_circ_0141940,miR-29a
hsa_circ_0000284,miR-148b-3p
hsa_circ_0067301,miR-141–5p
hsa_circ_0018069,miR-181b-5p
hsa_circ_0004680,hsa-miR-141-5p
hsa_circRNA_091692,hsa-miR-4480
circ-ITCH,miR-214
hsa_circ_102533,miR-627-3p
circTTBK2,miR-145-5p
hsa_circ_0103232,hsa-miR-214-3p
hsa_circ_0074854,miR-338-3p
hsa_circ_0006872,miR-145-5p
hsa_circ_0006411,miR-221
hsa_circ_0000284/circHIPK3,miR-221-3p
hsa_circ_0027599,miR-101-3p.1
hsa_circ_0091702,miR-106b-5p
Circ_HIPK3,miR-222-3p
circ-UBE2D2,miR-1287
circ-Foxo3,miR-155
hsa_circ_0034398,hsa-miR-486-3p
hsa_circ_0001346,miR-93-5p
hsa_circ_0008433,hsa-miR-34a-5p
Circ-03955,miR-3662
Circular RNA 100146,miR-149
circVAPA,miR-876-5p
circNRIP1,miR-138-5p
hsa_circ_0005962,hsa-miR-622
hsa_circ_0064557,hsa-miR-23a-3p
hsa_circ_0023706,miR-146a-5p
hsa_circ_0001806,miR-1236-3p
circ_0005273,miR-200a-3p
hsa_circ_0058106,miR-4638-3p
Circ-DNMT1,miR-485-3p
hsa_circ_0034398,hsa-miR-136-5p
circRNA_000864,miR-361-3p
hsa_circ_0070934,miR-1236-3p
hsa_circ_0016347,miR-214
hsa_circ_0051079,miR-26a-5p
hsa_circ_0074026,miR-1304
hsa_circ_0001785/hsa_circ_001447,hsa-miR-144-5p
hsa_circ_102533,miR-876-5p
hsa_circ_0000517,miR-512-5p
hsa_circRNA_100291,hsa-miR-583
hsa_circ_100721,miR-124
circ_0020123,miR-513a-5p
circ-ITCH,miR-145
hsa_circ_0061140,miR-1236
circNR3C1,miR-382-5p
hsa_circ_0020123,miR-5001-3p
circAF4,miR-128-3p
circHIPK3,miR-152
hsa_circ_0049116,miR-199a-5p
hsa_circ_0000615,miR-28-5p
hsa_circ_0057576,miR-130a-3p
hsa_circ_0001368,miR-6506-5p
hsa_circ_0023990,miR‑485‑5p
hsa_circ_0089974,miR-93-3p
hsa_circ_0058514,miR-195-5p
hsa_circ_0080210,miR-328-5p
hsa_circ_0001824,hsa-miR-222-5p
hsa_circ_0000615,miR-330-5p
circ_0058124,miR-218-5p
hsa_circ_0001105,miR-766
circCCDC66,miR-185
circANKRD36,miR-15
hsa_circ_0008975,miR-150-5p
hsa_circ_0054652,miR-642b-3p
Circ_0025033,miR-184
hsa_circ_0001821,miR-6804-5p
hsa_circ_0000376,miR-145-5p
hsa_circ_0001821,miR-125a
hsa_circ_0001946,miR-7-5p
circ_0020710,miR-370-3p
circST6GALNAC6,miR-200a-3p
hsa_circ_0029633,hsa_miR-326
circ-SHKBP1,miR-379
hsa_circ_0006732,miR-144
hsa_circ_0002260,miR-1229-5p
circZRANB1,miR-512-5p
circVRK1,miR-221-3p
hsa_circ_0030569,miR-30d-3p
circHIAT1,miR-195-5p
hsa_circ_0005571,hsa-miR-483-3p
hsa_circ_000684,hsa_miR-329-5p
hsa_circ_0007142,miR-455-5p
circPVT1,miR-125
Circ_0067934,miR-1324
circANKS1B,miR-152-3p
circ-ZNF609,miR-188
hsa_circ_0008717,miR-1271
hsa_circ_000334,miR-564
Circ_0136474,miR-127-5p
hsa_circ_0075001,miR-495-3p
hsa_circ_0003391,miR-28-5p
Circ_0056285,miR-1244
hsa_circ_0081162,hsa-miR-628-5p
hsa_circ_0040039,hsa-miR-497-5p
hsa_circ_0026344,miR-21
circHIPK3,miR-29a
circ-PRKCA,miR-384
hsa_circ_0005214,miR-23a-5p
circ_0081143,miR-497-5p
circSNX27,miR-141-3p
hsa_circ_101555,miR-145-5p
circDLGAP4,miR-143
hsa_circ_0087862,hsa-miR-325
hsa_circ_0003391,miR-330-5p
hsa_circ_0004771,miR-4687-3p
circHIPK3,miR-224-3p
circ_0007142,hsa-miR-216a-3p
circ-TCF4.85,miR-486-5p
hsa_circ_000425,miR-106b
cZNF609,miR-338-3p
hsa_circ_0007142,hsa-miR-128-3p
hsa_circ_0043278,miR-520f
hsa_circ_0036722,miR-6799-3p
hsa_circ_0007031,hsa-miR-1296
hsa_circ_0025033,miR-1179
NFATC3,hsa-miR-205-3p
hsa_circ_0040060,miR-182-5p
circHIPK3,miR-1204
circRUNX1,miR-485-5p
hsa_circ_0008460,miR-199b-5p
hsa_circ_0092341/hsa_circ_0040039,hsa-miR-15a-5p
circPDE4D ,miR-103a-3p
CircTP53,miR-1233-3p
hsa_circ_0136666,miR-383
hsa_circRNA_003251,hsa-miR-4753-3p
hsa_circ_0004104,miR-539-3p
hsa_circ_0001380,miR-1247-3p
circRNA4406,mir-582-5p
hsa_circ_001654/hsa_circRNA_001654,miR-214
CircCAMSAP1,miR-1294
circ-USP36,miR-98-5p
circ_0000043,miR-760
hsa_circ_0000516,hsa-miR-125a-3p
hsa_circ_0043265,miR-25-3p
circ-LARP4,miR-21-5p
circRNA2713,hsa-miR-3138
hsa_circRNA_102556,hsa-miR-654-3p
CircDUSP16,miR-497-5p
hsa_circ_0003505,miR-630
hsa_circ_0032462,hsa-miR-338-3p
hsa_circ_0000516,hsa-miR-18b-3p
circHIPK3,miR-181a-2*
hsa_circ_0000284,miR-338-3p
hsa_circRNA_102051,hsa-miR-302d-3p
circ_100395,miR-1228
circFAT1,miR-30e-5p
hsa_circRNA_404686,hsa-miR-4739
hsa_circ_0001178,miR-616
circ-EPB41L5,miR-19a
hsa_circ_0082824,miR-130a-3p
hsa_circ_0133622,miR-873
circ-PTEN,miR-155
circ-ABCB10,miR-1271
hsa_circ_0066755,miR-651
hsa_circ_0077232,miR-422a
hsa_circ_0018665,miR-572
hsa_circRNA_101873,miR-637
hsa_circ_0001204,miR-377-3p
hsa_circ_0007534,miR-498
hsa_circRNA_404686,hsa-miR-6760-5p
circVAPA ,miR-615-3p
circHIPK3,miR-149
hsa_circ_0081162,hsa-miR-214-3p
circPSD3,miR-92b-3p
hsa_circRNA_102556,hsa-miR-584-3p
circFAT1,miR-375
hsa_circ_100284,miR-217
hsa_circ_0001417,miR-195-5p
circ-Foxo3,miR-3622b-5p
hsa_circRNA_102556,hsa-miR-346
circZFR,miR-375
circMAN2B2,miR-217
hsa_circ_0012673,miR-320a
hsa_circ_0000907,miR-4316
hsa_circ_0001821,miR-125
hsa_circ_0036722,miR-5088-3p
CircATP5SL,miR-873-5p
hsa_circ_0000284,miR-556-5p
hsa_circ_0002019,miR-1200
hsa_circ_0000285,miR-599
hsa_circ_0139996,miR-558
circPDK1,miR-377-3P
hsa_circ_0023302,hsa-miR-8085
hsa_circ_0089310,miR-495-3p
circ-ADAM9,miR-217
hsa_circ_0001982,miR-140-5p
hsa_circ_0078602,hsa-miR-1207-5p
hsa_circ_0014130,hsa-miR-892a
hsa_circ_0009024,miR-95-5p
circ_101238,miR‑138‑5p
hsa_circ_104433,miR-497-5p
hsa_circ_0037128,miR-17-3p
hsa_circ_0008450,miR-577
hsa_circ_0025367,miR-6870-3p
hsa_circ_0047924,hsa-miR-338-3p
circMYLK,miR-513a-5p
circGLIS2,miR-671
circ_0067934,miR-1182
hsa_circ_0000681/hsa_circ_001387,Vimentin
hsa_circ_0000419,miR-141-5p
hsa_circ_0004680,miR-613
hsa_circ_0004058,miR-23b-3p
circRNA-ACAP2,hsa-miR-21-5p
hsa_circ_0007203,miR-620
hsa_circ_0090876,miR-125b
hsa_circ_0015278,hsa-miR-200a-3p
circRNA_001937,hsa-miR-125b-5p
circTADA2A,miR-203a-3p
circHIPK3,miR-338
hsa_circ_000466,hsa-miR-502-5p
circ_0000043,miR-615-5p
circ-ZNF609,miR-197-3p
circ_0008193,miR-1180-3p
hsa_circ_0035483,hsa-miR-335
circCSPP1,miR-944
circ-ZKSCAN1,miR-1178-3p
circ-0060428,miR-375
SPECC1a,BAG4
circ_0000511,miR-326
hsa_circ_0043634,hsa-miR-4530
chr5:64096979-64108263,miR-133a-5p
Circ0083429,miR-346
hsa_circ_0092222,miR-4776-3p
hsa_circ_0007874,miR-182-5p
circ_0020123,miR-384
hsa_circ_0043497,miR-522-3p
circ-FBXW7,miR-18b-5p
hsa_circ_0051443,miR-331-3p
hsa_circ_0070934,miR-1238
circHIPK3,miR-193a-3p
hsa_circ_0000977,miR-135b-5p
hsa_circ_0005273,hsa-miR-205-3p
hsa_circ_0001667,miR-125a-5p
circDNM3OS,miR-145-5p
hsa_circ_0000700/hsa_circRNA_001937,hsa-miR-670-5p
hsa_circ_103973,miR-335
hsa_circ_0019456,miR-665
hsa_circ_0008717,miR-340-5p
hsa_circ_0086720,miR-375
hsa_circ_0009024,miR-141-5p
hsa_circRNA_003524,miR-656-3p
hsa_circ_0007874,miR-3137
circ_0014130,hsa-miR-200c-5p
hsa_circ_0005519,has-let-7a-5p
hsa_circ_0066922,NOTCH1
circUBAP2,miR-641
hsa_circRNA_014213,hsa-miR-6819-5p
circ_0034642,miR-1205
hsa_circ_0079593,miR-433
circRNA_4675,hsa-miR-1182
hsa_circ_0061012,hsa-miR-7157-5p
hsa_circ_0072309,miR-492
17_50189858_50195330_-,miR-338-3p
circMAN2B2,miR-1205
hsa_circRNA_003524,miR-627-3p
hsa_circ_0004872,miR-224
circNOLC1,miR-647
hsa_circ_0000284,miR-30a-3p
circ_0001742,miR-431-5p
hsa_circ_0013339,miR-29
hsa_circ_0089105,miR-4443
circ_0006404,miR-432-5p
hsa_circRNA_003251,hsa-miR-301a-5p
hsa_circRNA_002131,hsa-miR-5003-3p
hsa_circ_0001283/hsa_circ_000939,miR-647
circHIAT1,miR-29c-3p
circRNA_100367,miR-217
chr5:64096979-64108263,miR-545-5p
hsa_circ_0001824,hsa-miR-627-3p
hsa_circ_0009172,miR-485-3p
circRNA_0084043,miR-153-3p
hsa_circ_0003928,miR-151-3p
circ_0020123,miR-488-3p
hsa_circ_0089172,miR-125a-3p
hsa_circ_0043632,hsa-miR-6778-3p
circ_0000467,miR-326-3p
circ_0037655,miR-214
hsa_circ_0053277,miR-2467-3p
circHIPK3,miR‑637
hsa_circ_0008832,miR-1271
circ_0057553,miR-515-5p
hsa_circ_0078602,hsa-miR-4459
hsa_circRNA_14623,miR-876-3p
hsa_circ_0000034,miR-361-3p
hsa_circ_0000043,miR-6753-5p
hsa_circ_0008602,miR-200b
circ_USP9Y,hsa-miR-125b-5p
hsa_circ_0007031,miR-133b
NFATC3,hsa-miR-450b-5p
hsa_circ_0007255,miR-335-5p
circRHOT1,miR-106a-5p
hsa_circ_0016760,miR-577
circSETD3,miR-520h
circPCNX,miR-506
hsa_circ_0104345,miR-145
hsa_circ_0005046,hsa-miR-629-3p
hsa_circ_0099198,miR-1287
hsa_circ_0033144,hsa-miR-361-3p
circRPMS1,miR-31
cirRNA_0074027,miR‑525‑3p
hsa_circ_0001461,miR-181b
hsa_circ_0067835,miR-1236-3p
circRBM33,miR-758-3p
circ-100219,miR-485-3p
hsa_circ_0087862,hsa-miR-766-5p
hsa_circ_0000654,miR-149-5p
Circ0004390,miR-198
hsa_circ_0002052,miR-1205
hsa_circ_0005394,miR-507
circRNA_MYLK,miR-29a
circ-SLC7A6,miR-21
circ_0007534,miR-892b
17_50189167_50198002_-,miR-338-3p
hsa_circ_10072088,miR-192-3p
hsa_circ_100533,hsa-miR-933
hsa_circ_0092509,miR-9-5p
hsa_circ_0000284,miR-193a-5p
hsa_circ_0087960,miR-762
circRNA_103516,hsa-miR-19b-1-5p
Circ-FOXM1,miR-149-5p
hsa_circ_0011292,miR-379-5p
hsa_circ_0043278,miR-302c-3p
hsa_circ_0045272,hsa-miR-6127
hsa_circ_0000488,miR-496
hsa_circ_0022383/hsa_circRNA_100833,miR-595
circ-BANP,miR-503
hsa_circ_0101308,miR-335-3p
Circ-PRMT5,miR-509-3p
hsa_circ_0101308,miR-196b-5p
hsa_circ_0001204/hsa_circ_001409,miR-377-3p
hsa_circ_0087862,miR-653-5p
hsa_circ_0030569,miR-30e-3p
circMTO1,miR-9
hsa_circ_0050581,hsa-miR-4707-3p
circ_DROSHA,miR-106b-5p
hsa_circ_0083357,miR-130a-3p
hsa_circ_0000218,miR-139-3p
hsa_circ_0001189/hsa_circ_001502,miR-136
hsa_circ_0000520/hsa_circ_001846,hsa-miR-521
hsa_circ_0088452,miR-181b-3p
hsa_circ_0014130,hsa-miR-302c-3p
hsa_circ_0030586,miR-1182
circBICD2,miR-149-5p
circRNA-FoxO1,miR-145
hsa_circ_0000615,miR-338-3p
circPRRC2A,miR-6776-5p
hsa_circ_0004383/cZNF292,hsa-miR-122-5p
circRNA_7,miR-328
hsa_circ_0008433,has-miR-483-3p
has_circ9102-5,hsa-miR-150-5p
hsa_circ_0000615,miR-138-5p
hsa_circ_0088233,hsa-miR-185-3p
circ9119,miR-126
circ_0014130,miR-1273a
circ_0067934,miR-186-5p
hsa_circ_0006848,hsa_miR-329-5p
circ_0020123,miR-4793-3p
hsa_circ_0007874,miR-185-3p
hsa_circ_0054657,miR-6795-3p
Circ_0119872,miR-622
hsa_circ_0001819,miR-323a-5p
hsa_circ_0140388,hsa-miR-486-5p
circFOXM1,miR-1324
circTP63,miR-155-5p
hsa_circ_000839,miR-200b
circRNA10271,hsa-miR-4255
hsa_circ_0004372,miR-181a-2-3p
circ-ITCH,miR-22
hsa_circ_0087862,miR-593-3p
hsa_circ_0000284/circHIPK3,miR-499a-5p
hsa_circRNA_004662,hsa-miR-208b-5p
hsa_circ_0054659,miR-656-5p
hsa_circ_0043497,miR-380-5p
hsa_circ_0000284,miR-221-3p
hsa_circ_0005870,hsa-miR-5095
circ-ITCH,miR-93-5p
hsa_circ_0000594,miR-217
hsa_circ_0001135,miR-298
Circ_0003998,miR-136-5p
hsa_circRNA_100918,hsa-miR-33a-5p
circ-CFH,miR-149
Circ‑TOP2A,miR‑346
hsa_circ_0004519,miR-222*
hsa_circ_0000267,miR-503-5p
hsa_circRNA_100918,hsa-miR-891b
hsa_circ_0018508,hsa-miR-1258
hsa_circ_0003998,miR-143-3p
hsa_circ_0056285,hsa-miR-708-5p
hsa_circ_0137008,miR-338-5p
circ_0079593,miR-182
Circ_GRN,miR-214-3p
hsa_circ_0000520/hsa_circ_001846,hsa-miR-1204
circ_0057558,miR-206
circ-ACACA,miR‑1183
hsa_circ_0001445,miR‑432
hsa_circ_0005571,hsa-miR-532-3p
circ_0006404,miR-29a-3p
hsa_circ_0067103,hsa-miR-7-5p
hsa_circ_0092221,miR-5590-5p
hsa_circ_0001821,miR-185-3p
circ-ITCH,miR-17
circHIAT1,miR-3171
circ_081069,miR-665
hsa_circ_0000284/circHIPK3,miR-522-3p
hsa_circ_0005273,hsa-miR-450b-5p
hsa_circ_0003258,hsa-miR-518f-3p
hsa_circ_0040039,hsa-miR-545-3p
hsa_circ_0000328,miR-502-5p
circ-UBE2D2,miR-1236
circ-FOXM1,miR-143-3p
hsa_circ_0088732,miR-3175
circ_0002770,miR-331-3p
circKRT7,miR-29a-3p
circMTO1,miR-630
hsa_circ_0000284,miR-379
hsa_circ_0000467,miR-326-3p
hsa_circ_0000098,miR-578
hsa_circ_10072088,miR-34c-3p
has_circ-000881,miR-665
circSETDB1,miR-7
hsa_circ_0091570,miR-1307
circ_0005273,hsa-miR-205-3p
hsa_circ_0000284,miR-29b
hsa_circ_0000673,miR-548b-3p
hsa_circ_0001073,miR-626
hsa_circ_009755,has-miR-6079
hsa_circ_0006109,miR-328
circ_0020123,miR-144
hsa_circ_0036722,miR-1248
hsa_circ_0005795/hsa_circRNA_100823,miR-630
hsa_circ_0001785/hsa_circ_001447,hsa-miR-591
hsa_circ_0001946,miR-671-5p
circDDX17,miR-605
hsa_circ_0001819,miR-876-3p
hsa_circ_0001189/hsa_circ_001502,miR-665
CircADAMTS6,miR-431-5p
hsa_circRNA_100533,hsa-miR-933
circ-PRMT5,miR-1304
circ_0072088,miR-377-5p
hsa_circ_0079385,miR-216a-3p
hsa_circ_00026,miR-195
hsa_circ_104348,miR-187-3p
hsa_circ_103809,miR-377-3p
hsa_circ_0023028,miR-302c-3p
circ5615,miR-149-5p
hsa_circ_0000517,miR-1204
hsa_circ_0000515,miR-326
hsa_circ_0008131,hsa-miR-504-5p
CDR1as,miR-7
circ-DLGAP4,miR-143
hsa_circ_0003204,miR-98-5p
hsa_circ_0036722,miR-145-5p
circCTNNA1,miR-363-3p
hsa_circ_0000274,miR-567
hsa_circ_0033079,miR-103a-3p
hsa_circ_0020123,miR-488-3p
hsa_circ_0001522,hsa-miR-143-3p
hsa_circ_0036722,miR-3186-3p
cricRNA-SIPA1L1 ,miR-204-5p
hsa_circ_0008717,miR-452-5p
hsa_circ_0000284/circHIPK3,miR-30d-3p
hsa_circ_0000517,miR-181a-2*
circ_0020123,miR-718
hsa_circ_406697,hsa-miR-6873-3p
CircFLNA,miR-646
hsa_circ_0036722,miR-6089
hsa_circ_0057481,miR-200c
