miRNA,disease
miR-6895-5p,Hypopharyngeal carcinoma
miR-377,Hepatocellular carcinoma
miR-1297,Hepatocellular carcinoma
miR-4753,Triple negative breast cancer
miR-1287,Breast cancer
hsa-miR-338-3p,Osteosarcoma
hsa-miR-492,Non-small cell lung cancer
miR-874-3p,Multiple myeloma
hsa-miR-653-5p,Breast cancer
miR-214,lung cancer
hsa-miR-23a-5p,Tuberculosis
miR-139−3p,Laryngeal squamous cell carcinoma
miR-1236-3p,Cervical cancer
unknown,Myocardial senescence
miR-661,Glioma
miR‑195‑5p,Gastric cancer
miR-489-3p,Infantile hemangioma
miR-1248,Gastric cancer
miR-589,Esophageal cancer
miR-204-3p,Osteosarcoma
miR-127-5p,Hepatocellular carcinoma
hsa-miR-18b-3p,Temporal Lobe Epilepsy
unknown,Keloid
unknown,melanoma
miR-181a-2-3p,Thoracic aortic dissection
miR-182-5p,Ovarian cancer
miR-23c,Bladder cancer
miR-33a,Breast cancer
miR-1252,Non-small cell lung cancer
miR-28-5p,Postmenopausal Osteoporosis
unknown,esophageal cancer
unknown,Diabetic foot ulcer
miR-145,Gastric cancer
miR-204-5p,Breast cancer
miR-637,Renal carcinoma
miR-330-3p,Temporomandibular joint osteoarthritis
FOXO3,Non-small cell lung cancer
unknown,Inflammatory response
miR-182-5p,Glioma
miR-661,Triple negative breast cancer
hsa-miR-1202,Hepatocellular carcinoma
hsa-miR-146b-3p,Papillary thyroid microcarcinoma
miR-186,Gastric cancer
miR-338-3p,Cervical cancer
miR-136*,breast carcinoma
miR-149-5p,Oral squamous cell carcinoma
miR-150-5p,Nasopharyngeal carcinoma
miR-1233-3p,Breast cancer
miR-556-5p,radioresistant esophageal cancer cells
miR-217,Lung cancer
hsa-miR-380-5p,Papillary thyroid carcinoma
miR-876-5p,Leukoaraiosis
miR-145-5p,Cholangiocarcinoma
hsa-miR-539-3p,Intracranial aneurysm
miR-19b,Osteosarcoma
miR-4726-3p,Hepatocellular carcinoma
miR-556-3p,Non-small cell lung cancer
hsa-miR-23a-5p,Temporal Lobe Epilepsy
miR-130a-3p,Colorectal cancer
miR‑193a‑5p,Papillary thyroid carcinoma
miR-182-5p,Bladder cancer
miR-1827,Hepatocellular carcinoma
miR-124,Colorectal cancer
miR-188,Nasopharyngeal carcinoma
miR-194-5p,Glioma
miR-3942,Breast cancer
miR-29b,Chronic myeloid leukemia
miR-1275,Lung cancer
miR-20a-5p,Atherosclerosis
unknown,Senescence
E2F1,Breast cancer
miR-338-3p,Diabetes mellitus
miR-630,Basal cell carcinoma
miR-625,Skin melanoma
miR-93-5p,Cervical cancer
miR-302b-3p,Laryngeal squamous cell carcinoma
miR-545,Lipopolysaccharide
hsa-miR-103a-2-5p,Papillary thyroid carcinoma
miR-2682-3p,Intervertebral disc degeneration
let-7a-5p,Breast cancer
miR-1261,Papillary thyroid carcinoma
miR-326,Lung cancer
miR-4638-3p,Hepatocellular carcinoma
hsa-miR-142-5p,Hepatocellular carcinoma
miR-152-3p,Prostate cancer
unknown,Intervertebral disk degeneration
miR-761,Colorectal cancer
hsa-miR-4317,Preeclampsia
hsa-miR-1249-5p,Papillary thyroid microcarcinoma
Col3a1,Temporal Lobe Epilepsy
miR-200a-3p,Breast cancer
miR-615-5p,Esophageal squamous cell carcinoma
unknown,Primary great saphenous vein varicosities
miR-32-5p,Cerebral ischemia
miR-384,Esophageal cancer
miR-375,Cervical cancer
miR-615-5p,Lung adenocarcinoma
miR-762,Bladder urothelial carcinoma
miR-155,Temporal lobe epilepsy
miR-217,Carcinogenesis
miR-224-5p,Glioma
unknown,Lung squamous cell carcinoma
miR-494,Bladder cancer
hsa-miR-877-3p,Osteosarcoma
unknown,Herpes Simplex Virus1 Infection
miR-361-3p,Breast cancer
miR-143,Breast cancer
miR-578,Breast cancer
miR-626,Breast cancer
miR-1224-3p,Lung adenocarcinoma
miR-337-3p,Glioma
miR-4420,Hypopharyngeal carcinoma
miR-1204,Carotid disease and ischemic stroke
miR-6825-5p,Intervertebral disc degeneration
miR-494-3p,Retinoblastoma
miR-876-5p,Ovarian cancer
miR-542-3p,Epithelial ovarian cancer
unknown,Digestive System Neoplasm
miR-204-3p,Clear cell renal cell carcinoma
miR-4646-3p,Hypopharyngeal carcinoma
hsa-miR-608,Breast cancer
miR-514b-3p,Intervertebral disc degeneration
miR-219a-5p,Non-small cell lung cancer
miR-510-5p,Glioma
hsa-miR-203a-5p,Primary hepatic carcinoma
miR-133b,Ischemic stroke
miR-330-5p,Doxorubicin-Induced cardiotoxicity 
miR-138,Alzheimer's disease
unknown,Cerebral ischemia
miR-23b-3p,Osteosarcoma
miR-452-5p,Gastric cancer
miR-185-3p,Hepatocellular carcinoma
miR-205-5p,Bladder cancer
miR-545,Neuronal cell injury
miR-29a-5p,Vascular disease
miR-518a-5p,Glioblastoma
hsa-miR-6817-5p,Psoriasis
miR-584-3p,Tuberculosis
miR-152,Breast cancer
hsa-miR-4726-5p,Laryngeal cancer
unknown,rheumatoid arthritis
hsa-miR-3916,Papillary thyroid microcarcinoma
miR-370-3p,Papillary thyroid carcinoma
miR-1297,Gastric cancer
miR-1275,Breast cancer
miR-107,Diffuse large B-cell lymphoma
miR-144-5p,Non-small cell lung cancer
miR-376a-5p,Rheumatoid arthritis
miR-339-5p,Esophageal squamous cell carcinoma
miR-138,Lung adenocarcinoma
miR‑149‑5p,Atherosclerosis
hsa-miR-450b-5p,Papillary thyroid carcinoma
unknown,Polycystic ovary syndrome
miR-892b,Pancreatic ductal adenocarcinoma
miR-31,Oral squamous cell carcinoma
miR-6873-3p,Intervertebral disc degeneration
hsa-miR-363-5p,Breast cancer
miR-193a-5p,Colorectal cancer
miR-6894-5p,Gastric cancer
miR-136-5p,Laryngeal squamous cell carcinoma
hsa-miR-6731-5p,Non-small cell lung cancer
hsa-miR-588,Intracranial aneurysm
miR-671-5p,Hypopharyngeal carcinoma
miR-762,breast carcinoma
miR-17-5p,Esophageal cancer
miR-100-5p,Preeclampsia
miR-519d-3p,Non-small cell lung cancer
miR-330-3p,Prostate cancer
miR-670-5p,Non-small cell lung cancer
unknown,Leukoaraiosis
miR-214,Atherosclerosis
miR-541-3p,Hepatocellular carcinoma
HIF1a,Breast cancer
miR-212-3p,Non-small cell lung cancer
miR-548,Gastric cancer
hsa-miR-593-5p,Breast cancer
ID-1,Breast cancer
miR-4720-3p,Gastric cancer
miR-125b,Non-small cell lung cancer
miR-324-5p,Colorectal cancer
miR-101-3p,Gastric cancer
miR-200b,Prostate cancer
miR-152-3p,Gastric cancer
unknown,Acute myeloid leukemia
hsa-miR-1233,Colorectal cancer
miR-198,Gastric cancer
miR-370-3p,Thyroid cancer
miR-30a-3p,Diabetes mellitus
miR-630,Osteosarcoma
miR-23c,Osteosarcoma
hsa-miR-876-3p,Tuberculosis
miR-877-3p,Active pulmonary tuberculosis
miR-92a-1-5p,Breast cancer
hsa-miR-518f-3p,Papillary thyroid microcarcinoma
miR-124,Clear cell renal cell carcinoma
unknown,Hypoxia-induced cardiomyocyte injuries
miR-139-5p,Salpingitis
miR-142,Acute myeloid leukemia
unknown,pre-eclampsia
miR-658,Breast cancer
99microRNAs,Multiple system atrophy
miR-155-5p,Lung cancer
miR-194-5p,Laryngeal cancer
miR-29a,bladder cancer
unknown,diabetes mellitus
hsa-miR-130a-3p,Osteoarthritis
hsa-miR-493-5p,Non-small cell lung cancer
unknown,Acute lymphoblastic leukemia
hsa-miR-512-5p,Colorectal cancer
hsa-miR-23b-5p,Uveal melanoma
miR-195-5p,Non-small cell lung cancer
miR-143,osteosarcoma
miR-125b-5p,osteosarcoma
hsa-miR-324-3p,Diabetes retinopathy
miR-618,Gastric cancer
miR-502-5p,Glioblastoma
E-cadherin,Pulmonary tuberculosis
hsa-miR-532-3p,Intracranial aneurysm
miR-192-5p,Acute myeloid leukemia
unknown,Obesity
hsa-miR-369-5p,Lung cancer
miR-615-5p,Hypertension
miR‑330‑3p,Osteosarcoma
miR-144,Preeclampsia
unknown,Nervous inflammatory diseases or immune disorders
hsa-miR-933,Oral squamous cell carcinoma
unknown,Primary biliary cirrhosis
miR-206,Esophageal cancer
unknown,Ovarian cancer
miR-607,Non-small cell lung cancer
miR-663b,Carotid disease and ischemic stroke
hsa-miR-125a-5p,Endometriosis
miR-196b-5p,Colorectal cancer
miR-338,liver cancer
miR-26a,Osteoarthritis
miR-7,gastric cancer
hsa-miR-6829-3p,Non-small cell lung cancer
miR-96-5p,Non-small cell lung cancer
miR-562,Psoriasis
miR-200c,Breast cancer
miR-128-3p,Leukemia
unknown,Glioma
miR-204-5p,Diabetic cataract
miR-107,bladder carcinoma
miR-135a-5p,Lung adenocarcinoma
hsa-miR-564,Papillary thyroid carcinoma
hsa-miR-6807-3p,Hypertension
miR-545-5p,Tuberculosis
miR-526b,Gastric cancer
miR‑1287‑5p,Hepatocellular carcinoma
miR-1258,Hepatocellular carcinoma
miR-132-3p,Colorectal cancer
miR-181b-3p,Active pulmonary tuberculosis
miR-873,Neuroblastoma
miR-142-3p,Lung cancer
miR-377-3p,Oral squamous cell carcinoma
miR-502-5p,Renal cell carcinoma
miR-218-5p,Papillary thyroid carcinoma
miR-503-5p,Cervical cancer
miR-219a-5p,Lung adenocarcinoma
miR-26a,Breast cancer
miR-379-5p,Glioblastoma
unknown,Bladder cancer
unknown,Triple negative breast cancer
miR-30c-2-3p,Breast cancer
miR-181,Non-small cell lung cancer
miR-29a,Bladder cancer
hsa_miR-630,Idiopathic pulmonary fibrosis
hsa-miR-4258,Non-small cell lung cancer
miR-196b-5p,Pulmonary tuberculosis
miR-142,Triple negative breast cancer
miR-65,Hepatocellular carcinoma
miR-766-3p,Hepatocellular carcinoma
miR‑196a‑5p,Oral squamous cell carcinoma
hsa-miR-182-5p,Breast cancer
miR-203a-3p.1,Colorectal cancer
miR-205-5p,Osteosarcoma
miR-1236,Melanoma
miR-122-5p,Colorectal cancer
miR-424,Colorectal cancer
miR-149,Non-small cell lung cancer
miR-338-3p,Hypertrophic scar
hsa-miR-5195-3p,Glioblastoma
miR-224-3p,Ovarian cancer
miR-185,colon cancer
miR-518c-5p,Colon cancer
miR-193b-5p,Major depressive disorder
miR-338-3p,Hepatocellular carcinoma
miR-1178,Papillary thyroid carcinoma
miR-203a-3p,Nasopharyngeal carcinoma
miR-670-5p,Esophageal squamous cell carcinoma
miR-623,Non-small cell lung cancer
miR-654-3p,Gastric cancer
miR-9,Ovarian cancer
unknown,Basal cell carcinoma
hsa-miR-146b-3p,Type2 diabetes mellitus
miR-637,Rheumatoid arthritis
miR-6799-3p,Hypopharyngeal carcinoma
hsa-miR-216a-3p,Intracranial aneurysm
miR-620,Cervical cancer
unknown,Osteogenesis
miR-1287,Non-small cell lung cancer
miR-150-5p,Hirschsprung disease
hsa-miR-7-5p,Papillary thyroid carcinoma
miR-193a-3p,Prostate cancer
miR-129-5p,Multiple myeloma
miR-647,Osteosarcoma
miR-1205,Ovarian cancer
unknown,Cancer
unknown,Hypopharyngeal carcinoma
miR-10a-5p,Esophageal squamous cell carcinoma
miR-515,Esophageal cancer
miR-26b,Breast cancer
miR-149-5p,Colon cancer
miR378a,Osteoarthritis
miR-1228,Liver cancer
miR-873-5p,Esophageal cancer
unknown,Essential hypertension
miR-6873-3p,Inflammatory response
hsa-miR-135a-3p.,Thyroid cancer
hsa-miR-599,Osteosarcoma
miR-370-3p,Intervertebral disc degeneration
hsa-miR-490-3p,Papillary thyroid carcinoma
miR-1205,Glioma
miR-17,esophageal squamous cell carcinoma
miR-379,non small cell lung cancer
miR-513a-5p,Non-small cell lung cancer
hsa-miR-143-5p,Breast cancer
miR-19b-3p,Non-small cell lung cancer
miR-127-3p,Renal cell carcinoma
miR-3657,Gastric cancer
unknown,Proliferative vitreoretinopathy
hsa-miR-144-5p,Papillary thyroid carcinoma
miR-223,Bladder cancer
hsa-miR-1276,Hepatocellular carcinoma
miR-615-5p,Nasopharyngeal carcinoma
miR-524-3p,Lung adenocarcinoma
unknown,Asthma
miR-431,Intervertebral disc degeneration
miR-375,Hepatocellular carcinoma
miR-29a-3p,Clear cell renal cell carcinoma
miR-145,Pancreatic ductal adenocarcinoma
miR-1225,Oral squamous cell carcinoma
miR-216a-3p,Infantile hemangioma
unknown,Pancreatic cancer
miR-219a-5p,Osteosarcoma
miR-454-3p,Oral squamous cell carcinoma
miR-92,Glioblastoma
miR-7,lung cancer
let-7,Non-small cell lung cancer
miR-497,Non-small cell lung cancer
miR-145-5p,Non-small cell lung cancer
miR-593,Breast cancer
hsa-miR-326,Lung cancer
miR-625-5p,Breast cancer
unknown,Laryngeal cancer
unknown,Diabetes retinopathy
unknown,Systemic lupus erythematosus
miR-516b-5p,Lung cancer
miR-1304,Papillary thyroid carcinoma
miR-185-5p,Glioma
miR-615-5p,T-cell lymphoblastic lymphoma
miR-570-3p,Acute myeloid leukemia
miR-106a-5p,Breast cancer
miR-29a,Systemic lupus erythematosus
unknown,Colorectal cancer
Vimentin,Rheumatoid arthritis
unknown,Aortic valve calcification
miR-181b-2-3p,Leukoaraiosis
miR-654,Glioma
unknown,Scoliosis
unknown,Liver fibrosis
miR-1252,Epithelial ovarian cancer
miR197-3p,Cervical cancer
miR-363-3p,Colorectal cancer
miR-361-3p,Retinoblastoma
miR-6803-5p,Hepatocellular carcinoma
miR-612,Tuberculosis
miR-1179,Papillary thyroid carcinoma
miR-516a-5p,Papillary thyroid carcinoma
miR-656-3p,Rheumatoid arthritis
miR-1200,Osteosarcoma
miR‑370‑3p,Atherosclerosis
miR-514a-3p,Intervertebral disc degeneration
miR-182,Gastric cancer
hsa-miR-3064-5p,Papillary thyroid microcarcinoma
unknown,Apoptosis of aortic smooth muscle cells
hsa-miR-591,Papillary thyroid carcinoma
miR-181a,Pneumonia
miR-142-3p,Pneumonia
hsa-miR-1257,Glioblastoma
miR-1304,Thyroid cancer
unknown,Osteosarcoma
miR-127-5p,Esophageal squamous cell carcinoma
hsa-miR-193a-3p,Intracranial aneurysm
miR-214-3p,Hepatocellular carcinoma
miR-515-5p,Chronic obstructive pulmonary disease
miR-125b,Osteosarcoma
miR-5095,Esophageal cancer
miR-432-5p,Breast cancer
miR-204-3p,Autism spectrum disorder
miR-223-3p,Liver fibrosis
miR-200a,gastric cancer
hsa-miR-1204,Colorectal cancer
miR-153,Glioblastoma
miR-484,Hepatocellular carcinoma
miR-570-3p,Ovarian cancer
miR-6506-5p,Gastric cancer
unknown,photoaging
unknown,depression
unknown,Hepatic steatosis
miR-154-5p,Breast cancer
hsa-miR-214-3p,Uveal melanoma
unknown,Hypertension
miR-770-5p,Gastric cancer
unknown,Acute ischemic stroke
unknown,Early-Stage Lung Adenocarcinoma
miR-296-3p,Papillary thyroid carcinoma
miR-454-3p,Bladder cancer
miR-145-5p,Glioma
miR-193a-5p,Acute pancreatitis
miR-1204,Breast cancer
miR-214,Esophageal squamous cell carcinoma
miR-223,Pancreatic cancer
hsa-miR-564,Breast cancer
miR-145,Gastric carcinoma
miR-330-5p,Non-small cell lung cancer
miR-8077,Hypopharyngeal carcinoma
hsa-miR-663b,Type2 diabetes mellitus
miR-514a-5p,Renal cell carcinoma
unknown,Cholesteatoma
hsa-miR-449b-5p,Tuberculosis
miR-222*,Esophageal cancer
miR-328-3p,Breast cancer
unknown,Endplate cartilage degeneration
miR-548p,Breast cancer
miR-338-3p,Neuroblastoma
miR-377,Pancreatic ductal adenocarcinoma
miR-497,Bladder cancer
miR-302c-3p,Breast cancer
miR-599,Esophageal carcinoma
hsa-miR-3155a,T2DM with depression
miR-623,Hypopharyngeal carcinoma
hsa-miR-504-5p,Papillary thyroid carcinoma
miR-570-3p,Bladder cancer
miR-4688,Hepatocellular carcinoma
miR-30b-3p,Ebola virus disease
miR-23a-5p,Breast cancer
unknown,chronic thromboembolic pulmonary hypertension
miR-503-5p,Hepatoblastoma
miR-136-5p,Tuberculosis
miR-489,Pancreatic cancer
miR-29c-3p,Oral squamous cell carcinoma
miR-382,Colorectal cancer
miR-1250-5p,Hypopharyngeal carcinoma
miR-103a-2-5p,Laryngeal cancer
unknown,Papillary thyroid microcarcinoma
miR‑525‑3p,Colorectal cancer
miR-557,Pancreatic cancer
miR-181a-3p,Glioblastoma
unknown,Type 1 diabetes mellitus
miR-1205,Colorectal cancer
miR-1265,Glioma
miR-103a-2-5p,Colorectal cancer
miR‑485‑5p,Colorectal cancer
miR-660-3p,Breast cancer
miR-485-3p,Breast cancer
miR-567,Renal cell carcinoma
miR-196b-5p,Cervical cancer
hsa-miR-888-5p,Papillary thyroid microcarcinoma
hsa-miR-595,Papillary thyroid carcinoma
miR-302b-3p,Intervertebral disc degeneration
Slug,Pulmonary tuberculosis
miR-766-5p,Cholangiocarcinoma
miR-298,Breast cancer
miR-873-5p,Thoracic aortic dissection
miR-200a-3p,Bladder cancer
miR-365b-5p,Hepatocellular carcinoma
miR-4738-3p,Hepatocellular carcinoma
miR-942,Osteosarcoma
hsa-miR-15a-5p,Papillary thyroid carcinoma
miR-375,Gastric cancer
miR-204-5p,Osteogenesis
unknown,Malignant melanoma
hsa-miR-892a,Non-small cell lung cancer
miR-29b,Gastric cancer
unknown,Medulloblastoma
miR-182,Oral squamous cell carcinoma
miR-1273f,Bladder cancer
miR-1265,Bladder cancer
miR-382,Osteosarcoma
miR-297,Myocardial ischemia
miR-93-3p,Breast cancer
miR-155-5p,Gastric cancer
miR-340-5p,Clear cell renal cell carcinoma
miR-718,Non-small cell lung cancer
miR-1305,Esophageal squamous cell carcinoma
miR-103,Hepatocellular carcinoma
has-miR-338-3p,Osteosarcoma
miR-337-3p,Cervical cancer
hsa-miR-6807-3p,Lupus nephritis
miR-4420,Lung cancer
miR-33a-3p,Gastric cancer
miR-17-3p,Intervertebral disc degeneration
miR-526b-5p,Oral squamous cell carcinoma
unknown,Clear cell renal cell carcinoma
miR-136,Hypopharyngeal carcinoma
miR-626,Bladder cancer
hsa-miR-346,Lung cancer
miR-646,Endometrial carcinoma
miR-1205,Osteosarcoma
miR-145-5p,Lung adenocarcinoma
miR-4646-3p,Lung cancer
miR-1286,Cervical cancer
miR-3662,Osteosarcoma
hsa-miR-216a-3p,Non-small cell lung cancer
miR-370-3p,Atherosclerosis
hsa-let-7c-3p,Uveal melanoma
hsa-miR-376a-5p,Breast cancer
miR-20a,Infantile hemangioma
unknown,bladder carcinoma
miR-185-5p,Colorectal cancer
unknown,Spinal cord injury
hsa-miR-302c-3p,Papillary thyroid microcarcinoma
miR-145-5p,Hypopharyngeal carcinoma
miR20a,Osteoarthritis
miR-195-5p,Postmenopausal Osteoporosis
miR-217,Bladder cancer
miR-143-3p,Melanoma
hsa-miR-324-5p,Colorectal cancer
miR-421,Hypertension
miR-296-3p,Tuberculosis
unknown,Epithelial ovarian cancer
miR-485-5p,Renal cell carcinoma
unknown,Hematopoiesis
miR-4474-3p,Hypopharyngeal carcinoma
miR-629-3p,Cervical cancer
miR-524-5p,Glioma
miR-140-3p,Esophageal squamous cell carcinoma
miR-8075,Cervical cancer
miR-203a-3p,Breast cancer
hsa-miR-144-5p,Breast cancer
miR-1268b,Oral mucosal melanoma
hsa-miR-181b-5p,Intracranial aneurysm
miR-7,hepatocellular carcinoma
miR-140-3p,Lung adenocarcinoma
miR-544a,Glioma
miR-634,Tongue squamous cell carcinoma
miR-194-5p,Lung cancer
hsa-miR-329-5p,Papillary thyroid carcinoma
miR-1238,Cutaneous squamous cell carcinoma
miR-30a-3p,Gastric cancer
miR-130a-3p,Intestinal injury and repair
miR-103a-3p,Osteoarthritis
miR-184,Ovarian cancer
unknown,Sepsis
miR-1207-5p,Colorectal cancer
miR-637,Gastric cancer
MMP13,Hypopharyngeal carcinoma
miR-875,osteoarthritis
hsa-miR-1258,Colorectal cancer
miR-644a,Lung cancer
hsa-miR-574-5p,Papillary thyroid microcarcinoma
unknown,Rectal cancer
hsa-miR-335-3p,Nasopharyngeal carcinoma
hsa-miR-675-5p,Papillary thyroid carcinoma
miR-143,Diabetic kidney disease
miR-204-5p,Aortic valve calcification
miR-199b-5p,Colorectal cancer
miR-620,Hepatocellular carcinoma
miR-646,Prostate cancer
miR-124,Hepatocellular carcinoma
miR-512-5p,Colorectal cancer
miR-376a,Non-small cell lung cancer
miR-569,Osteosarcoma
E-cadherin,Rheumatoid arthritis
CDK6,Lung cancer
miR-1231,Gastric cancer
miR-320a,Cervical cancer
miR-330-5p,Basal cell carcinoma
miR-665,Ovarian cancer
miR-23a,Esophageal squamous cell carcinoma
miR-33a-5p,Tongue squamous cell carcinoma
miR-183-5p,Acute myeloid leukemia
miR-335-5p,Breast cancer
miR-124,diabetes mellitus correlated vasculopathy
miR-421,Postmenopausal Osteoporosis
unknown,Pulmonary hypertension
miR-29b,Oral squamous cell carcinoma
miR‑1297,Triple negative breast cancer
hsa-miR-574-5p,Ischaemic heart disease
hsa-miR-4279,Non-small cell lung cancer
miR-6836-5p,Hypopharyngeal carcinoma
hsa-miR-518c-5p,Tuberculosis
hsa-miR-125b-5p,Papillary thyroid carcinoma
miR-370,Gallbladder cancer
miR-296-5p,Osteoarthritis
miR-671-5p,Osteoarthritis
unknown,Chronic myeloid leukemia
hsa-miR-146b-3p,Gastric cancer
unknown,coronary artery disease
hsa-miR-591,Breast cancer
miR-224,Gastric cancer
miR-501-3p,Prostate cancer
miR-3607,Breast cancer
miR-139-3p,Esophageal cancer
hsa-miR-3138,Preeclampsia
miR-133b,Colorectal cancer
miR-431-5p,Melanoma
miR-145-5p,Osteosarcoma
miR-1253,Osteosarcoma
unknown,Small cell lung cancer
miR-490-3p,Non-small cell lung cancer
hsa-miR-1307,Hepatocellular carcinoma
miR-195-5p,clear cell renal cell carcinoma
hsa-miR-604,Papillary thyroid carcinoma
miR-522-3p,Tuberculosis
miR-139-3p,Breast cancer
miR-296-5p,Breast cancer
hsa-miR-95-5p,Papillary thyroid carcinoma
miR-330-5p,Pancreatic cancer
miR-422a,Esophageal squamous cell carcinoma
has-miR-449b-5p,Endometriosis
miR-125-5p,Colorectal cancer
miR-195-5p,Papillary thyroid carcinoma
miR-205-5p,Breast Carcinoma
unknown,Nasopharyngeal cancer
miR-491-5p,Hypertension
miR-99a-5p,Gastric cancer
miR-21-5p,Acute kidney injury
miR-183-5p,Glioma
miR-130a-5p,Hepatocellular carcinoma
miR-217,Colorectal cancer
miR-362-3p,Tuberculosis
miR-138,colorectal cancer
unknown,Melanoma
c-myc,Glioblastoma
miR-1265,Osteosarcoma
miR-1247-5p,Cutaneous squamous cell carcinoma
miR-138-5p,Colorectal cancer
miR-1254,Hypopharyngeal carcinoma
miR-382-5p,Glioblastoma
miR-7,Non-small cell lung cancer
miR-1282,Gastric cancer
hsa-miR-197-5p,Papillary thyroid microcarcinoma
miR-140-3p,Endometriosis
miR-657,Tuberculosis
miR-143,Osteosarcoma
miR-578,Osteosarcoma
miR-125b-5p,Osteosarcoma
miR-498,Cervical cancer
miR-665,Liver cancer
hsa-miR-4743-5p,Non-small cell lung cancer
miR-646,Gastric cancer
unknown,Acute pancreatitis
miR-100,Renal carcinoma
miR-125a,Colorectal cancer
miR-3200-5p,Gastric carcinoma
miR-873-5p,Non-small cell lung cancer
hsa-miR-2682,Triple negative breast cancer
miR-92b-3p,Hepatocellular carcinoma
miR-203,Non-small cell lung cancer
miR-140-5p,Hepatocellular carcinoma
miR-324-5p,Endometrial carcinoma
hsa-miR-452-3p,Papillary thyroid carcinoma
miR-3619-5p,Lung cancer
miR-106a,Ovarian cancer
miR-6804-5p,Hypopharyngeal carcinoma
miR-614,Non-small cell lung cancer
miR-328,Atrial fibrillation
miR-433-3p,Non-small cell lung cancer
miR-762,Preeclampsia
hsa-miR-595,Breast cancer
miR-638,Glioma
miR-34a,Hepatocellular carcinoma
miR-637,Ovarian cancer
miR-758-3p,Cervical cancer
hsa-miR-136-5p,Lung cancer
hsa-miR-125b-5p,Tuberculosis
has_miR_665,Gastric cancer
miR-30b-3p,Ovarian cancer
has-let-7a-5p,Asthma
miR-188-3p,Non-small cell lung cancer
miR-125a,Osteosarcoma
miR-338-3p,Lung adenocarcinoma
miR-361-5p,Hypertension
miR-145-5p,Clear cell renal cell carcinoma
hsa-miR-582-5p,Endometriosis
miR-330-5p,Hypertension
hsa-miR-361-3p,Papillary thyroid carcinoma
unknown,Pulmonary arterial hypertension
hsa-miR-412-3p,Breast cancer
miR-599,Thyroid cancer
unknown,Myocarditis
miR-141–5p,Endometriosis
miR-558,Gastric cancer
miR-299-3p,Esophageal cancer
miR-181a,Glioma
miR-142-3p,Glioma
miR-204,Rheumatoid arthritis
miR-130a-3p,Gastric cancer
miR-217,arsenic poisoning; arsenite-induced skin oncogenesis
miR-124,Gastric cancer
miR-545-3p,Non-small cell lung cancer
miR-646,Retinoblastoma
miR-19a,Glioblastoma
miR-30a-3p,Retinal vascular dysfunction
miR-6893-3p,Intervertebral disc degeneration
hsa-miR-125a-3p,Papillary thyroid carcinoma
unknown,Rheumatic heart disease
miR-514a-5p,Intervertebral disc degeneration
miR-98,Osteoporosis
unknown,Lung cancer
miR-455-5p,Tongue squamous cell carcinoma
miR-25-3p,Non-small cell lung cancer
miR-150,Lupus nephritis
hsa-miR-629-3p,Papillary thyroid carcinoma
miR-362-5p,Neuroblastoma
miR-616,Colorectal cancer
miR-204-3p,Oral squamous cell carcinoma
miR-217,Colon cancer
miR‑34a‑5p,Colon cancer
miR-382-5P,Oral squamous cell carcinoma
miR-328-5p,Colorectal cancer
miR-3184-3p,Atherosclerosis
miR-197-3p,Breast cancer
hsa-miR-670-5p,Papillary thyroid carcinoma
hsa-miR-663b,Gastric cancer
hsa-miR-877-5p,Hepatocellular carcinoma
miR-580-5p,Hepatocellular carcinoma
hsa-miR-1264,Colorectal cancer
miR-138,Intracranial aneurysm
unknown,Oral mucosal melanoma
hsa-miR-4713-5p,Papillary thyroid carcinoma
miR-326-3p,Gastric cancer
AR,Oral squamous cell carcinoma
miR-200c,Laryngeal cancer
hsa-miR-619-3p,Papillary thyroid carcinoma
miR-625-5p,Glioma
miR-146a,Osteoporosis
hsa-miR-622,Lung cancer
miR-767-5p,Tuberculosis
unknown,osteoarthritis
miR‑210‑5p,Renal cell carcinoma
miR-490-3p,Esophageal squamous cell carcinoma
VEGFA,Systemic lupus erythematosus
miR-107,Gastric cancer
miR-125a-5p,Breast cancer
unknown,Alzheimers disease
MiR-455-3p,Colorectal cancer
miR-361-5p,Postmenopausal Osteoporosis
hsa-miR-6873-3p,Breast cancer
miR-7-5p,Nasopharyngeal carcinoma
miR-143-3p,Hepatocellular carcinoma
unknown,Myocardial injury
hsa-miR-196b-3p,Glioblastoma
miR-595,Non-small cell lung cancer
miR-1271,Breast cancer
hsa-miR-22-5p,Uveal melanoma
miR-7,Alzheimer's disease
miR-29b,Systemic lupus erythematosus
miR-493-5p,Laryngeal squamous cell carcinoma
c-myc,Cervical cancer
miR-8064,Intervertebral disc degeneration
miR-2467-3p,Non-small cell lung cancer
miR-1296-5p,Hepatocellular carcinoma
miR-22-3p,Non-small cell lung cancer
miR-1229-3p,Glioma
miR-942,Pulmonary arterial hypertension
miR-138-5p,Glioblastoma
miR-29a-3p,Prostate cancer
hsa-miR-140-3p,Glioblastoma
miR-223,Pulmonary arterial hypertension
miR-627-3p,Leukoaraiosis
unknown,Glaucoma
miR-515-5p,Non-small cell lung cancer
unknown,Rheumatoid arthritis
miR-1229,Esophageal squamous cell carcinoma
miR-1343-5p,Intervertebral disc degeneration
miR-7,Esophageal squamous cell carcinoma
unknown,maternal aging
hsa-miR-7157-5p,Psoriasis
miR-125a-3p,Hashimoto's thyroiditis
miR-214-5p,Gastric cancer
miR-30e-5p,Breast cancer
miR-30e-3p,Tuberculosis
miR-7,Lung adenocarcinoma
miR-630,Gastric cancer
miR-124,Kidney cancer
hsa-miR-601,Systemic lupus erythematosus
miR-584-5p,Lung cancer
miR-221,Lung cancer
unknown,atherosclerosis
miR-4687-3p,Gastric cancer
miR-326,Glioblastoma
miR1227-5p,Gastric cancer
miR-124,Oral squamous cell carcinoma
unknown,Temporomandibular joint osteoarthritis
miR-511,Bladder cancer
miR-211-5p,Lung adenocarcinoma
NOTCH1,Diabetes retinopathy
unknown,Adrenocortical carcinoma
miR-422a,Postmenopausal Osteoporosis
unknown,Autism spectrum disorder
miR-383-5p,Medulloblastoma
miR1264,Atherosclerosis
miR-181,Lung cancer
hsa-miR-18b-3p,Papillary thyroid carcinoma
miR-101-3p.1,Gastric cancer
hsa-miR-150-5p,Essential hypertension
miR-650,Tuberculosis
miR-4458,Non-small cell lung cancer
hsa-miR-1233,Gastric cancer
miR-182-5p,Gastric cancer
hsa-miR-670-5p,Tuberculosis
hsa-miR-4459,Hepatocellular carcinoma
miR-599,Osteoarthritis
miR-495,Osteoarthritis
miR-96-5p,Myocardial injury
miR-545,Lung adenocarcinoma
miR-6809,Triple negative breast cancer
hsa-miR-8073,Non-small cell lung cancer
hsa-miR-92a-2-5p,Ischaemic heart disease
miR-186,Hepatocellular carcinoma
miR-195,Non-small cell lung cancer
miR-338-5p,Non-small cell lung cancer
miR-30b-5p,Prostate cancer
miR-760,Polycystic ovary syndrome
hsa-miR-335,Clear cell renal cell carcinoma
miR-513a-3p,Breast cancer
miR-1299,Cholangiocarcinoma
miR-30b-3p,Colorectal cancer
hsa-miR-21-5p,Colorectal cancer
miR-647,Prostate cancer
miR-770-5p,Glioblastoma
miR-1299,Breast cancer
miR-335-3p,Cervical cancer
miR-1138,Papillary thyroid carcinoma
Slug,Rheumatoid arthritis
miR-186,Angiogenesis
miR-31,Hepatocellular carcinoma
miR-125a-3p,Glioblastoma
hsa-miR-1303,Hepatocellular carcinoma
hsa-miR-665,Systemic lupus erythematosus
miR-214,Lung cancer
miR-126,Cervical cancer
miR-767-5p,Breast cancer
hsa-miR-125a-3p,Temporal Lobe Epilepsy
unknown,hypopharyngeal squamous cell carcinoma
miR-185-5p,Lung cancer
miR-193b,osteoarthritis
unknown,Acute kidney injury
miR-1273g-3p,Acute Stanford type A aortic dissection
miR-548I,Hepatocellular carcinoma
unknown,Moyamoya disease
unknown,Congenital heart disease
miR-4302,Lung cancer
miR-194-5p,Psoriasis
ARC,Papillary thyroid carcinoma
unknown,cervical carcinoma
miR-335,Gastric cancer
unknown,Intestinal injury and repair
miR-671-5p,Lung squamous cell carcinoma
miR-577,Hepatocellular carcinoma
hsa-miR-92a-3p,Uveal melanoma
miR-646,Endometrial cancer
hsa‑miR‑548c‑3p,Hypopharyngeal carcinoma
miR-135a,Heart failure
miR-127-5p,Osteoarthritis
unknown,Endometrial carcinoma
miR-3127-5p,Hypopharyngeal carcinoma
unknown,Diabetic nephropathy
miR-490-3p,Hypertension
miR-361-3p,Cervical cancer
miR‑1231,Bladder cancer
miR-136-5p,Non-small cell lung cancer
miR-486,Hepatocellular carcinoma
hsa-miR-107,Bladder cancer
miR-186,angiogenesis
hsa-miR-100-3p,Breast cancer
hsa-miR-146b-3p,Colorectal cancer
hsa-miR-103a-2-5p,Papillary thyroid microcarcinoma
miR-224-5p,Gastric cancer
miR-1252,Gastric cancer
hsa-miR-711,Osteosarcoma
hsa-miR-584-3p,Lung cancer
unknown,Multiple myeloma
miR-375,Gastric carcinoma
miR-145,Ovarian carcinoma
miR-635,Non-small cell lung cancer
miR-379-5p,Non-small cell lung cancer
miR-3171,Hepatocellular carcinoma
hsa-miR-338-3p,Uveal melanoma
hsa-miR-4691-5p,Non-small cell lung cancer
miR-138-5p,Cervical cancer
miR-370-3p,Intervertebral disc disease
miR-302e,Ovarian cancer
miR-1179,Non-small cell lung cancer
miR-29c-3p,clear cell renal cell carcinoma
miR-221,Ischemic stroke
miR-605-3p,Tuberculosis
miR-1283,Hepatocellular carcinoma
miR-3666,Bladder cancer
hsa-miR-502-5p,Hepatocellular carcinoma
miR-22,Osteosarcoma
hsa-miR-18b-3p,Tuberculosis
miR-876-5p,Gastric cancer
miR-432-5p,Pancreatic cancer
hsa-miR-1182,Preeclampsia
miR-875-3p,Hepatocellular carcinoma
let-7,Lung cancer
miR-760,Ovarian cancer
miR-142-5p,Non-small cell lung cancer
miR-22-3p,Lung adenocarcinoma
miR-876-3p,Lupus nephritis
miR-217,glioma
miR-452-5p,Hepatocellular carcinoma
miR-7160-5p,Intervertebral disc degeneration
miR-607,Intestinal injury and repair
miR-646,Diabetic retinopathy
hsa-miR-629-3p,Breast cancer
miR-141-3p,Hepatocellular carcinoma
miR-7-5p,Lung cancer
miR-556-5p,Carotid disease and ischemic stroke
miR-499a-5p,Glioma
miR-181b,Abdominal aortic aneurysm
miR-326,Cervical cancer
hsa-miR-143-3p,Lung adenocarcinoma
miR-760,Glioma
miR-21,Polycystic ovary syndrome
α-SMA,Temporal Lobe Epilepsy
unknown,Prostate cancer
miR-520h,Lung cancer
miR-661,Ovarian cancer
miR-490-3p,Postmenopausal Osteoporosis
miR-296-5p,Non-small cell lung cancer
hsa-miR-214-3p,Hepatocellular carcinoma
hsa-miR-6778-3p,Non-small cell lung cancer
miR-29a,Prostate cancer
unknown,Amyotrophic lateral sclerosis
miR-187-3p,Hepatocellular carcinoma
miR-615-5p,Ovarian cancer
miR-136,Osteoarthritis
miR‑637,Osteosarcoma
miR-1304,Glioma
miR-136,Esophageal cancer
miR-21,Non-small cell lung cancer
miR-1,Glioblastoma
miR-181a-2*,radioresistant esophageal cancer cells
Vimentin,Pulmonary tuberculosis
miR-377-3p,Hepatocellular carcinoma
miR-103a-3p,Glioma
1231,Bladder cancer
miR-520d-3p,Breast cancer
miR-7,esophageal squamous cell carcinoma
miR-132,Glioma
miR-520c-3p,Hepatocellular carcinoma
miR-9,Hepatocellular carcinoma
miR-29a-3p,Oral squamous cell carcinoma
miR-143,Lung cancer
miR-626,Lung cancer
miR-1304,Bladder cancer
miR-20a,Colorectal cancer
miR-3607-5p,Inflammation
miR-432-5p,Osteosarcoma
miR-141-3p,Prostate cancer
unknown,Salivary adenoid cystic carcinoma
miR-382,Hepatocellular carcinoma
miR-136,Breast cancer
unknown,Periodontitis
miR‑23a‑5p,Hepatocellular carcinoma
miR-512-5p,Glaucoma
miR-186-5p,Prostate cancer
hsa-miR-636,Gastric cancer
hsa-miR-942-5p,Lung cancer
miR-141-5p,Breast cancer
miR-499a-3p,Infantile hemangioma
miR-103a-2-5p,Hepatocellular carcinoma
BAG4,Epithelial ovarian cancer
miR-646,Laryngeal squamous cell carcinoma
let-7,Breast cancer
miR‑432,Cervical cancer
miR-214,Infantile hemangioma
miR-106b-5p,Temporal lobe epilepsy
miR-1182,Non-small cell lung cancer
miR-370,Ovarian cancer
miR-135b,Heart failure
miR-424-5p,Hepatocellular carcinoma
miR-492,Retinoblastoma
miR-516a-5p,Bladder cancer
miR-129-5p,Gastric adenocarcinoma
miR-346,Prostate cancer
miR-134,Major depressive disorder
miR-155,Non-small cell lung cancer
miR-7-5p,Breast cancer
miR-106b,PDLSC osteogenis
miR-485-3p,Colorectal cancer
hsa-miR-184,Gastric cancer
miR-1270,Lung adenocarcinoma
hsa-miR-4261,Preeclampsia
miR-629,Hepatocellular carcinoma
miR-6880-5p,Hypopharyngeal carcinoma
unknown,Ovarian endometriosis
miR-519-5p,Cervical cancer
hsa-miR-4310,Psoriasis
miR-149-5p,Non-small cell lung cancer
miR-636,Hypopharyngeal carcinoma
miR-29a-3p,Ovarian cancer
miR-139-3p,Glioma
miR-218-5p,Osteosarcoma
cyclinD1,Major depressive disorder
hsa-miR-361-3p,Intracranial aneurysm
hsa-miR-450b-5p,Epithelial ovarian cancer
miR-9,Prostate cancer
miR-877-3p,Leukoaraiosis
miR-218,Diabetic nephropathy
unknown,Osteoporosis
miR-1200,Gastric cancer
hsa-miR-518c-5p,Preeclampsia
ITCH,Breast cancer
miR-106,Gastric cancer
miR-495-3p,Major depressive disorder
miR-6751-5p,Hepatocellular carcinoma
hsa-miR-8085,Non-small cell lung cancer
miR-1252,Ovarian cancer
unknown,Nonfunctioning pituitary adenomas
hsa-miR-33b-5p,T2DM with depression
hsa-miR-708-5p,Intracranial aneurysm
miR-124-5p,Acute myeloid leukemia
hsa-miR-940,Hepatocellular carcinoma
hsa-miR-663b,Colorectal cancer
miR-124,Pancreatic ductal adenocarcinoma
miR-95-5p,Tuberculosis
miR-214,osteosarcoma
unknown,Gastric cancer
miR-134-5p,Parkinson's disease
miR-296-5p,Triple negative breast cancer
hsa-miR-4769-3p,Psoriasis
miR-613,Colorectal cancer
miR-526b,Hepatocellular carcinoma
hsa-miR-330-5p,Lung cancer
miR-126-5p,Acute kidney injury
miR-1294,Esophageal cancer
miR-424-5p,Prostate cancer
miR-204,Oral squamous cell carcinoma
unknown,Psoriasis
miR-384,Rheumatoid arthritis
miR-653,Breast cancer
miR-767-3p,Hepatocellular carcinoma
miR-217,Glaucoma
miR-590-5p,Non-small cell lung cancer
hsa-miR-450b-3p,Gastric cancer
miR449a,Hepatocellular carcinoma
miR-641,Osteoarthritis
miR-323a-5p,Colorectal cancer
miR-203,Nasopharyngeal carcinoma
miR-146b-3p,Bladder cancer
miR-150-5p,Cervical cancer
miR-889-3p,Cervical cancer
miR-223-3p,Gastric cancer
miR-200b,Hepatocellular carcinoma
miR-361-5p,Breast cancer
miR-141-3p,hepatocellular carcinoma
miR-3680-3p,Esophageal squamous cell carcinoma
unknown,Lupus Nephritis
miR-760,Colorectal cancer
hsa-miR-1204,Gastric cancer
miR-1236-3p,Cutaneous squamous cell carcinoma
miR-186-5p,Gastric cancer
miR-1224-5p,Acute myeloid leukemia
unknown,Insulin resistance
hsa-miR-1265,Lung cancer
hsa-miR-1245,Lung cancer
miR-143,Ischemic stroke
miR-96-3p,Lung cancer
miR-139-5p,Papillary thyroid carcinoma
hsa-miR-660-3p,Papillary thyroid carcinoma
hsa-miR-593-3p,Lung cancer
miR-93-5p,Postmenopausal osteoporosis
miR-181b-3p,Leukoaraiosis
miR-7108-5p,Hypopharyngeal carcinoma
miR-339-5p,Basal cell carcinoma
unknown,Acute myocardial infarction
miR-338-5p,Osteosarcoma
miR-127,Ovarian cancer
hsa-miR-6833-3p,Breast cancer
unknown,Retinoblastoma
miR-335-5p,Pancreatic cancer
miR-641,Cholangiocarcinoma
hsa-miR-409-5p,Tuberculosis
miR-145,Non-small cell lung cancer
hsa-miR-6783-3p,Glioblastoma
miR-512-3p,Triple negative breast cancer
miR-203a-3p,Osteosarcoma
miR-661,Colorectal cancer
miR-331-3p,Non-small cell lung cancer
miR-580-3,Non-small cell lung cancer
hsa-miR-521,Type2 diabetes mellitus
miR-103a-3p,Colorectal cancer
miR-328-5p,Oral mucosal melanoma
hsa-miR-222-5p,Breast cancer
miR-296-3p,Hypopharyngeal carcinoma
miR-17,Esophageal squamous cell carcinoma
hsa-miR-23b-3p,Papillary thyroid carcinoma
miR-142-3p,Cervical cancer
miR-581,Breast cancer
miR-217,Hepatoblastoma
miR-34a-5p,Glioma
miR-9,hepatocellular carcinoma
miR-30e-5p,Non-small cell lung cancer
miR-17,Lung adenocarcinoma
hsa-miR-496,Acute myeloid leukemia
miR-5001-3p,Non-small cell lung cancer
hsa-miR-149-5p,Papillary thyroid carcinoma
miR-223,Gastric cancer
hsa-miR-330-5p,Breast cancer
miR-593-3p,Non-small cell lung cancer
miR-494-3p,Preeclampsia
miR-130a-3p,Coronary artery disease
miR-29c-3p,Hepatoblastoma
has-miR-29a-5p,Oral squamous cell carcinoma
hsa-miR-23a-3p,Papillary thyroid carcinoma
hsa-miR-6812-5p,Papillary thyroid carcinoma
unknown,Uterine leiomyoma
unknown,Oral squamous cell carcinoma
miR-34a-5p,Bladder cancer
miR-124,Glioblastoma
miR-1205,Gastric cancer
miR-497,Prostate cancer
miR-876-5p,Active pulmonary tuberculosis
miR-29a,Oral squamous cell carcinoma
miR-211-5p,Thyroid cancer
miR-424-5p,Gastric cancer
miR-29a-3p,Diabetic retinopathy
miR-125a-5p,Glioma
miR‑370‑3p,Esophageal cancer
miR-34a,Pancreatic ductal adenocarcinoma
miR-122,Pancreatic ductal adenocarcinoma
miR-149-5p,Esophageal squamous cell carcinoma
miR-197-3p,Triple negative breast cancer
miR-144,Non-small cell lung cancer
miR-429,Non-small cell lung cancer
miR-20a-5p,Acute myeloid leukemia
miR-139-3p,Colorectal cancer
hsa-miR-607,Papillary thyroid microcarcinoma
miR-138,Colorectal cancer
unknown,non small cell lung cancer
miR-217,Hepatocellular carcinoma
has-miR-6079,Oral squamous cell carcinoma
miR-26a,osteoarthritis
miR-1224-5p,Bladder cancer
unknown,hypertension
unknown,Steroid-induced osteonecrosis of the femoral head
miR-539-3p,Gastric cancer
unknown,Non-obstructive azoospermia
miR-516b,Glioma
miR-1299,Acute myeloid leukemia
miR-433,breast carcinoma
miR-433,Cervical cancer
miR-130a-3p,Renal cell carcinoma
miR-587,Colorectal cancer
miR-370,Osteosarcoma
miR-767-5p,Acute myeloid leukemia
miR-149-3p,Liver cancer
miR-509-3p,Breast cancer
miR-486-5p,Pancreatic cancer
unknown,Temporal lobe epilepsy
miR-143,Prostate cancer
miR-10a-5p,Ovarian cancer
miR-302a-3p,Intervertebral disc degeneration
miR-326,Hepatocellular carcinoma
miR-765,Acute myeloid leukemia
miR-124,Bladder urothelial carcinoma
miR-96-5p,Oral squamous cell carcinoma
miR-101,Non-small cell lung cancer
miR-27a,Pneumonia
hsa-miR-135a-3p.,Nasopharyngeal carcinoma
miR-377,Non-small cell lung cancer
miR-383,Colorectal cancer
hsa-miR-4687-3p,Papillary thyroid microcarcinoma
miR-148a-5p,Gastric cancer
miR-182,Hepatocellular carcinoma
miR-556-5p,Type2 diabetes mellitus
unknown,Chronic hepatitis B
miR-876-3p,Atherosclerosis
hsa-miR-1258,Gastric cancer
hsa-miR-518c-3p,Papillary thyroid microcarcinoma
miR-488,Non-small cell lung cancer
miR-548,Myocardial infarction
mPTP,Nonalcoholic steatohepatitis
hsa-miR-208b-5p,Papillary thyroid carcinoma
miR-200b,hepatocellular carcinoma
miR-526b-5p,Hepatocellular carcinoma
miR-22-3p,Papillary thyroid carcinoma
miR-204-5p,Gastric cancer
miR-195-5p,Glioma
miR-93-5p,Intervertebral disc degeneration
hsa-miR-371a-5p,Intracranial aneurysm
miR-184,Hepatocellular carcinoma
unknown,T cell ageing and global immunosenescence
miR-10b-5p,Colorectal cancer
miR-567,Lung adenocarcinoma
miR-34a,triple negative breast cancer
miR-630,Glioblastoma
hsa-miR-6760-5p,Papillary thyroid microcarcinoma
miR-1299,Ovarian cancer
miR-106b-5p,Colon cancer
miR-449a,Cellular senescence
miR-497,Gastric cancer
miR-1287,Retinoblastoma
miR-145-5p,Gastric cancer
hsa-miR-486-3p,Systemic lupus erythematosus
hsa-let-7i-3p,Colorectal cancer
miR-224,gastric cancer
hsa-miR-500a-5p,Papillary thyroid microcarcinoma
miR-103a-3p,bladder carcinoma
miR-23a-3p,Osteosarcoma
miR-195-5p,Triple negative breast cancer
miR-497-5p,Esophageal squamous cell carcinoma
miR-769-3p,Breast cancer
miR-665,Hepatocellular carcinoma
hsa-miR-200a-3p,Papillary thyroid carcinoma
miR-599,Glioma
miR-942,Ovarian cancer
unknown,Endometrial cancer
miR-328-5p,Hepatocellular carcinoma
miR-4262,Colorectal cancer
miR-149*,breast carcinoma
miR-135a-5p,Colorectal cancer
miR-665,Major depressive disorder
unknown,Liver cancer
hsa-miR-516b-3p,Papillary thyroid microcarcinoma
miR-1287-5p,Chronic hepatitis B
miR-129-5p,Hepatocellular carcinoma
MiR-378a-3p,Prostate cancer
miR-1299,Triple negative breast cancer
miR-556-5p,Cholangiocarcinoma
miR-485-3p,Cervical cancer
miR-670-5p,Hypopharyngeal carcinoma
miR-526b-3p,Glioma
miR-556-5p,Breast cancer
miR-26b-3p,Colorectal cancer
miR-448,Osteosarcoma
miR-23b-3p,Age-related cataract
miR-17-5p,Prostate cancer
hsa-miR-761,T2DM with depression
miR-204-5p,Retinoblastoma
miR-1271-5p,Osteoarthritis
miR-338-3p,Pneumonia
miR-16-5p,Neuroblastoma
has-miR-222-3p,Endometriosis
miR-26a-5p,Osteosarcoma
miR-1307,Hepatocellular carcinoma
miR-379,Non-small cell lung cancer
miR-411,Clear cell renal cell carcinoma
miR-421,Glioma
miR-498,Liver cancer
hsa-miR-4255,Preeclampsia
hsa-miR-136-5p,Systemic lupus erythematosus
miR-221,Bladder cancer
miR-296-5p,Clear cell renal cell carcinoma
miR-125b-5p,Gastric cancer
unknown,Duchenne muscular dystrophy
miR-296-3p,Clear cell renal cell carcinoma
miR-7,Breast cancer
miR-323a-5p,Lupus nephritis
miR-1248,Laryngeal squamous cell carcinoma
miR-301a-5p,Rheumatoid arthritis
miR-510-5p,Colon cancer
hsa-miR-1207-5p,Hepatocellular carcinoma
miR-519d-3p,Diabetic retinopathy
miR-384,Gastric cancer
miR-10a-5p,Essential hypertension
miR-628-5p,Glioma
hsa-miR-6768-5p,Fetal growth restriction
miR-1182.,Non-small cell lung cancer
miR-129,Ovarian cancer
miR-651,Nasopharyngeal carcinoma
hsa-miR-320a,Thoracic aortic dissection
miR-449a,Pressure ulcer
miR-23a,Clear cell renal cellcarcinoma
miR-921,Breast cancer
unknown,Diabetic retinopathy
unknown,Cardiac hypertrophy
miR-486-3p,Intervertebral disc degeneration
unknown,Breast carcinoma
miR-124,Thyroid cancer
miR-155-5p,Hepatocellular carcinoma
miR-149,Glioma
unknown,Idiopathic membranous nephropathy
miR-152,Osteoporosis
miR-7,colorectal cancer
miR-421,Triple negative breast cancer
miR‑125b,Oral squamous cell carcinoma
miR-431,Tongue squamous cell carcinoma
miR-509,Breast carcinoma
miR-3622b-5p,breast carcinoma
miR-455-3p,Colorectal cancer
miR-26b-3p,Pulmonary tuberculosis
unknown,Conjunctival melanoma
miR-214,Glioma
miR-634,Cervical cancer
miR-519d-3p,Colorectal cancer
mir-582-3p,Systemic lupus erythematosus
miR-330-3p,Non-small cell lung cancer
unknown,Uveal melanoma
mir-582-5p,Lung cancer
miR-411-5p,Hepatocellular carcinoma
miR-146a-5p,Radiation-induced liver disease
hsa-miR-646,Diabetes retinopathy
miR-1224,Hepatocellular carcinoma
miR-185-3p,Non-small cell lung cancer
miR-206,Prostate cancer
unknown,Demyelinating disease
miR-377,Esophageal squamous cell carcinoma
miR-581,Clear cell renal cellcarcinoma
miR-214,Bladder cancer
hsa-miR-3162-5p,Papillary thyroid microcarcinoma
hsa-miR-5095,Lupus nephritis
miR-214,Triple negative breast cancer
miR-616-3p,Cholangiocarcinoma
miR-27a-3p,Hypoxia-induced cardiomyocyte injuries 
miR-7,Infantile hemangioma
miR-133,Myocardial infarction
miR-520a-5p,Lung cancer
miR-150-5p,Hirschsprung's disease
miR-192,Osteosarcoma
hsa-miR-4291,Papillary thyroid microcarcinoma
miR-637,Hepatocellular carcinoma
hsa-miR-337-3p,Chronic lymphocytic leukemia
miR-600,Non-small cell lung cancer
hsa-miR-891b,T2DM with depression
unknown,Diffuse large B-cell lymphoma
hsa-miR-135a-3p.,Lung cancer
miR-142-3p,Hepatocellular carcinoma
miR-506,Cervical cancer
unknown,Laryngeal squamous cell carcinoma
miR-545-5p,Intestinal injury and repair
miR-34c-3p,Gastric cancer
miR-9-5p,liver cancer
unknown,Pulmonary tuberculosis
unknown,Esophageal carcinoma
hsa-miR-4707-3p,Non-small cell lung cancer
miR-198,Esophageal squamous cell carcinoma
miR-183,Colorectal cancer
miR-1271-5p,Endometrial carcinoma
miR-124-3p,Cerebral ischemia
let-7,Glioma
miR-193a,Age-related cataract
miR-506-3p,Lung cancer
miR-510-5p,Renal cell carcinoma
miR-125,gastric cancer
miR-924,Hepatoma
miR-942-5p,Lung adenocarcinoma
hsa-miR-4739,Papillary thyroid microcarcinoma
hsa-miR-627-3p,Lung cancer
miR-6515-5p,Intervertebral disc degeneration
miR-223-3p,T cell acute lymphoblastic leukemia
miR-449a,Breast cancer
hsa-miR-6787-5p,Hepatocellular carcinoma
unknown,Hashimoto's thyroiditis
miR-330-5p,Acute myeloid leukemia
miR-765,Colorectal cancer
hsa-miR-521,Gastric cancer
miR-141-5p,Triple negative breast cancer
miR-134,Lung adenocarcinoma
unknown,Dengue fever
miR-129-5p,hepatocellular carcinoma
miR-145-5p,Bladder cancer
miR-1180,Multiple myeloma
miR-6776-5p,Renal cell carcinoma
miR-194,Oral squamous cell carcinoma
hsa-miR-1296,Type2 diabetes mellitus
miR-153,Clear cell renal cell carcinoma
miR-605,Breast cancer
miR-151-3p,Osteosarcoma
CDC42,Oral squamous cell carcinoma
miR-3692-5p,Intervertebral disc degeneration
miR-6752-5p,Hepatocellular carcinoma
miR-1299,Osteosarcoma
miR-139-3p,Cervical cancer
unknown,Colon cancer
miR-491-5p,Bladder cancer
miR-129-5p,Neuroblastoma
miR-492,Renal cell carcinoma
unknown,Type 2 diabetes mellitus
miR-627-3p,Rheumatoid arthritis
miR-335,Cervical cancer
miR-1290,Glioma
hsa-miR-329-5p,Epithelial ovarian cancer
miR-767-5p,Osteosarcoma
miR-1270,Lung cancer
miR-219-5p,Hepatocellular carcinoma
miR-515-5p,Breast cancer
miR-599,Osteosarcoma
miR-605-3p,Bladder cancer
miR-124-3p,Non-small cell lung cancer
miR-33b,colon cancer
unknown,triple negative breast cancer
unknown,Abdominal aortic aneurysm
hsa-miR-28-5p,Intracranial aneurysm
miR-302b-3p,Breast cancer
unknown,Stomach adenocarcinoma
miR-149-3p,Renal cell carcinoma
hsa-miR-185-3p,Prostate cancer
miR-124,Gallbladder cancer
miR-1183,Non-small cell lung cancer
miR-620,Esophageal cancer
miR-630,gastric cancer
unknown,Depression
miR-4638-3p,Hypopharyngeal carcinoma
miR-765,Pulmonary tuberculosis
miR-367-3p,Gastric cancer
miR-149,Colorectal cancer
miR-330-5p,Ovarian cancer
miR-376a*,Esophageal cancer
miR-591,Hepatocellular carcinoma
miR-1271,Epithelial ovarian cancer
hsa-miR-221-5p,Non-small cell lung cancer
miR-223,Laryngeal squamous cell carcinoma
unknown,Coronary artery disease
miR-4659b-5p,Intervertebral disc degeneration
miR-27a-3p,Bladder cancer
hsa-miR-486-5p,Colorectal cancer
miR-1294,Glioma
miR-149-5p,Human aortic smooth muscle cell
miR-382-5p,Age-related macular degeneration
miR-421,Osteosarcoma
unknown,Glioblastoma
miR-361-5p,Glioma
miR-330-5p,Glioma
hsa-miR-33b-5p,Intracranial aneurysm
miR-214,Colorectal cancer
miR-21,Scar
miR-653,Bladder cancer
MiR-34a,Non-small cell lung cancer
hsa-miR-7-5p,Breast cancer
hsa-miR-627-3p,Breast cancer
miR-585,Colorectal cancer
miR-150-5p,Gastric cancer
miR-663a,Bronchopulmonary dysplasia
miR-646,Hepatocellular carcinoma
let-7g-5p,Lupus nephritis
unknown,T2DM with depression
miR-221,carotid plaque rupture and stroke
miR-181b-2-3p,Active pulmonary tuberculosis
hsa-miR-619-3p,Colorectal cancer
miR-34a-5p,Chronic myeloid leukemia
miR-330-5p,Bladder cancer
hsa-miR-493-5p,Ischaemic heart disease
hsa-miR-135b-3p,Breast cancer
miR-491,Colorectal cancer
miR-520d-3p,Laryngeal cancer
miR-638,Gastric cancer
miR-214-3p,Atherosclerosis
miR-195-5p,Clear cell renal cell carcinoma
unknown,Hepatitis B
miR-7108-5p,Lung cancer
miR-185-3p,Hypopharyngeal carcinoma
miR-553,Breast cancer
miR-29b-3p,Hepatoblastoma
miR-214,Osteosarcoma
hsa-miR-502-5p,T2DM with depression
hsa-miR-3934-5p,Preeclampsia
miR-124-3p,Glioma
hsa-miR-5096,Lupus nephritis
miR-337-3p,Chronic lymphocytic leukemia
miR-193a-5p,Chronic obstructive pulmonary disease
miR-3064–5p,Gastric cancer
miR-26a-5p,Cervical cancer
miR-381-3p,Non-small cell lung cancer
hsa-miR-2115-5p,Essential hypertension
miR-193b-5p,Acute myeloid leukemia
miR-338-3p,Non-small cell lung cancer
hsa-miR-95-5p,Epithelial ovarian cancer
unknown,Renal cell carcinoma
miR-6873-3p,Chronic hepatitis B
miR-296-3p,Lung cancer
miR-187,Breast cancer
miR-136,Colorectal cancer
miR-1183,Glioma
hsa-miR-197-5p,Uveal melanoma
miR-936,Osteosarcoma
hsa-miR-29b-2-5p,Tuberculosis
miR-142-3p,Gastric cancer
hsa-miR-4520-2-3p,Papillary thyroid carcinoma
miR-31,Nasopharyngeal carcinoma
miR-1184,Acute myocardial infarction
miR-339-5p,Lung cancer
unknown,diabetic retinopathy
unknown,radioresistant esophageal cancer cells
unknown,Encephalitis
miR-125b,Encephalitis
hsa-miR-376a-3p,Intracranial aneurysm
hsa-miR-3614-3p,Papillary thyroid microcarcinoma
unknown,Multiple sclerosis
miR4516,Gastric cancer
miR-660-3p,Hepatocellular carcinoma
miR-196a-5p,Tuberculosis
miR-145-5p,Colorectal cancer
miR-3675-5p,Hypopharyngeal carcinoma
miR-142-5p,Osteoarthritis
unknown,Neuronal cell injury
miR340,Osteoarthritis
miR-375,Polycystic ovary syndrome
hsa-miR-93-5p,Hepatocellular carcinoma
miR-584-5p,Glioblastoma
hsa-miR-636,Papillary thyroid carcinoma
miR-130a-5p,Breast cancer
miR-107,Bladder carcinoma
miR-17-5p,Chronic hepatitis B
miR-612,Hepatocellular carcinoma
miR-101-3p,Glioblastoma
miR-379,liver cancer
miR-136,Osteosarcoma
miR-1236-3p,Glioma
unknown,Crohn disease
miR-761,Hepatocellular carcinoma
unknown,Oral cancer
unknown,intervertebral disc degeneration
miR-106b,Colorectal cancer
miR29a,Hepatocellular carcinoma
miR-383,Lung cancer
IGF1,Bladder cancer
miR-296-3p,Osteoarthritis
hsa-miR-298,T2DM with depression
miR-15-5p,Clear cell renal cell carcinoma
miR-1253,Pancreatic ductal adenocarcinoma
miR-375,Non-small cell lung cancer
miR-432,Cervical cancer
hsa-miR-122-5p,Ischaemic heart disease
unknown,Age-related cataract
miR-548c-3p,Hepatocellular carcinoma
miR-34c-5p,Nasopharyngeal carcinoma
unknown,Acute lung injury
miR-134,lung adenocarcinoma
miR-1238,Cholangiocarcinoma
miR-377-5p,Non-small cell lung cancer
miR-210-3p,Intervertebral disc degeneration
miR-338-3p,Glioma
hsa-miR-139-5p,Hepatocellular carcinoma
miR-181a-5p,Bladder cancer
hsa-miR-628-5p,Diabetes retinopathy
hsa-miR-658,Papillary thyroid carcinoma
miR-331-3p,Melanoma
hsa-miR-23a-5p,Uveal melanoma
miR-182-5p,Intervertebral disc degeneration
miR-802,Gastric cancer
unknown,Ameloblastoma
miR-4527,Intervertebral disc degeneration
miR-377-3P,Renal cell carcinoma
miR-9,Renal cell carcinoma
unknown,Cervical cancer
miR-516b,Melanoma
miR-636,Multiple myeloma
miR-1229-5p,Hypopharyngeal carcinoma
miR-149,Epithelial ovarian cancer
515-5p,Cervical cancer
miR-326,Lung adenocarcinoma
miR-134-3p,Trauma-induced osteonecrosis of femoral head
miR-330-5p,Colorectal cancer
unknown,Primary Biliary Cholangitis
miR-593-5p,Breast cancer
miR-1248,Tuberculosis
miR-522-3p,Lung cancer
miR-451,Nasopharyngeal carcinoma
miR-1261,Glioma
unknown,glioma
miR-182,Lung adenocarcinoma
miR-431-5p,Postmenopausal osteoporosis
hsa-miR-516a-3p,Papillary thyroid microcarcinoma
miR-153-3p,Acute myeloid leukemia
hsa-miR-6833-3p,Colorectal cancer
hsa-miR-3620-5p,Lung adenocarcinoma
miR-133a-5p,Non-small cell lung cancer
miR-378,Postmenopausal osteoporosis
miR-1324,Lung cancer
miR-506,Hepatocellular carcinoma
hsa-miR-518a-5p,Preeclampsia
miR200c,Prostate cancer
miR-203,Acute myeloid leukemia
miR-143,Acute ischemic stroke
unknown,Chronic lymphocytic leukemia
miR-24,Chronic obstructive pulmonary disease
miR-133b,Dengue fever
miR-1287-5p,Cervical cancer
miR-29a-3p,Hepatoblastoma
miR-214-3p,Diabetic cardiomyopathy
miR-1233-3p,Gastric carcinoma
miR-324-5p,Idiopathic pulmonary fibrosis
miR-218-5p,Gastric cancer
unknown,breast cancer
miR-488-3p,Head and neck squamous cell carcinoma
E2F5,Epithelial ovarian cancer
miR-6767-5p,Hypopharyngeal carcinoma
unknown,Pterygium
miR-659,Breast cancer
hsa-miR-497-5p,Gastric cancer
miR-211,Rheumatoid arthritis
hsa-miR-656-3p,Breast cancer
miR-7,Nervous inflammatory diseases or immune disorders
hsa-miR-181c-5p,Intracranial aneurysm
miR-5008,Prostate cancer
miR-641,Osteosarcoma
unknown,Postmenopausal osteoporosis
miR-370-3p,Ovarian cancer
miR-100,Renal cell carcinoma
miR-188-3p,Oral squamous cell carcinoma
hsa_miR-338-3p,Idiopathic pulmonary fibrosis
miR-3151-5p,Intervertebral disc degeneration
miR-1324,Laryngeal squamous cell cancer
miR-485-3p,Gastric cancer
miR-670-5p,Lung cancer
miR-490-5p,Bladder cancer
hsa-miR-372-5p,Papillary thyroid microcarcinoma
miR-1260b,Breast cancer
miR‑647,Ovarian cancer
miR-380-5p,Tuberculosis
miR-532-3p,Gastric cancer
miR-198,Papillary thyroid carcinoma
miR-138,Hepatocellular carcinoma
miR-98-5p,Retinoblastoma
miR-513a-5p,Renal cell carcinoma
miR-200,Gastric cancer
miR-19b-3p,Rectal cancer
miR-93-5p,Lung adenocarcinoma
miR-629-3p,Cholangiocarcinoma
hsa-miR-128-3p,Intracranial aneurysm
hsa-miR-5088-5p,Papillary thyroid carcinoma
unknown,Sepsis-induced liver damage
miR-1178,Gastric cancer
miR-29a-3p,Hepatocellular carcinoma
miR-6776-5p,Intervertebral disc degeneration
miR-1305,Hepatitis B
N-cadherin,Pulmonary tuberculosis
miR-607,Chronic lymphocytic leukemia
miR-3614-5p,breast carcinoma
miR-1257,Intervertebral disc degeneration
miR-107,Atherosclerosis
miR-370-3p,Bladder cancer
hsa-miR-34c-5p,Tuberculosis
hsa-miR-521,Colorectal cancer
unknown,Doxorubicin-Induced cardiotoxicity
miR-1249-5p,Intervertebral disc degeneration
miR-455-5p,Ischemic stroke
hsa-miR-450b-5p,Bladder cancer
miR-7,Triple negative breast cancer
miR-23b-5p,Esophageal cancer
miR-512-5p,radioresistant esophageal cancer cells
miR-422a,Hypertension
hsa-miR-205-3p,Papillary thyroid carcinoma
miR-376a-2-5p,Intestinal injury and repair
hsa-miR-1296,Gastric cancer
unknown,Head and neck squamous cell carcinoma
miR-197,Endometrial carcinoma
miR-527,Glioma
miR-567,Cholangiocarcinoma
miR-31-5p,Preeclampsia
miR-486-3p,Bladder cancer
miR-660,Breast cancer
miR-642a-3p,Intervertebral disc degeneration
hsa-miR-5003-3p,Lung cancer
unknown,Oxidative injury
miR-29-3p,Thoracic aortic dissection
miR-545,Glioma
miR-195,Gastric cancer
miR-762,Bladder cancer
miR-198,Thyroid cancer
MiR-877-5p,Hepatocellular carcinoma
miR-503,Lung cancer
hsa-miR-608,Glioblastoma
hsa-miR-485-3p,Breast cancer
miR-589,Neuronal cell injury
miR-130a,Gastric cancer
miR-433-3p,Bladder cancer
miR-1244,Osteosarcoma
miR-138-5p,Gastric carcinoma
unknown,Chronic obstructive pulmonary disease
miR-23b-5p,Breast cancer
unknown,Temporal Lobe Epilepsy
miR-6762-5p,Hypopharyngeal carcinoma
miR-873-3p,Breast cancer
miR-145,Breast cancer
miR-874-3p,Tuberculosis
miR-670-3p,Hepatocellular carcinoma
miR-21,Prostate cancer
hsa-miR-214-3p,Tuberculosis
miR-1273h-5p,Oral mucosal melanoma
miR-485-5p,Esophageal cancer
hsa-miR-7161-3p,Glioblastoma
miR-221-3p,Age-related cataract
miR-7-5p,Pulmonary hypertension
miR-33a-5p,Osteoporosis
miR-145,colorectal cancer
miR-4524a-5p,Non-small cell lung cancer
miR-338-3p,Osteosarcoma
miR-4755-5p,Hypopharyngeal carcinoma
hsa_miR-532-5p,Idiopathic pulmonary fibrosis
miR-377-3p,Tuberculosis
unknown,Periventricular white matter damage
miR-1200,Esophageal cancer
unknown,Angiosarcoma
miR-197-3p,Infantile hemangioma
miR-1292-5p,Gastric cancer
miR-33a-5p,Gastric cancer
miR-136-5p,Gastric cancer
miR-30a-3p,retinal vascular dysfunction
miR-1304,Gastric cancer
hsa-miR-363-5p,Glioblastoma
hsa-miR-132-3p,Bladder carcinoma
miR-29c-3p,Postmenopausal Osteoporosis
hsa_miR-326,Idiopathic pulmonary fibrosis
miR-136-5p,Lung squamous cell carcinoma
miR-449a,Ovarian cancer
hsa-miR-124-5p,Gastric cancer
hsa-miR-125a-3p,Tuberculosis
miR-136,Cervical cancer
miR-532-3p,Oral squamous cell carcinoma
miR-520b,Glioma
miR-558,Non-small cell lung cancer
hsa-miR-145-3p,Uveal melanoma
hsa-miR-3191-5p,T2DM with depression
unknown,Schizophrenia
hsa-miR-19b-2-5p,Bladder cancer
hsa-miR-619-5p,Lupus nephritis
miR-326,Postmenopausal Osteoporosis
miR-643,Cholangiocarcinoma
unknown,basal cell carcinoma
miR-424-5p,gastric cancer
miR-1307-3p,Acute myeloid leukemia
unknown,Rhabdomyosarcoma
miR-497,Cervical cancer
miR-518-d-5p,Cervical cancer
miR-558,bladder cancer
hsa_miR-21-3p,Idiopathic pulmonary fibrosis
has-miR-181-5p,Endometriosis
miR-518a-5p,Glioma
miR-3137,Hepatocellular carcinoma
hsa-miR-449a,Tuberculosis
unknown,Hepatoblastoma
miR-556-5p,Colorectal cancer
miR-4443,Breast cancer
miR-543,Hepatocellular carcinoma
miR-610,Multiple myeloma
miR-665,Gastric carcinoma
hsa-miR-660-3p,Diabetes retinopathy
hsa-miR-16-5p,Tuberculosis
miR-328-3p,Bladder cancer
hsa-miR-6799-5p,Papillary thyroid microcarcinoma
miR-623,Lung cancer
miR-4673,Hepatocellular carcinoma
miR-933,Oral squamous cell carcinoma
unknown,Dilated cardiomyopathy
hsa-miR-143-5p,Uveal melanoma
miR-4743-3p,Hypopharyngeal carcinoma
hsa-miR-135a-3p.,Ovarian cancer
miR-515-5p,Glioma
miR-182-5p,Intervertebral disk degeneration
miR-432,Hepatocellular carcinoma
hsa-miR-6805-5p,T2DM with depression
miR-139-3p,Gastric cancer
miR-584,Periodontitis
miR-296-5p,Gastric cancer
miR-671-5p,Gastric cancer
hsa-miR-1301-3p,Colorectal cancer
hsa-miR-660-3p,Liver fibrosis
miR-7,Colorectal cancer
miR-582-3p,Gastric cancer
miR-433-3p,Pancreatic cancer
miR-1233-3p,Thyroid cancer
miR-505,Renal cell carcinoma
miR‑139‑3p,Gastric carcinoma
hsa-miR-578,Tuberculosis
hsa-miR-452-3p,Breast cancer
miR-339-5p,Gastric cancer
miR-141-3p,Intervertebral disc degeneration
miR-29b,liver cancer
miR-200c-3p,Breast cancer
miR-107,Non-small cell lung cancer
hsa-miR-1293,Non-small cell lung cancer
miR-21,Gastric cancer
miR-515-5p,Bladder cancer
let-7b,Osteosarcoma
unknown,Hypertrophic scar
unknown,Bronchopulmonary dysplasia
miR-3164,Triple negative breast cancer
miR-340-5p,Hepatocellular carcinoma
miR-376c-3p,Gastric cancer
hsa-miR-625-5p,Gastric cancer
unknown,Hepatocellular carcinoma
miR-370-3p,Osteosarcoma
miR-30b-3p,Pulmonary tuberculosis
unknown,Idiopathic pulmonary fibrosis
miR-7-5p,breast cancer
miR-150-5p,Colon cancer
hsa-miR-7-5p,Glioma
hsa-miR-380-5p,Ischaemic heart disease
unknown,Major depressive disorder
hsa-miR-196b-3p,Papillary thyroid carcinoma
miR-7,Osteosarcoma
miR-181a-2*,Carotid disease and ischemic stroke
miR-153-3p,Osteosarcoma
miR-34b-5p,Pancreatic ductal adenocarcinoma
miR-4316,Breast cancer
miR-595,Basal cell carcinoma
miR-521,radioresistant esophageal cancer cells
miR-361-5p,Cervical cancer
miR-944,Nasopharyngeal carcinoma
hsa-miR-3154,Preeclampsia
miR-23b-5p,Thoracic aortic dissection
miR‑346,Glioma
miR-203,Osteosarcoma
miR-193b,Osteoarthritis
unknown,leukoaraiosis
miR-1270,Ovarian cancer
hsa-miR-6804-3p,Non-small cell lung cancer
miR-499a-5p,Ovarian cancer
miR-433-3p,Osteosarcoma
miR-195-5p,Hepatocellular carcinoma
miR-214,Rheumatoid arthritis
unknown,Parkinson's disease
miR-502-3p,Gastric cancer
miR-361-3p,Thyroid cancer
miR-650,Rheumatoid arthritis
hsa-miR-15a-5p,Gastric cancer
miR-151-3p,Diabetic nephropathy
miR-21-5p,Non-small cell lung cancer
hsa-miR-29a-5p,Tuberculosis
hsa-miR-4641,Non-small cell lung cancer
miR-627-3p,Active pulmonary tuberculosis
miR-498–5p,Inflammation
miR-103a-2-5p,Breast cancer
miR-502-5p,Bladder cancer
miR-671,Pancreatic cancer
hsa-miR-34a-5p,Endometriosis
miR-545,Osteosarcoma
miR-135b-5p,Ovarian cancer
miR-200b-3p,Osteoarthritis
miR-136,osteoarthritis
hsa-miR-6875-3p,Papillary thyroid microcarcinoma
hsa-miR-21-5p,Colon cancer
miR-185-3p,Lung cancer
miR-885-5p,Papillary thyroid carcinoma
miR-217,Thyroid cancer
miR-566,Oral mucosal melanoma
miR-1299,Hepatocellular carcinoma
miR-636,Bladder cancer
miR-877-3p,Gastric cancer
miR-93,colon cancer
miR-1278,Ovarian cancer
hsa-miR-4640-5p,Laryngeal cancer
hsa-miR-103a-2-5p,Epithelial ovarian cancer
miR-338-3p,Nasopharyngeal carcinoma
hsa-miR-6881-3p,Essential hypertension
miR-182-5p,Non-small cell lung cancer
miR-618,Breast cancer
hsa-miR-520d-3p,Papillary thyroid microcarcinoma
unknown,stage III gastric cancer
miR-1270,Bladder cancer
miR-346,Hepatocellular carcinoma
miR-29c,Oral squamous cell carcinoma
miR-1178-3p,Bladder cancer
miR-638,Glioblastoma
miR-182-5p,Preeclampsia
miR-940,Non-small cell lung cancer
unknown,Mucoepidermoid carcinoma
miR-671,Colorectal cancer
miR-767-5p,Multiple myeloma
hsa-miR-6775-3p,Papillary thyroid microcarcinoma
miR-28-5p,Abdominal aortic aneurysm
unknown,Mantle cell lymphoma
miR-302c-3p,Laryngeal cancer
miR-30b,Osteosarcoma
miR-584-5p,Hepatocellular carcinoma
miR-765,Major depressive disorder
hsa-miR-92a-2-5p,Papillary thyroid carcinoma
miR-619-3p,Breast cancer
hsa-miR-4460,T2DM with depression
miR-579-3p,Ovarian cancer
miR-197-3p,Gastric cancer
miR-141-3p,papillary thyroid carcinoma
c-myc,Breast cancer
miR-21–5p,Keloid
miR-323b-5p,Hypopharyngeal carcinoma
miR-1180-3p,Lung adenocarcinoma
miR-137,Non-small cell lung cancer
miR-622,Uveal melanoma
unknown,Immunosenescence
miR-127-3p,Ovarian cancer
miR-421,Hepatocellular carcinoma
miR-2467-3p,Colorectal cancer
miR-1306-3p,Gastric cancer
miR-1538,Nasopharyngeal carcinoma
miR-183,Prostate cancer
miR-6861-5p,Intervertebral disc degeneration
miR-1299,Prostate cancer
miR-124,Neuroinflammatory disorders
miR‑107,Atherosclerosis
miR-449a,Osteosarcoma
miR-767-5p,Prostate cancer
miR-330-3p,Breast cancer
hsa-miR-1264,Papillary thyroid carcinoma
miR-4683,Dengue fever
miR-1271,Gastric cancer
TGF-beta1,Pulmonary tuberculosis
miR-149,Hepatocellular carcinoma
miR-181b-3p,Gastric cancer
miR-532-3p,Colorectal cancer
miR-23a-3p,Oral squamous cell carcinoma
miR-122,Glioma
miR-142-5p,Bladder cancer
miR-21,Ovarian cancer
miR-654-5p,Non-small cell lung cancer
unknown,Atherosclerosis
miR-503-5p,Osteosarcoma
miR-188-5p,Hepatocellular carcinoma
miR-200b,Breast cancer
miR-330-3p,Tongue squamous cell carcinoma
miR-296-3p,Glioma
unknown,colon cancer
miR-890,Glioma
miR-331-3p,Gastric cancer
miR-26b-5p,Temporal Lobe Epilepsy
miR-210,Osteosarcoma
miR-873-3p,Lung squamous cell carcinoma
miR-376c-3p,Ovarian cancer
miR-140-3p,Rheumatoid arthritis
miR-148a,Kidney injury
miR-338-3p,Nasopharyngeal cancer
miR-497-5p,Gastric cancer
hsa-miR-485-5p,Papillary thyroid microcarcinoma
miR-143-3p,Non-small cell lung cancer
miR-136-5P,Oral squamous cell carcinoma
miR-191,Bladder cancer
miR-93-5p,Small cell lung cancer
unknown,Laryngocarcinoma
miR-508-3p,Clear cell renal cell carcinoma
miR-203,Epithelial ovarian cancer
miR-640,Colorectal cancer
hsa-miR-1273g-3p,Lupus nephritis
unknown,hepatocellular carcinoma
miR-409-3p,Osteosarcoma
miR-876-5p,Non-small cell lung cancer
miR-885-5p,Tuberculosis
hsa-miR-335-3p,Gastric cancer
miR-432-3p,Bladder cancer
miR-1287,Hepatocellular carcinoma
miR-181b-5p,Bladder cancer
miR-193b-3p,Head and neck squamous cell carcinoma
hsa-miR-576-3p,Intracranial aneurysm
miR-34a,Triple negative breast cancer
miR-877-3p,Oral squamous cell carcinoma
unknown,Diabetic cataract
hsa-miR-1296,Colorectal cancer
miR-329-3p,Glioma
miR-382-5p,Infantile hemangioma
miRNA-29a-3p,Bladder cancer
unknown,Neuroblastoma
miR-378a,Oral squamous cell carcinoma
miR-374a-3p,Colorectal cancer
miR-1247-3p,Bladder cancer
hsa-miR-3679-5p,Preeclampsia
miR-1182,Ovarian cancer
unknown,Ischemia reperfusion injury
miR-526b-5p,Tuberculosis
miR-338-5p,Colorectal cancer
miR-885-3p,Cholangiocarcinoma
miR-135b-3p,Lung cancer
miR‑597‑3p,Cutaneous squamous cell carcinoma
miR-502-5p,Colorectal cancer
miR-7703,Intervertebral disc degeneration
hsa-miR-19b-1-5p,Inflammatory bowel disease
hsa-miR-490-3p,Colorectal cancer
miR-564,Esophageal cancer
miR-17,Bladder cancer
miR-99a,Renal carcinoma
hsa-miR-198,Preeclampsia
miR-17,Triple negative breast cancer
miR-133a-5p,Nasopharyngeal carcinoma
miR-6753-5p,Ovarian cancer
miR-149-5p,Ovarian cancer
miR637,Osteosarcoma
hsa-miR-6867-5p,Papillary thyroid microcarcinoma
miR-144,Gastric cancer
miR-432-5p,Glioblastoma
miR-4458,Osteosarcoma
miR-1248,Non-small cell lung cancer
hsa-miR-5095,Hypertension
miR-503,Gastric cancer
hsa-miR-765,Non-small cell lung cancer
unknown,Ventricular septal defect
miR-6804-5p,Lung cancer
miR-545,Sepsis
hsa-miR-429,Tuberculosis
miR-615-5p,Diabetic retinopathy
miR-6089,Hypopharyngeal carcinoma
hsa-miR-6845-3p,Breast cancer
miR-345-5p,Hepatocellular carcinoma
miR-183,Gastric cancer
miR-4793-3p,Non-small cell lung cancer
miR-488-3p,Non-small cell lung cancer
miR-145-5p,Hepatocellular carcinoma
miR-125b,Acute myocardial infarction
miR-615-5p,vascular dysfunction; high glucose and hypoxia stress
miR-124,liver cancer
miR-135b-5p,Colorectal cancer
AR,Postmenopausal Osteoporosis
miR-20a,Gastric carcinoma
miR-195,Laryngeal squamous cell carcinoma
hsa-miR-564,Glioblastoma
miR-6797-5p,Intervertebral disc degeneration
miR-7-5p,Hepatocellular carcinoma
miR-1273a,Colon cancer
hsa-miR-196b-3p,Breast cancer
miR-668-3p,Hepatocellular carcinoma
miR-599,Gastric cancer
N-cadherin,Rheumatoid arthritis
miR-637,Papillary thyroid carcinoma
FMNL2,Epithelial ovarian cancer
miR-522-3p,Ovarian cancer
unknown,Primary hepatic carcinoma
miR-149-5p,Triple negative breast cancer
CTGF,Temporal Lobe Epilepsy
miR-18b-5p,Colorectal cancer
hsa-miR-181d-3p,Uveal melanoma
hsa-miR-636,Preeclampsia
miR-101,Gastric cancer
miR-625,Pancreatic ductal adenocarcinoma
miR-370-3p,Cervical cancer
miR-148a-3p,Triple negative breast cancer
miR-424-5p,Atherosclerosis
miR-1231,Papillary thyroid carcinoma
miR-200a-3p,Hepatocellular carcinoma
miR-615-5p,Vascular endothelial dysfunction
miR-1323,Esophageal squamous cell carcinoma
miR-7110-3p,Intervertebral disc degeneration
miR-590-5p,Glioma
hsa-miR-302d-3p,Papillary thyroid microcarcinoma
miR-135b-3p,Breast cancer
hsa-miR-138-5p,Lung cancer
miR-421,Gastric cancer
miR-1265,Hepatocellular carcinoma
miR-370-3p,Melanoma
miR-4500,Breast cancer
miR-451,Gastric cancer
miR-892b,Osteosarcoma
unknown,Myocardial infarction
miR-577,Non-small cell lung cancer
miR-326,Breast cancer
miR-153,Glioma
hsa-miR-4295,Osteoarthritis
hsa-miR-6722-5p,Non-small cell lung cancer
miR-1227,Osteosarcoma
unknown,type 2 diabetes mellitus
miR-153-3p,Melanoma
miR-578,Hepatocellular carcinoma
miR-22,breast carcinoma
miR-626,Hepatocellular carcinoma
miR-183,Retinoblastoma
miR-769-5p,Cervical cancer
miR-197-3p,Bladder cancer
miR-185,Diabetic nephropathy
miR-130a-5p,Osteosarcoma
hsa-miR-1208,Conjunctival melanoma
miR-1204,radioresistant esophageal cancer cells
miR-182,Breast cancer
miR-145,Ovarian cancer
hsa-miR-329-5p,Bladder cancer
unknown,Multiple system atrophy
miR-6503-5p,Intervertebral disc degeneration
let-7g-5p,Colorectal cancer
unknown,Non-small cell lung cancer
miR-1256,Gastric cancer
miR-149,Gastric cancer
miR-526b-5p,Cholangiocarcinoma
miR-296-5p,Colorectal cancer
miR-122,Colorectal cancer
unknown,Stroke
miR-498,Myocardial infarction
unknown,Preeclampsia
miR-942-5p,Gastric cancer
hsa-let-7a-2-3p,Uveal melanoma
miR-195-5p,Oral squamous cell carcinoma
miR-1294,Hepatocellular carcinoma
miR-545,Cervical cancer
miR-507,Hepatocellular carcinoma
miR-375,Lung cancer
unknown,Diabetic cardiomyopathy
unknown,Inflammatory bowel disease
unknown,Facet joint osteoarthritis
miR-450a,Clear cell renal cellcarcinoma
miR-21,Colorectal cancer
miR-876-5p,Esophageal squamous cell carcinoma
miR-15a,Abdominal aortic aneurysm
miR‑320b,Nasopharyngeal carcinoma
miR-498,Non-small cell lung cancer
hsa-miR-141-5p,Gastric cancer
miR-17,Colorectal cancer
miR-1238,Osteosarcoma
miR-513a-5p,Atherosclerosis
miR-629-3p,Basal cell carcinoma
miR-145,Bladder cancer
miR-208a,Triple negative breast cancer
miR-582,Colorectal cancer
miR-487a,Breast cancer
miR-30a-3p,Tuberculosis
unknown,Kawasaki disease
miR-328-5p,Intervertebral disc degeneration
miR-223-3p,Preeclampsia
miR-124,Cardiovascular disease
miR-9-5p,Bladder cancer
miR-4663,Esophageal carcinoma
hsa-miR-302c-3p,Non-small cell lung cancer
miR-141-5p,Ovarian endometriosis
miR-4755-5p,Lung cancer
miR-30-5p,Hepatocellular carcinoma
unknown,Celebral development
miR-665,Tongue squamous cell carcinoma
miR-34a,Hepatic steatosis
miR-4638-3p,Gastric cancer
miR-1182,Colorectal cancer
hsa-miR-6861-3p,Non-small cell lung cancer
miR-144,Ovarian cancer
hsa-miR-370-3p,Osteosarcoma
hsa-miR-764,Lung cancer
hsa‑miR‑24‑3p,Non-small cell lung cancer
p53,Esophageal cancer
miR-758-3p,Acute myeloid leukemia
miR-7,Lung cancer
miR-582-3p,Cervical adenocarcinoma
miR-136,Gastric cancer
hsa-miR-30b-3p,Systemic lupus erythematosus
miR-200c,Intervertebral disc degeneration
miR-1305,Osteoporosis
miR‑1183,Non-small cell lung cancer
miR-377-3p,Non-small cell lung cancer
miR-149-5p,Colorectal cancer
miR-4659a-5p,Intervertebral disc degeneration
miR‑4428,Osteoarthritis
miR-222-3p,Spinal cord injury
miR-93,Lung adenocarcinoma
miR-486-3p,Lung cancer
miR-145-5p,Nonfunctioning pituitary adenomas
miR-145-5p,Laryngocarcinoma
miR-185-5p,Liver injury
miR-513b-5p,Ovarian cancer
hsa-miR-5096,Hypertension
miR-615-5p,Coronary artery disease
hsa-miR-95-5p,Bladder cancer
miR-192-3p,Colorectal cancer
miR-101-3p,Non-small cell lung cancer
miR-154-3p,Papillary thyroid carcinoma
miR-597-5p,Colorectal cancer
miR-573,Malignant melanoma
miR-193a,liver cancer
miR-382,Non-small cell lung cancer
miR-1182,Osteosarcoma
miR-455-5p,Colorectal cancer
miR-7-5p,Gastric cancer
hsa-miR-497-5p,Papillary thyroid carcinoma
miR-15,Bedsore
miR-155-5p,Breast cancer
miR-149,Oral squamous cell carcinoma
miR-124-3p,Prostate cancer
hsa-miR-30c-1-3p,Preeclampsia
miR-141,Prostate cancer
miR-1322,Hepatocellular carcinoma
miR-185-3p,Gastric cancer
unknown,Heart failure
unknown,Active pulmonary tuberculosis
miR-134,Non-small cell lung cancer
unknown,Intrahepatic cholangiocarcinoma
miR-520f,Non-small cell lung cancer
miR-409-3p,Cervical cancer
miR-4743-3p,Lung cancer
unknown,Radiation-induced liver disease
ITCH,Gastric cancer
hsa-miR-4483,Non-small cell lung cancer
miR-6815-5p,Hepatocellular carcinoma
miR-548g,Gastric cancer
miR-140-3p,Gastric cancer
miR-663b,radioresistant esophageal cancer cells
miR-1297,Glioma
miR-4722-5p,Hepatocellular carcinoma
miR-4641,Hepatocellular carcinoma
miR-617,Osteogenesis
miR-107,Nasopharyngeal carcinoma
unknown,Alzheimer's disease
miR-6870-3p,Intervertebral disc degeneration
miR-136-5p,Renal cell carcinoma
hsa-miR-134-3p,Papillary thyroid carcinoma
miR-30c,Bladder urothelial carcinoma
miR-145-3p,Prostate cancer
miR-610,Colorectal cancer
has-miR-483-3p,Endometriosis
miR-7,Rheumatoid arthritis
miR-155-5p,Ischemic stroke
miR-340,Colorectal cancer
miR-200b-3p,Non-small cell lung cancer
miR-200a-3p,Ischemia reperfusion injury
miR-143-5p,Rheumatoid arthritis
miR-101,Bladder cancer
hsa-miR-376b-3p,Intracranial aneurysm
miR-495-3p,Acute myeloid leukemia
miR-125a-5p,Colorectal cancer
miR-671-5p,Glioblastoma
miR-377,Bladder cancer
miR-338-3p,Multiple myeloma
FAK,Breast cancer
hsa-miR-7162-5p,Papillary thyroid microcarcinoma
miR-137-3p,Pancreatic cancer
unknown,Esophageal squamous cell carcinoma
unknown,Skin melanoma
miR-1307-3p,Cervical cancer
miR-198,Ovarian cancer
unknown,Intracranial aneurysms
unknown,Lung adenocarcinoma
miR-942-5p,Ovarian cancer
miR-637,Cholangiocarcinoma
miR-584,liver cancer
miR-762,Rheumatoid arthritis
miR-4319,Gastric cancer
miR-424,Osteosarcoma
miR-4262,Esophageal carcinoma
miR-145,Colorectal cancer
miR-382-5p,Acute myeloid leukemia
miR-331-3p,Colorectal cancer
unknown,acute myeloid leukemia
hsa-miR-483-3p,Lupus nephritis
miR-516b,Colorectal cancer
hsa-miR-34a-3p,Uveal melanoma
miR-29a-3p,Postmenopausal Osteoporosis
miR-143-3p,Gastric carcinoma
miR-548,Bladder cancer
miR-342-3p,Abdominal aortic aneurysm
miR-34b-3p,Gastric cancer
hsa-miR-325,Lung cancer
409-3P,Cervical cancer
miR-31,Colorectal cancer
hsa-miR-545-3p,Gastric cancer
miR-411,Renal cell carcinoma
hsa-miR-622,Lung adenocarcinoma
hsa-miR-660-5p,Papillary thyroid carcinoma
miR-338-3p,Prostate cancer
miR-152-3p,Triple negative breast cancer
miR-1270,Cervical cancer
miR-197,Glioblastoma
miR-485-5p,Colorectal cancer
miR-134-5p,Glioma
unknown,cardiovascular disease
miR-221-3p,Preeclampsia
miR-30c,Papillary thyroid carcinoma
miR-379,Glioma
miR-124-3p,Gastric cancer
hsa-miR-301a-5p,T2DM with depression
miR-495-3p,Glioma
hsa-miR-622,Conjunctival melanoma
miR-630,Papillary thyroid carcinoma
miR-9-5p,Osteosarcoma
miR-30d-3p,Tuberculosis
miR-1253,Non-small cell lung cancer
miR-490-5p,Hepatocellular carcinoma
miR-1285-3p,Breast cancer
unknown,T cell acute lymphoblastic leukemia
hsa-miR-205-3p,Bladder cancer
miR-494-3p,Osteosarcoma
hsa-miR-412-3p,Glioblastoma
miR-144,Colorectal cancer
miR-452,Non-small cell lung cancer
miR-593-3p,Osteosarcoma
miR-379,Bladder cancer
miR-1301-3p,Hypopharyngeal carcinoma
miR-382-5p,Glioma
miR-338-3p,Salivary adenoid cystic carcinoma
miR-4435,Hypopharyngeal carcinoma
unknown,Inflammation
unknown,"Glioblastoma,Non small cell Lung Cancer"
miR-6850-3p,Intervertebral disc degeneration
miR-758,Atherosclerosis
miR-139-5p,Hepatocellular carcinoma
miR-133a-5p,Intestinal injury and repair
miR-558,Lung cancer
miR-532-5p,Hepatocellular carcinoma
hsa-miR-494-3p,Papillary thyroid carcinoma
miR-1179,Cervical cancer
unknown,Idiopathic pulmonary arterial hypertension
miR-7,Hepatocellular carcinoma
miR-124,Lung cancer
miR-20b-5p,Diabetic retinopathy
miR-431,Hepatocellular carcinoma
MiR-31-5p,Renal cell carcinoma
unknown,Cervical carcinoma
miR-203,Hepatocellular carcinoma
miR-26b-3p,Glioblastoma
miR-4726-5p,Hypopharyngeal carcinoma
miR-361-3p,Non-small cell lung cancer
miR-367-5p,Gastric cancer
miR-29a-5p,Tuberculosis
miR-101,Colorectal cancer
miR-526b-3p,Colorectal cancer
miR-206,Atherosclerosis
miR-377,Colorectal cancer
hsa-miR-214-3p,Diabetes retinopathy
miR-330-3p,Bladder cancer
MiR-148b-3p,Breast cancer
unknown,Parathyroid adenoma
miR-384,Non-small cell lung cancer
unknown,Endometriosis
miR-138,breast carcinoma
miR-1236,Breast cancer
unknown,liver cancer
miR-217,Non-small cell lung cancer
miR-29,Lung cancer
miR-384,Preeclampsia
miR-29a-3p,clear cell renal cell carcinoma
miR-545,Hepatocellular carcinoma
miR-335,Papillary thyroid carcinoma
unknown,cancer
miR-29a,liver cancer
miR-144-3p,Papillary thyroid carcinoma
unknown,Kidney injury
miR-1296,Breast cancer
miR-372-3p,Osteosarcoma
miR-516b-5p,Intervertebral disc degeneration
miR-7,Prostate cancer
miR-130b,Bladder cancer
miR-136,Endometrial cancer
miR-1243,Gastric cancer
miR-34a-5p,Renal cell carcinoma
miR-940,Thyroid cancer
miR-124,Osteoarthritis
hsa-miR-6882-3p,Psoriasis
miR-942,Pancreatic ductal adenocarcinoma
miR‑330‑5p,Papillary thyroid carcinoma
hsa-miR-502-5p,Endometriosis
miR-100,Esophageal squamous cell carcinoma
miR-1271-5p,Prostate cancer
miR-4659a/b,Atherosclerosis
miR-1290,Bladder cancer
miR-4298,Gastric cancer
miR-6792-3p,Gastric cancer
unknown,Gastric carcinoma
miR-124,Prostate adenocarcinoma
miR‑326,Papillary thyroid carcinoma
miR-6795-3p,Intervertebral disc degeneration
miR-198,Colorectal cancer
hsa-miR-512-3p,Lung cancer
miR-661,Lupus nephritis
miR-326,Non-small cell lung cancer
miR-942-5p,Colorectal cancer
unknown,multiple sclerosis
miR-145,Epithelial ovarian cancer
hsa-miR-6500-5p,Lung cancer
miR-432-5p,Hepatocellular carcinoma
miR-544a,Non-small cell lung cancer
miR-124,Breast cancer
hsa_miR-329-5p,Gastric cancer
miR-93-3p,Esophageal cancer
miR-196a-5p,Cervical cancer
miR-641,Ovarian cancer
unknown,esophageal squamous cell carcinoma
miR-199a-3p,Gastric cancer
miR-138-5p,Obesity
miR-4736,Colorectal cancer
hsa-miR-1276,Gastric cancer
miR-92a,Hepatocellular carcinoma
miR-888,Diffuse large B-cell lymphoma
miR-7,Periodontitis
miR-496,Acute myeloid leukemia
hsa-miR-483-5p,Primary hepatic carcinoma
unknown,Postmenopausal Osteoporosis
has-miR-585-5p,Oral squamous cell carcinoma
miR-4288,Nasopharyngeal carcinoma
miR-589,Lung adenocarcinoma
miR-149-5p,Cervical cancer
miR-152-3p,Osteosarcoma
miR-29b-3p,Breast cancer
miR-449a,Hepatocellular carcinoma
miR503,Gastric cancer
unknown,Axial spondyloarthritis
miR-217,Glioma
miR-490-3p,Gastric cancer
hsa-miR-412-3p,Papillary thyroid carcinoma
miR-548p,Hepatocellular carcinoma
miR-218-5p,Hepatocellular carcinoma
hsa-miR-302b-3p,Papillary thyroid microcarcinoma
miR-138-5p,Glioma
miR-6881-3p,Epithelial ovarian cancer
hsa-miR-4659b-3p,Papillary thyroid carcinoma
miR-589-5p,Bladder cancer
miR-605,Hepatocellular carcinoma
miR-873,Laryngeal cancer
miR-1271-3p,Infantile hemangioma
miR-556-5p,Gastric cancer
miR-622,Hepatocellular carcinoma
hsa-miR-4530,Non-small cell lung cancer
miR-376b-3p,Osteoporosis
miR-382-5p,Colorectal cancer
hsa-miR-619-5p,Hypertension
miR-490-5p,Psoriasis
hsa-miR-214-3p,Papillary thyroid microcarcinoma
unknown,Hyperglycemia
miR-665,Acute myeloid leukemia
hsa-miR-652-3p,Non-small cell lung cancer
miR-515-5p,Hepatocellular carcinoma
miR-381-3p,Oral squamous cell carcinoma
miR-185-3p,Cardiac hypertrophy
unknown,Fetal growth restriction
MiR-326,Hepatocellular carcinoma
miR-129-5p,Non-small cell lung cancer
miR-326,Glioma
hsa-miR-1233,Type2 diabetes mellitus
miR-572,Hepatocellular carcinoma
miR-197-3p,Cervical cancer
miR-6783-3p,Lung adenocarcinoma
miR-7,Gastric cancer
miR-4776-3p,Intervertebral disc degeneration
miR-1236-3p,Ovarian cancer
hsa-miR-660-5p,Breast cancer
miR-630,Esophageal cancer
miR-577,Nasopharyngeal carcinoma
miR-506-3p,Intestinal injury and repair
hsa-miR-142-5p,Osteosarcoma
hsa-miR-654-3p,Lung cancer
miR-140-3p,Diabetic retinopathy
hsa-miR-483-3p,Intracranial aneurysm
miR-431,Gastric cancer
miR-4459,Pancreatic cancer
miR-193a-3p,Ovarian cancer
miR-182,Glioma
miR-153,Cervical cancer
miR-17-3p,Diabetic nephropathy
miR-1298-3p,Tuberculosis
miR-144,Renal cell carcinoma
miR-382-5p,Osteosarcoma
miR-192-5p,Hyperglycemia
miR-378a-3p,Pancreatic cancer
hsa-miR-512-5p,Type2 diabetes mellitus
unknown,Nasopharyngeal carcinoma
unknown,Influenza A virus infection
unknown,Hypoxia
miR-125b-5p,Lung adenocarcinoma
miR-17-3p,Hepatocellular carcinoma
miR-132-3p,Tuberculosis
miR-640,Hepatocellular carcinoma
unknown,Silicosis
unknown,Radiation-induced liver fibrosis
miR-526b,Osteosarcoma
miR-203a,Liver cancer
miR-384,Esophageal squamous cell carcinoma
p53,Non-small cell lung cancer
miR-3666,Hepatocellular carcinoma
hsa-miR-136-5p,Papillary thyroid carcinoma
hsa-miR-200c-5p,Non-small cell lung cancer
miR-148b-3p,Ovarian cancer
unknown,Trauma-induced osteonecrosis of femoral head
miR-661,Intervertebral disc degeneration
miR-217,Esophageal squamous cell carcinoma
miR-1299,Renal cell carcinoma
miR-876-3p,Colorectal cancer
miR-124,neuroinflammatory disorders
miR-7-5p,Pancreatic ductal adenocarcinoma
miR-876-5p,Tuberculosis
miR-654,liver cancer
miR-545,Gastric cancer
miR-140-5p,Breast cancer
miR-515-5p,Prostate cancer
miR-145-5p,Laryngeal squamous cell carcinoma
hsa-miR-4685-5p,Tuberculosis
miR-4270,Gastric cancer
miR-125a-3p,Glioma
miR-628-5p,Glioblastoma
miR-3918,Hepatocellular carcinoma
miR-502-5p,Hepatocellular carcinoma
miR-200a,Hepatocellular carcinoma
miR-574-5p,Alzheimer's disease
miR-1273g-3p,Oral mucosal melanoma
miR-217,Hypopharyngeal carcinoma
miR-9-5p,Cervical cancer
ITGB1,Bladder cancer
miR-145,Melanoma
unknown,prostate cancer
unknown,T-cell lymphoblastic lymphoma
miR-127,Thyroid carcinoma
miR-182-5p,Breast cancer
hsa_miR-650,Idiopathic pulmonary fibrosis
miR-615-3p,Multiple myeloma
miR-150-5p,Non-small cell lung cancer
miR-101-5p,Cervical cancer
miR-885-3p,Colorectal cancer
miR-489-3p,Clear cell renal cell carcinoma
hsa-miR-335-3p,Papillary thyroid carcinoma
unknown,Papillary thyroid carcinoma
hsa-miR-33a-5p,T2DM with depression
miR-361-3p,Pancreatic cancer
miR-1270,Hepatocellular carcinoma
miR-103a-3p,Bladder carcinoma
miR-106b-5p,Intervertebral disc degeneration
miR-6884,Prostate cancer
unknown,Human aortic smooth muscle cell
miR-642b-3p,Intervertebral disc degeneration
hsa-miR-3139,Papillary thyroid microcarcinoma
miR-214,esophageal squamous cell carcinoma
miR-98-5p,Atherosclerosis
miR-147a,Epithelial ovarian cancer
miR-638,Non-small cell lung cancer
hsa-miR-4753-3p,T2DM with depression
miR-876-3p,Pulmonary tuberculosis
miR-518c-5p,Rheumatoid arthritis
miR-19a,Osteosarcoma
hsa-miR-193a-5p,Uveal melanoma
unknown,Acne
miR-217,Pancreatic cancer
miR-4663,Intervertebral disc degeneration
miR-193a,Breast cancer
hsa-miR-193a-3p,Preeclampsia
miR-1227,Endometrial carcinoma
hsa-miR-5572,Papillary thyroid carcinoma
miR-136-5p,Hepatocellular carcinoma
hsa-miR-493-5p,Papillary thyroid carcinoma
miR-1271,breast cancer
hsa-miR-626,Lung cancer
unknown,vascular endothelial dysfunction
unknown,Cellular senescence
hsa-miR-566,Lung adenocarcinoma
has-miR-449a,Endometriosis
hsa-miR-339-5p,Papillary thyroid carcinoma
miR-431-5p,Chondrocyte apoptosis
miR-93-3p,Thoracic aortic dissection
miR-337-3p,Osteoarthritis
miR-1197,Non-small cell lung cancer
miR-149,Renal cell carcinoma
miR-142-3p,Non-small cell lung cancer
miR-9,Nasopharyngeal carcinoma
Col1a2,Temporal Lobe Epilepsy
miR-1294,Pancreatic ductal adenocarcinoma
miR-29a-3p,Breast cancer
miR-4469,Esophageal squamous cell carcinoma
hsa-miR-6819-5p,Papillary thyroid carcinoma
FOXO3,Esophageal cancer
unknown,Thyroid cancer
miR-335-5p,Hepatocellular carcinoma
unknown,Myocardial ischemia
miR-326,Asthma
hsa-miR-205-3p,Epithelial ovarian cancer
hsa-miR-4529-5p,Tuberculosis
VEGFA,Bladder cancer
miR-429,Melanoma
miR-338,Hepatocellular carcinoma
unknown,Pituitary adenoma
miR-106b,Colon cancer
miR‑646,Ovarian cancer
miR-587,Intervertebral disc degeneration
miR-503-5p,Gastric cancer
unknown,hypoxia
hsa-miR-6764-3p,Tuberculosis
miR-512-5p,Carotid disease and ischemic stroke
miR-1252,Breast cancer
miR-1298-3p,Intervertebral disc degeneration
miR-29c-3p,Colorectal cancer
miR-375,Bladder cancer
miR-34a,Congenital heart disease
unknown,Primary Sjogren's Syndrome
miR-320a,Lung cancer
miR-1304-5p,Non-small cell lung cancer
miR-375,Triple negative breast cancer
miR-665,Lung adenocarcinoma
miR-155-5p,Bladder cancer
let-7,Glioblastoma
miR-452-5p,Cervical cancer
miR-205,Renal carcinoma
miR-939-5p,Intervertebral disc degeneration
miR-409-3p,Gastric cancer
miR-515-5p,Gastric cancer
hsa-miR-143-3p,Gastric cancer
miR-96,Hepatocellular carcinoma
miR-217,Osteosarcoma
unknown,Thyroid carcinoma
miR-665,Hypopharyngeal carcinoma
miR-191,Hepatocellular carcinoma
miR-1184,Bladder cancer
miR-455-3p,Lupus nephritis
miR-6778-5p,Colorectal cancer
miR-145,Myopia
miR-223,Papillary thyroid carcinoma
hsa-miR-574-5p,Papillary thyroid carcinoma
unknown,gastric cancer
miR-582-3p,Hepatocellular carcinoma
miR-302b-3p,Gastric cancer
miR-211-5p,Ovarian cancer
miR-29,oral squamous cell carcinomas
miR-181b-5p,Hepatocellular carcinoma
miR-944,Colorectal cancer
miR-5088-3p,Hypopharyngeal carcinoma
miR-197-5p,Oral squamous cell carcinoma
miR-29c-3p,Osteosarcoma
unknown,Lupus nephritis
unknown,Tuberculosis
miR-378,Lung cancer
miR-608,Ameloblastoma
miR‑218,Cervical cancer
miR-1236-3p,Colorectal cancer
miR-141,Pulmonary tuberculosis
miR-1205,Papillary thyroid carcinoma
miR-637,Glioma
miR-491-5p,Postmenopausal Osteoporosis
miR-514a-5p,Adrenocortical carcinoma
hsa-miR-122-5p,Papillary thyroid carcinoma
hsa-miR-197-3p,Uveal melanoma
miR-653-5p,Non-small cell lung cancer
miR-647,Breast cancer
unknown,Pressure ulcer
miR‑138‑5p,Keloid
miR-492,Breast cancer
miR-1243,Diabetic retinopathy
miR-152,liver cancer
miR-193a-5p,Prostate cancer
miR‑145‑5p,Osteogenesis
miR-125a-3p,Systemic lupus erythematosus
miR-449c-5p,Hepatocellular carcinoma
miR-4715-3p,Hypopharyngeal carcinoma
miR-302a-3p,Laryngeal cancer
unknown,Cutaneous squamous cell carcinoma
miR-490-3p,Liver cancer
miR-1193,Cutaneous squamous cell carcinoma
miR-942-5p,Cervical cancer
miR-637,Triple negative breast cancer
miR-1238,Prostate cancer
miR-326,Hypertension
hsa-miR-1306-5p,T2DM with depression
miR-502-5p,Gastric cancer
hsa-miR-1273g-3p,Hypertension
hsa-miR-637,Essential hypertension
miR-129-5p,Diabetes retinopathy
miR-198,Melanoma
miR-186-5p,Tuberculosis
miR-133a-3p,Atherosclerosis
unknown,Type2 diabetes mellitus
miR-149-5p,Endometrial carcinoma
hsa-miR-125b-5p,Temporal Lobe Epilepsy
miR-486-5p,Hepatocellular carcinoma
miR-3175,Intervertebral disc degeneration
miR-22-3p,Neointimal hyperplasia
hsa-miR-6742-5p,Breast cancer
miR-330-5p,Glioblastoma
miR-1228,Lung cancer
miR-199a-5p,Type 1 diabetes mellitus
miR-342-3p,Hepatocellular carcinoma
miR-3137,Intervertebral disc degeneration
unknown,Hypopharyngeal squamous cell carcinoma
miR-125,Gastric cancer
miR-216b,Esophageal squamous cell carcinoma
miR-503-5p,Oral squamous cell carcinoma
hsa-miR-653-5p,Papillary thyroid carcinoma
miR-873-5p,Haemangiomas
miR-103a-3p,Atherosclerosis
miR-146a,Clear cell renal cellcarcinoma
hsa-miR-148b-3p,Osteoarthritis
miR-330-5p,Postmenopausal Osteoporosis
miR-431,Liver cancer
miR-27a-3p,Renal cell carcinoma
CDC42,Postmenopausal Osteoporosis
miR-488-3p,Hirschsprung disease
miR-431-5p,Tongue squamous cell carcinoma
miR-106b-5p,Epilepsy
unknown,Osteoarthritis
miR-124-5p,Major depressive disorder
miR-224,Bladder cancer
unknown,Carcinogenesis
hsa-miR-6127,Systemic lupus erythematosus
unknown,Gallbladder cancer
miR-NC,Periodontitis
miR-583,Intervertebral disc degeneration
unknown,Esophageal cancer
miR-3187-3p,Colorectal cancer
miR-433,Glioma
miR-766,Osteosarcoma
miR-375,Colorectal cancer
unknown,Ulcerative colitis
hsa-miR-1204,Type2 diabetes mellitus
unknown,PDLSC osteogenis
hsa-miR-135a-3p.,Oral squamous cell carcinoma
hsa-miR-6878-5p,Non-small cell lung cancer
miR-1182,Prostate cancer
hsa-miR-766-5p,Lung cancer
miR-455-3p,Breast cancer
miR-4493,Glioma
miR-1231,Basal cell carcinoma
miR-29c-3p,Clear cell renal cell carcinoma
hsa-miR-588,Papillary thyroid carcinoma
miR-615-3p,Retinoblastoma
miR-138-5p,Renal carcinoma
miR-518a-5p,Ovarian cancer
hsa-miR-338-3p,Bladder cancer
miR-1268a,Oral mucosal melanoma
miR-377-3p,Lung cancer
miR-637,Essential hypertension
miR-326,Medulloblastoma
miR-422a,Glioblastoma
unknown,Cholangiocarcinoma
miR-590-5p,Hepatocellular carcinoma
unknown,Intervertebral disc degeneration
miR-373-3p,Laryngeal cancer
unknown,Breast cancer
miR-199a-5p,Epithelial ovarian cancer
miR-31-5p,Bladder cancer
miR-1324,Hepatocellular carcinoma
miR-610,Hepatocellular carcinoma
miR-181a-2-3p,Esophageal cancer
miR-142-5p,Gastric cancer
unknown,Premature ovarian insufficiency
miR-362-3p,Hepatocellular carcinoma
hsa-miR-583,Hepatocellular carcinoma
unknown,Tongue squamous cell carcinoma
unknown,Repeated implantation failure
miR-521,Carotid disease and ischemic stroke
hsa-miR-1256,Non-small cell lung cancer
miR-375,Osteosarcoma
miR-1236,Glioma
miR-122,Osteoporosis
unknown,colorectal cancer
miR-22,Lung adenocarcinoma
miR-39-3p,Colorectal cancer
miR-338-3p,Colon cancer
miR-222-5p,Rheumatoid arthritis
miR-186-5p,Esophageal cancer
miR‑1271,Epithelial ovarian cancer
unknown,Bladder carcinoma
miR-1285-5p,Prostate cancer
miR-1271,Hepatocellular carcinoma
unknown,Hirschsprung disease
miR-346,Osteoarthritis
miR-580-3p,Non-small cell lung cancer
unknown,Ischemic stroke
hsa-miR-339-5p,Breast cancer
miR-145,Hepatocellular carcinoma
miR-1236,Bladder cancer
miR-106a-3p,Ovarian cancer
miR-331-3p,Hepatocellular carcinoma
miR-128,Esophageal squamous cell carcinoma
miR-6893,Cervical cancer
hsa-miR-141-3p,Papillary thyroid carcinoma
unknown,Thoracic aortic dissection
miR-653-5p,Basal cell carcinoma
has-miR-221-3p,Endometriosis
miR-29,Oral squamous cell carcinoma
miR-21–5p,Acute kidney injury
unknown,hepatic steatosis
miR-3186-3p,Lung adenocarcinoma
miR-30d-3p,Ovarian cancer
hsa-miR-3194-5p,Hepatocellular carcinoma
hsa-miR-204-3p,Uveal melanoma
hsa-miR-23b-3p,Colorectal cancer
miR-5590-5p,Intervertebral disc degeneration
miR-3198,Nasopharyngeal carcinoma
miR-569,Tuberculosis
miR-339-5p,Ischemia reperfusion injury
miR-17,Gastric cancer
miR-1250-3p,Hepatoblastoma
miR-942,Esophageal cancer
miR-302e,Non-small cell lung cancer
miR-3186-3p,Hypopharyngeal carcinoma
miR-326,Rectal cancer
hsa-miR-608,Papillary thyroid carcinoma
hsa-miR-512-5p,Gastric cancer
miR-620,Glioma
miR-7,Pancreatic ductal adenocarcinoma
hsa-miR-23a-5p,Papillary thyroid carcinoma
miR-124,Glioma
let-7c-5p,Laryngeal squamous cell carcinoma
miR-449c-5p,Gastric cancer
miR-181b,Osteosarcoma
unknown,Infantile hemangioma
miR-485-5p,Hepatocellular carcinoma
c-myc,Lung cancer
hsa-miR-23a-3p,Colorectal cancer
miR-765,Intervertebral disc degeneration
hsa-miR-4480,Tuberculosis
miR-7,Laryngeal squamous cell carcinoma
miR-558,Bladder cancer
miR-942,Breast cancer
miR-130a-3p,Bladder cancer
hsa-miR-298,Breast cancer
hsa-miR-670-5p,Temporal Lobe Epilepsy
miR-6844,Tuberculosis
unknown,Parathyroid carcinoma
miR-141-5p,Tuberculosis
miR-145,Prostate cancer
unknown,Pneumonia
miR-486-3p,Laryngeal squamous cell carcinoma
miR-33a-5p,Non-small cell lung cancer
miR-761,Glioma
miR-155,Gastric cancer
unknown,major depressive disorder
hsa-miR-148a-5p,T2DM with depression
hsa-miR-545-3p,Papillary thyroid carcinoma
miR-144,Hepatocellular carcinoma
miR-26a-5p,Atherosclerosis
miR-103a-3p,Non-small cell lung cancer
DNMT3B,Bladder cancer
unknown,Gestational diabetes mellitus
miR-149-5p,Gastric cancer
miR-615-5p,Non-small cell lung cancer
hsa-miR-574-5p,Repeated implantation failure
hsa-miR-516b-5p,Intracranial aneurysm
hsa-miR-363-5p,Papillary thyroid carcinoma
miR-516b-5p,Esophageal squamous cell carcinoma
miR-500a-5p,Breast cancer
miR-646,Hypopharyngeal carcinoma
miR-326,Chronic myeloid leukemia
unknown,papillary thyroid carcinoma
miR-142-5p,Oral squamous cell carcinoma
unknown,Atrial fibrillation
miR-335-5p,Non-small cell lung cancer
hsa-miR-191-3p,Gastric cancer
miR-135a-5p,Atherosclerosis
miR-1304-5p,Osteosarcoma
miR-192-3p,Gastric cancer
unknown,active pulmonary tuberculosis
miR-214,Esophageal cancer
miR-548b-3p,Cholangiocarcinoma
miR-335-3p,Tuberculosis
miR-124-3p,Acute promyelocytic leukemia
unknown,Intracranial aneurysm
miR-28-5p,Hypertension
miR-1276,Gastric cancer
miR-4491,Non-small cell lung cancer
hsa-miR-4298,Preeclampsia
hsa-miR-1258,Type2 diabetes mellitus
miR-6757-5p,Hypopharyngeal carcinoma
unknown,Gastrointestinal stromal tumour
miR-599,Hepatocellular carcinoma
hsa-miR-519e-5p,Intracranial aneurysm
hsa-miR-330-5p,Papillary thyroid carcinoma
unknown,Coronary heart disease
miR-31-5p,Colorectal cancer
miR-5571-5p,Atherosclerosis
hsa-miR-4299,Preeclampsia
unknown,Proliferative diabetic retinopathy
miR-182-5p,Oral squamous cell carcinoma
miR-552,Colon cancer
miR-23b,Clear cell renal cellcarcinoma
miR-181d-5p,Inflammation
miR-21,Kidney cancer
miR-16,Bladder urothelial carcinoma
miR-93-5p,Sepsis
miR-656-5p,Intervertebral disc degeneration
miR-7,Abdominal aortic aneurysm
miR-432-5p,Pancreatic ductal adenocarcinoma
miR-145-5p,Chronic obstructive pulmonary disease
miR-185-5p,Intervertebral disc degeneration
