circRNA,disease
hsa_circ_0002082,Hepatocellular carcinoma
hsa_circ_0057104,Gastric cancer
hsa_circ_0005158,Heart failure
hsa_circ_0002198/hsa_circ_0002198,Ovarian endometriosis
hsa_circ_000367,Hepatic steatosis
hsa_circ_0080210/circ-GRB10,Intervertebral disc degeneration
hsa_circ_0074990,Gastric cancer
hsa_circ_0026344,Colorectal cancer
hsa_circ_0066135,Uterine leiomyoma
hsa_circ_407176,Primary biliary cirrhosis
hsa_circ_0004662,Ulcerative colitis
hsa_circ_0004662,Hepatocellular carcinoma
hsa_circ_0007203,Esophageal cancer
hsa_circ_0002874,Bladder cancer
hsa_circ_0002874,Breast cancer
hsa_circ_0006662,Pancreatic cancer
hsa_circ_006100,Gastric cancer
hsa_circ_0018004,Stomach adenocarcinoma
chr6:41250133–41250489,Acute ischemic stroke
hsa_circ_100721,Colorectal cancer
hsa_circ_100721,Oral squamous cell carcinoma
hsa_circ_100721,Thyroid cancer
hsa_circ_100721,Thyroid cancer
hsa_circ_0080145,Chronic myeloid leukemia
hsa_circ_0077425,Osteoarthritis
hsa_circ_0104345,Breast cancer
hsa_circ_0011946,Breast cancer
hsa_circ_0011946,Oral squamous cell carcinoma
hsa_circ_0129656,Primary Sjogren's Syndrome
circZRANB1,Glaucoma
hsa_circ_0067175,Thoracic aortic dissection
hsa_circ_0007146,Multiple myeloma
hsa_circ_0000239,Hypopharyngeal carcinoma
hsa_circ_0032891,Multiple system atrophy
hsa_circ_0008068,Oral squamous cell carcinoma
circRNA7536,Esophageal cancer
hsa_circ_0001522,Lung cancer
hsa_circ_0005692,Osteoporosis
hsa_circ_0005692,Hepatocellular carcinoma
hsa_circ_0003192,Oral mucosal melanoma
hsa_circ_0005394,Hepatocellular carcinoma
hsa_circ_12884,Polycystic ovary syndrome
hsa_circ_0140388,Colorectal cancer
hsa_circ_0032683,Gastric cancer
hsa_circ_0032683,Rheumatoid arthritis
hsa_circ_104075,Glioblastoma
hsa_circ_0115744,Colorectal cancer
hsa_circ_0023984,Clear cell renal cell carcinoma
hsa_circ_0023984,Infantile hemangioma
hsa_circ_0029067,Facet joint osteoarthritis
hsa_circ_0068367,Systemic lupus erythematosus
hsa_circ_0036877,Preeclampsia
hsa_circ_0023302,Breast cancer
hsa_circ_0023302,Non-small cell lung cancer
hsa_circ_0002346,Lung cancer
hsa_circ_0002346,Nasopharyngeal carcinoma
hsa_circ_0087378,Esophageal cancer
hsa_circ_0087378,Breast cancer
hsa_circ_0005622,Parathyroid adenoma
hsa_circ_0006276,Lung cancer
hsa_circ_0065214,Hepatocellular carcinoma
hsa_circ_0092857,Lung cancer
hsa_circ_0061893,Radiation-induced liver fibrosis
hsa_circ_0008035,Osteosarcoma
hsa_circ_0008035,Bladder cancer
hsa_circ_0008035,Gastric cancer
hsa_circ_0125597,Breast cancer
hsa_circ_0097636,Polycystic ovary syndrome
hsa_circ_0015288,Pterygium
hsa_circ_0004383/cZNF292,Glioblastoma
hsa_circ_0004383/cZNF292,Hypoxia
hsa_circ_0004383/cZNF292,Ischaemic heart disease
hsa_circ_0001866,Systemic lupus erythematosus
hsa_circ_0091074,Triple negative breast cancer
hsa_circ_0000520,Gastric cancer
hsa_circ_0000520,Multiple sclerosis
hsa_circ_0000520,Breast cancer
hsa_circ_0090049,Hepatocellular carcinoma
hsa_circ_0062222,Nonfunctioning pituitary adenomas
hsa_circ_0092012,Laryngeal cancer
hsa_circ_0127621,Diffuse large B-cell lymphoma
hsa_circ_0017515,Hepatoblastoma
hsa_circ_0088364,Hepatocellular carcinoma
hsa_circ_0018534,Non-small cell lung cancer
hsa_circ_0001766,Oral squamous cell carcinoma
hsa_circ_0063526,Gastric cancer
hsa_circ_0079662,Colorectal cancer
hsa_circ_0028171,Osteosarcoma
hsa_circ_0082352,Demyelinating disease
hsa_circ_0006109,Atrial fibrillation
hsa_circ_0075001/circNPM1,Acute myeloid leukemia
hsa_circ_0057799,Endometriosis
hsa_circ_0101432,Hepatocellular carcinoma
hsa_circ_0006848,Gastric cancer
hsa_circ_0093996,Retinoblastoma
hsa_circ_0049027,Gastric cancer
hsa_circ_0003391,Alzheimer's disease
hsa_circ_0003391,Postmenopausal Osteoporosis
hsa_circ_0001449,Cerebral ischemia
hsa_circ_0026134,Non-small cell lung cancer
hsa_circ_0026134,Hepatocellular carcinoma
hsa_circ_0026134,Ovarian cancer
hsa_circ_0017252,Clear cell renal cell carcinoma
hsa_circ_0017252,Hepatocellular carcinoma
hsa_circ_0051079,Osteosarcoma
hsa_circ_0028173,Bladder cancer
hsa_circ_0028173,Osteosarcoma
hsa_circ_0043951,Papillary thyroid carcinoma
circMED13,Breast cancer
hsa_circ_101396,Leukoaraiosis
hsa_circ_0078607,Ovarian cancer
hsa_circ_0001907,Major depressive disorder
circRNA7,Herpes Simplex Virus1 Infection
circRNA7,Esophageal cancer
circRNA7,Esophageal cancer
circRNA7,Esophageal cancer
circRNA7,Esophageal cancer
circRNA7,Esophageal cancer
circRNA7,Esophageal cancer
circRNA7,Esophageal cancer
circRNA7,Esophageal cancer
circRNA7,Esophageal cancer
circRNA7,Hepatocellular carcinoma
hsa_circ_100284,Bladder cancer
circRNA7535,Esophageal cancer
hsa_circ_0006872,Chronic obstructive pulmonary disease
hsa_circ_0004221,Lung cancer
hsa_circ_0021093,Hepatocellular carcinoma
hsa_circ_0003573,Atherosclerosis
hsa_circ_001640,Nonfunctioning pituitary adenomas
hsa_circ_001640,Early-Stage Lung Adenocarcinoma
hsa_circ_0000907,Breast cancer
hsa_circ_0002362,Pulmonary tuberculosis
hsa_circ_0017545,Parathyroid carcinoma
hsa_circ_0017545,Breast cancer
hsa_circ_102032,Primary hepatic carcinoma
hsa_circ_0000711,Colorectal cancer
hsa_circ_0006357,Periventricular white matter damage
hsa_circ_0005654,Gastric cancer
hsa_circ_0005654,Postmenopausal osteoporosis
hsa_circ_0083964,Rheumatoid arthritis
hsa_circ_0001410,Major depressive disorder
hsa_circ_0001421,Non-small cell lung cancer
hsa_circ_0016403,Nonfunctioning pituitary adenomas
hsa_circ_0002453,Triple negative breast cancer
hsa_circ_0002453,Systemic lupus erythematosus
hsa_circ_0001009,Glioblastoma
hsa_circ_0069765,Gastrointestinal stromal tumour
hsa_circSDHC,Renal cell carcinoma
hsa_circ_0062558,Breast cancer
hsa_circ_0062558,Uterine leiomyoma
hsa_circ_0006804,Influenza A virus infection
hsa_circ_0007445,Preeclampsia
hsa_circ_100242,Bladder cancer
hsa_circ_0043533,Polycystic ovary syndrome
hsa_circ_0003221,Bladder cancer
hsa_circ_0003221,Gastric cancer
hsa_circ_0044235,Systemic lupus erythematosus
has_circ_0001492,Colorectal cancer
hsa_circ_0001022,Renal cell carcinoma
hsa_circ_0087784,Breast cancer
hsa_circ_0001895/hsa_circ_000760,Gastric cancer
hsa_circ_0001875,Breast cancer
hsa_circ_0043469,Adrenocortical carcinoma
circRNA7537,Esophageal cancer
hsa_circ_0000479,Triple negative breast cancer
hsa_circ_0000479,Systemic lupus erythematosus
hsa_circ_0100587,Chronic hepatitis B
hsa_circ_0040824,Inflammatory response
hsa_circ_0092276,Breast cancer
hsa_circ_0008717,Breast cancer
hsa_circ_0008717,Hepatocellular carcinoma
hsa_circ_0008717,Non-small cell lung cancer
hsa_circ_0008717,Rectal cancer
hsa_circ_0008717,Osteosarcoma
hsa_circ_0008717,Clear cell renal cell carcinoma
hsa_circ_0008717,Epithelial ovarian cancer
hsa_circ_0008717,Glioblastoma
hsa_circ_0008717,Thyroid cancer
hsa_circ_0005035,Age-related cataract
hsa_circ_0005035,Lung cancer
hsa_circ_012091,Silicosis
hsa_circ_001242,Oral squamous cell carcinoma
hsa_circ_0056159,Pterygium
hsa_circ_0002019,Esophageal cancer
hsa_circ_0008975,Non-small cell lung cancer
hsa_circ_0128533,Uveal melanoma
hsa_circ_0001103,Osteoarthritis
hsa_circ_0005218,Preeclampsia
hsa_circ_0081566,Uterine leiomyoma
hsa_circ_0005480,Keloid
hsa_circ_0042261,Esophageal cancer
hsa_circ_0092374,Systemic lupus erythematosus
hsa_circ_0074026,Glioblastoma
hsa_circ_0074026,Breast cancer
hsa_circ_0093859,Breast cancer
hsa_circ_0001610,Endometrial carcinoma
hsa_circ_0056836,Hepatocellular carcinoma
hsa_circ_0061259,Prostate cancer
hsa_circ_0137287,Papillary thyroid carcinoma
hsa_circ_0002715,Rheumatoid arthritis
hsa_circ_100219,Breast cancer
hsa_circ_0058147,Gastric cancer
hsa_circ_0061825,Breast cancer
hsa_circ_0101113,Acute myeloid leukemia
hsa_circ_0000061,Proliferative diabetic retinopathy
hsa_circ_0092024,Bladder cancer
hsa_circ_0064451,Colon cancer
hsa_circ_0099476,Heart failure
hsa_circ_100241,Bladder cancer
hsa_circ_0033079,Glioblastoma
hsa_circ_0018069,Breast cancer
hsa_circ_0018069,Bladder cancer
circRNA3703,Esophageal cancer
hsa_circ_0005046,Breast cancer
hsa_circ_0005046,Osteosarcoma
hsa_circ_0006404,Senescence
hsa_circ_0006404,Gastric cancer
hsa_circ_0006404,Glioblastoma
hsa_circ_0006404,Prostate cancer
hsa_circ_0006404,Acute myeloid leukemia
hsa_circ_0006404,Bladder cancer
hsa_circ_0006404,Esophageal cancer
hsa_circ_0006404,Osteosarcoma
hsa_circ_0006404,Breast cancer
hsa_circ_0006404,Myocardial senescence
hsa_circ_0006404,Non-small cell lung cancer
hsa_circ_0072215,Esophageal cancer
hsa_circ_0035197,Rheumatoid arthritis
hsa_circ_0079278,Parathyroid carcinoma
hsa_circ_0043813,Multiple sclerosis
hsa_circ_0043813,Postmenopausal osteoporosis
hsa_circ_0062163,Hepatoblastoma
hsa_circ_0000408,Lung cancer
hsa_circ_0002161,Essential hypertension
hsa_circ_0004015,Non-small cell lung cancer
hsa_circ_031752,Papillary thyroid carcinoma
hsa_circ_0078715,Gastric cancer
hsa_circ_0023919,Bladder cancer
hsa_circ_0138960,Gastric cancer
hsa_circ_00523,Non-small cell lung cancer
hsa_circ_00523,Triple negative breast cancer
hsa_circ_00523,Primary Biliary Cholangitis
hsa_circ_00523,Glioblastoma
hsa_circ_0068871,Bladder cancer
hsa_circ_0008615,Systemic lupus erythematosus
hsa_circ_0055538,Oral squamous cell carcinoma
hsa_circ_0055625,Colon cancer
hsa_circRPPH1_015,Breast cancer
circPRKG1,Prostate cancer
hsa_circ_0072567,Colorectal cancer
hsa_circ_0022935,Colon cancer
hsa_circ_0001386,Clear cell renal cell carcinoma
hsa_circ_0007059,Postmenopausal osteoporosis
hsa_circ_0007059,Lung cancer
hsa_circ_0007059,Oral squamous cell carcinoma
circRNA7675,Esophageal cancer
17_50189167_50194626_-,Hypertrophic scar
chr3:72958113-72960367,Intestinal injury and repair
hsa_circ_0011107,Gastric cancer
hsa_circ_0005774,Acute myeloid leukemia
hsa_circ_0082689,Systemic lupus erythematosus
hsa_circ_0020594,Multiple myeloma
hsa_circ_0000944,Gastric cancer
hsa_circ_0010567,Breast cancer
hsa_circ_0008533,Non-obstructive azoospermia
hsa_circ_0024093,Acute kidney injury
hsa_circ_0005758,Gastric cancer
hsa_circ_0103398,Gastric cancer
chr5:170610175-170632616,Ovarian cancer
hsa_circ_0041124,Papillary thyroid carcinoma
circ_STK17A,Temporal Lobe Epilepsy
hsa_circ_104871,Rheumatoid arthritis
hsa_circ_0000673,Cholangiocarcinoma
hsa_circ_0000673,Hepatocellular carcinoma
hsa_circ_0000673,Ovarian endometriosis
hsa_circ_0003183,Breast cancer
hsa_circ_0102722,Bladder cancer
hsa_circ_0102722,Glioblastoma
hsa_circ_103903,Premature ovarian insufficiency
hsa_circ_0000030,Ovarian cancer
hsa_circ_0088452,Active pulmonary tuberculosis
hsa_circ_0005402/hsa_circ_0000518/hsa_circ_000167,Multiple sclerosis
hsa_circ_0070401,Oral squamous cell carcinoma
hsa_circ_0043688,Keloid
hsa_circ_0011292,Non-small cell lung cancer
hsa_circ_00026,Bladder cancer
hsa_circ_00026,Non-small cell lung cancer
hsa_circ_00026,Oral squamous cell carcinoma
hsa_circ_00026,Glioblastoma
hsa_circ_00026,Breast cancer
hsa_circ_00026,Hypopharyngeal carcinoma
hsa_circ_0004390,Ovarian cancer
hsa_circ_0005027,Hypopharyngeal carcinoma
hsa_circ_0000519,Multiple sclerosis
hsa_circ_0028883,Tuberculosis
hsa_circ_0000650,Chronic hepatitis B
hsa_circ_0078710,Hepatocellular carcinoma
hsa_circ_0005986,Hepatocellular carcinoma
hsa_circ_0060450,Type 1 diabetes mellitus
hsa_circ_0134501,Chronic myeloid leukemia
hsa_circ_0134501,Non-small cell lung cancer
hsa_circ_0006835,Gastric cancer
hsa_circ_0023942,Polycystic ovary syndrome
hsa_circ_0002089,Gastric cancer
hsa_circ_0014243,Essential hypertension
hsa_circ_0003214,Hypopharyngeal carcinoma
hsa_circ_0004873,Gastric cancer
hsa_circ_0005909,Osteosarcoma
circRNA9671,Esophageal cancer
hsa_circ_0005320,Triple negative breast cancer
hsa_circ_0005320,Oral squamous cell carcinoma
hsa_circ_0079593,Glioblastoma
hsa_circ_0079593,Malignant melanoma
hsa_circ_0000518,Esophageal cancer
hsa_circ_0000518,Multiple sclerosis
hsa_circ_0062491,Periodontitis
hsa_circ_0075341,Cervical cancer
hsa_circ_0011780,Non-small cell lung cancer
hsa_circ_0077232,Glioblastoma
hsa_circ_0060927,Colorectal cancer
hsa_circ_0060927,Uterine leiomyoma
hsa_circ_0008365,Gastric cancer
hsa_circ_0008365,Osteoarthritis
hsa_circ_0057452,Keloid
hsa_circ_0004870,Prostate cancer
hsa_circ_0002737,Steroid-induced osteonecrosis of the femoral head
hsa_circ_0001741,Hepatocellular carcinoma
hsa_circ_102086,Glioblastoma
hsa_circ_0000026,Gastric cancer
hsa_circ_0025508,Hepatocellular carcinoma
hsa_circ_0001200,Rheumatoid arthritis
hsa_circ_0057558,Prostate cancer
hsa_circ_0088344,Pterygium
hsa_circ_0078768,Pulmonary tuberculosis
hsa_circ_0078768,Active pulmonary tuberculosis
hsa_circ_0007362,Nonfunctioning pituitary adenomas
hsa_circ_0007976,Tongue squamous cell carcinoma
hsa_circ_0083682,Glioblastoma
hsa_circ_101000,Glioblastoma
hsa_circ_0007874,Bladder cancer
hsa_circ_0007874,Breast cancer
hsa_circ_0007874,Cervical cancer
hsa_circ_0007874,Chronic hepatitis B
hsa_circ_0007874,Gallbladder cancer
hsa_circ_0007874,Gastric cancer
hsa_circ_0007874,Hepatocellular carcinoma
hsa_circ_0007874,Lung cancer
hsa_circ_0007874,Osteosarcoma
hsa_circ_0007874,Ovarian cancer
hsa_circ_0070963,Radiation-induced liver fibrosis
hsa_circ_0008951,Ovarian endometriosis
hsa_circ_0017639,Glioblastoma
hsa_circ_0017639,Gastric cancer
hsa_circ_0009362,Triple negative breast cancer
hsa_circ_0002570,Proliferative diabetic retinopathy
hsa_circ_0103232,Uveal melanoma
hsa_circ_0006935,Repeated implantation failure
hsa_circ_0019069,Diabetes retinopathy
hsa_circ_0006101,Osteosarcoma
hsa_circ_0071542,Myocarditis
hsa_circ_0000831/hsa_circ_001089,Glioblastoma
hsa_circ_0133460,Uveal melanoma
hsa_circ_0018665,Hepatocellular carcinoma
hsa_circ_0033988,Laryngeal cancer
hsa_circ_0127801,Colorectal cancer
hsa_circ_0139996,Gastric cancer
hsa_circ_0087960,Bladder cancer
hsa_circ_0018429,Pneumonia
hsa_circ_0003915,Coronary heart disease
hsa_circ_0085534,Parathyroid carcinoma
hsa_circ_0016628,Uterine leiomyoma
hsa_circ_0005267,Primary great saphenous vein varicosities
hsa_circ_0008792,Oral squamous cell carcinoma
hsa_circ_0089548,Gastric cancer
hsa_circ_0006156,Papillary thyroid carcinoma
hsa_circ_0006156,Bladder cancer
hsa_circ_0006156,Gastric cancer
hsa_circ_0002052,Osteosarcoma
hsa_circ_0001240,Atrial fibrillation
hsa_circ_0045881,Acute kidney injury
hsa_circ_0067301,Ovarian endometriosis
hsa_circ_0067301,Acute pancreatitis
hsa_circ_0067301,Endometriosis
hsa_circ_0045602,Gastric cancer
hsa_circ_0003906,Colorectal cancer
hsa_circ_0000073,Breast cancer
hsa_circ_0000073,Osteosarcoma
SCD-circRNA 2,Hepatocellular carcinoma
hsa_circ_0047814,Diabetic retinopathy
hsa_circ_0000735,Bladder cancer
hsa_circ_0000735,Non-small cell lung cancer
hsa_circ_0000735,Prostate cancer
hsa_circ_0013549,Ovarian cancer
hsa_circ_0054660,Intervertebral disc degeneration
hsa_circ_0054660,Uterine leiomyoma
cir-GLI2/hsa_circ_0056288,Osteosarcoma
hsa_circ_0007374,Colorectal cancer
hsa_circ_0028198,Abdominal aortic aneurysm
hsa_circ_0090876,Acute myocardial infarction
hsa_circ_100438,Breast cancer
hsa_circ_0105346,Colorectal cancer
hsa_circ_0105346,Osteosarcoma
hsa_circ_0060063,Abdominal aortic aneurysm
circRNA.37134,Gestational diabetes mellitus
hsa_circ_0092340,Osteosarcoma
hsa_circ_0001667/hsa_circ_001717,Breast cancer
hsa_circ_0130810,Gastric cancer
hsa_circ_0072668,Facet joint osteoarthritis
hsa_circ_0000423,Colon cancer
hsa_circ_0001730,Glioblastoma
hsa_circ_0079586,Glioblastoma
hsa_circ_0049657,Acute myeloid leukemia
hsa_circ_0002023,Non-obstructive azoospermia
hsa_circ_014724,Hepatic steatosis
hsa_circ_005086,Glioblastoma
hsa_circ_005086,Tuberculosis
hsa_circ_0012919,Systemic lupus erythematosus
hsa_circ_0017446,Acute myeloid leukemia
hsa_circ_0005406,Osteoarthritis
hsa_circ_0001979,Osteoarthritis
hsa_circ_0000677/hsa_circ_001569/circABCC,Breast cancer
hsa_circ_0000677/hsa_circ_001569/circABCC,Colorectal cancer
hsa_circ_0000677/hsa_circ_001569/circABCC,Gastric cancer
hsa_circ_0000677/hsa_circ_001569/circABCC,Hepatocellular carcinoma
hsa_circ_0000677/hsa_circ_001569/circABCC,Osteosarcoma
hsa_circ_104075,Glioblastoma
hsa_circ_0011785,Inflammatory response
hsa_circ_0014635,Proliferative vitreoretinopathy
hsa_circ_0043800,Hepatoblastoma
ciRS-126,Polycystic ovary syndrome
hsa_circ_0101868,Acute myeloid leukemia
hsa_circ_0024108,Glioblastoma
hsa_circ_0024108,Esophageal cancer
hsa_circ_0024108,Hypopharyngeal carcinoma
hsa_circ_0051172,Coronary artery disease
hsa_circ_0000284/circHIPK3,Cholangiocarcinoma
hsa_circ_0000284/circHIPK3,Acute pancreatitis
hsa_circ_0000284/circHIPK3,Age-related cataract
hsa_circ_0000284/circHIPK3,Asthma
hsa_circ_0000284/circHIPK3,Bladder cancer
hsa_circ_0000284/circHIPK3,Breast cancer
hsa_circ_0000284/circHIPK3,Cardiac hypertrophy
hsa_circ_0000284/circHIPK3,Carotid disease and ischemic stroke
hsa_circ_0000284/circHIPK3,Cervical cancer
hsa_circ_0000284/circHIPK3,Clear cell renal cell carcinoma
hsa_circ_0000284/circHIPK3,Colorectal cancer
hsa_circ_0000284/circHIPK3,Coronary heart disease
hsa_circ_0000284/circHIPK3,Diabetic nephropathy
hsa_circ_0000284/circHIPK3,Gallbladder cancer
hsa_circ_0000284/circHIPK3,Gastric cancer
hsa_circ_0000284/circHIPK3,Glioblastoma
hsa_circ_0000284/circHIPK3,Hepatocellular carcinoma
hsa_circ_0000284/circHIPK3,Hyperglycemia
hsa_circ_0000284/circHIPK3,Immunosenescence
hsa_circ_0000284/circHIPK3,Insulin resistance
hsa_circ_0000284/circHIPK3,Kidney cancer
hsa_circ_0000284/circHIPK3,Oral squamous cell carcinoma
hsa_circ_0000284/circHIPK3,Osteosarcoma
hsa_circ_0000284/circHIPK3,Ovarian cancer
hsa_circ_0000284/circHIPK3,Preeclampsia
hsa_circ_0000284/circHIPK3,Prostate cancer
hsa_circ_0000284/circHIPK3,Type 2 diabetes mellitus
hsa_circ_0000284/circHIPK3,Non-small cell lung cancer
hsa_circ_0000284/circHIPK3,Osteoarthritis
hsa_circ_0000284/circHIPK3,Renal cell carcinoma
hsa_circ_0000284/circHIPK3,Spinal cord injury
hsa_circ_0000284/circHIPK3,Ovarian endometriosis
hsa_circ_0000284/circHIPK3,Oxidative injury
hsa_circ_0000284/circHIPK3,Nasopharyngeal carcinoma
hsa_circ_0004594,Gastric cancer
hsa_circ_0023117,Hepatoblastoma
hsa_circ_0008509,Colorectal cancer
hsa_circ_0002211,Colorectal cancer
hsa_circ_0002211,Prostate cancer
hsa_circ_0076906,Osteoporosis
hsa_circ_006352,Gastric cancer
hsa_circ_006352,Ovarian cancer
hsa-circRNA_2149,Colorectal cancer
hsa_circ_0035944,Hepatocellular carcinoma
hsa_circ_0138896,Breast cancer
chr9:74522734-74523039,Bladder cancer
hsa_circ_0002375,Nasopharyngeal carcinoma
hsa_circ_0076535,Esophageal cancer
circRNA9652,Esophageal cancer
hsa_circ_100565,Lung cancer
hsa_circ_0008832,Gastric cancer
hsa_circ_0008832,Laryngeal cancer
hsa_circ_0002260,Hypopharyngeal carcinoma
hsa_circ_0068087/CircSLC8A1-1,Type2 diabetes mellitus
hsa_circ_0028502,Hepatocellular carcinoma
circRNA.5333,Gestational diabetes mellitus
hsa_circ_0091581,Hepatocellular carcinoma
hsa_circ_0002577,Endometrial cancer
hsa_circ_101368,Hepatocellular carcinoma
hsa_circ_0007694,Papillary thyroid carcinoma
hsa_circ_0032463,Osteosarcoma
hsa_circ_0001187/hsa_circ_000341/hsa_circ_0008078,Acute myeloid leukemia
hsa_circ_0001187/hsa_circ_000341/hsa_circ_0008078,Cervical cancer
hsa_circ_0013255,Radiation-induced liver fibrosis
circNSUN2,Colorectal cancer
hsa_circ_0008267,Parathyroid adenoma
hsa_circ_0091579,Hepatocellular carcinoma
hsa_circ_0001577,Bladder cancer
hsa_circ_0001577,Polycystic ovary syndrome
hsa_circ_0006948,Esophageal cancer
hsa_circ_0002945,Alzheimer's disease
circPRRC2A,Renal cell carcinoma
hsa_circ_0001850,Proliferative diabetic retinopathy
hsa_circ_0012673,Lung cancer
hsa_circ_000792,Gastric cancer
hsa_circ_000792,Lung cancer
hsa_circ_000792,Cervical cancer
hsa_circ_0000936,Bladder cancer
hsa_circ_0000936,Gastric cancer
hsa_circ_0000936,Glioblastoma
hsa_circ_0087653,Pterygium
hsa_circ_0058058,Esophageal cancer
hsa_circ_0058058,Acute myeloid leukemia
hsa_circ_0058058,Non-obstructive azoospermia
hsa_circ_0075370,Congenital heart disease
hsa_circ_0001212/hsa_circ_001886,Cervical cancer
hsa_circ_001283,Breast cancer
hsa_circ_000013,Cervical cancer
hsa_circ_000013,Gastric cancer
hsa_circ_000013,Ovarian cancer
hsa_circ_0000646,Breast cancer
hsa_circ_0113854,Coronary artery disease
hsa_circ_0005529,Gastric cancer
hsa_circ_0000707,Chronic lymphocytic leukemia
hsa_circ_0016788,Hepatocellular carcinoma
circRNA CBL.11,Colorectal cancer
hsa_circ_0136959,Cervical cancer
hsa_circ_0008928,Non-small cell lung cancer
hsa_circ_0090956,Glioblastoma
hsa_circ_0001380,Bladder cancer
hsa_circ_0001380,Pulmonary tuberculosis
circ9119,Ovarian cancer
hsa_circ_0007551,Breast cancer
hsa_circ_0006022,Gastric cancer
hsa_circ_0007580,Non-small cell lung cancer
hsa_circ_0047285,Alzheimer's disease
hsa_circ_0008309,Gastric cancer
hsa_circ_0008309,Oral squamous cell carcinoma
hsa_circ_0069718,Triple negative breast cancer
hsa_circ_0001313/circCCDC66/hsa_circ_000374,Non-small cell lung cancer
hsa_circ_0001313/circCCDC66/hsa_circ_000374,Breast cancer
hsa_circ_0001313/circCCDC66/hsa_circ_000374,Cervical cancer
hsa_circ_0001313/circCCDC66/hsa_circ_000374,Colorectal cancer
hsa_circ_0001313/circCCDC66/hsa_circ_000374,Gastric cancer
hsa_circ_0001313/circCCDC66/hsa_circ_000374,Hirschsprung disease
hsa_circ_0001313/circCCDC66/hsa_circ_000374,Osteosarcoma
hsa_circ_0001313/circCCDC66/hsa_circ_000374,Pancreatic cancer
hsa_circ_0001599,Prostate cancer
hsa_circ_0001599,Endometriosis
circADAMTS13,Hepatocellular carcinoma
hsa_circ_0071375,Multiple myeloma
hsa_circ_0008797,Pulmonary tuberculosis
hsa_circ_0082333,Colorectal cancer
hsa_circ_0088196,Preeclampsia
hsa_circ_0005051,Gastric cancer
circ_ARL15,Intervertebral disc degeneration
hsa_circ_0018764,Hepatocellular carcinoma
circAmotl1/hsa_circ_0004214,Breast cancer
circAmotl1/hsa_circ_0004214,Cervical cancer
circAmotl1/hsa_circ_0004214,Glioblastoma
circAmotl1/hsa_circ_0004214,Lung cancer
circAmotl1/hsa_circ_0004214,Prostate cancer
hsa_circ_0026359,Gastric cancer
hsa_circ_0017841,Breast cancer
circRNA3046,Herpes Simplex Virus1 Infection
hsa_circ_0071589,Colorectal cancer
hsa_circ_0057576,Coronary artery disease
hsa_circ_0003893,Gastric cancer
hsa_circ_0000388,Cervical cancer
hsa_circ_0048677,Hepatocellular carcinoma
hsa_circ_0002360,Colorectal cancer
hsa_circ_0002360,Lung cancer
circRNANCOA3,PDLSC osteogenis
hsa_circ_0009172,Gastric cancer
hsa_circ_0027821,Age-related cataract
hsa_circ_0006220,Pancreatic cancer
hsa_circ_0006220,Breast cancer
hsa_circ_0055408,Renal cell carcinoma
hsa_circ_0109046,Endometrial cancer
hsa_circ_0002185,Oral squamous cell carcinoma
hsa_circ_0080975,Osteosarcoma
hsa_circ_0023064,Colon cancer
cTTN5,Heart failure
hsa_circ_0085533,Melanoma
hsa_circ_101319,Idiopathic membranous nephropathy
hsa_circ_0004417,Lung cancer
hsa_circ_0001535,Ovarian cancer
hsa_circ_0001535,Hepatocellular carcinoma
hsa_circ_0047924,Uveal melanoma
hsa_circ_0084353,Colorectal cancer
hsa_circ_0006168,Esophageal cancer
hsa_circ_0007364,Cervical cancer
hsa_circ_0072359,Hepatoblastoma
hsa_circ_0032833,Colorectal cancer
hsa_circ_0043145,Proliferative vitreoretinopathy
hsa_circ_0094190,Pancreatic cancer
hsa_circ_0073029,Myocarditis
hsa_circ_0039053,Hepatocellular carcinoma
circ1662,Colorectal cancer
hsa_circ_0003344,Steroid-induced osteonecrosis of the femoral head
hsa_circ_0057336,Hepatoblastoma
hsa_circ_0046263,Non-small cell lung cancer
hsa_circ_0046263,Nasopharyngeal carcinoma
hsa_circ_0004277,Colorectal cancer
hsa_circ_0004277,Acute myeloid leukemia
hsa_circ_0017526,Breast cancer
hsa_circ_0020397,Intracranial aneurysm
hsa_circ_24455,Glioblastoma
hsa_circ_0005538,Pulmonary tuberculosis
hsa_circ_001730,Pterygium
hsa_circ_009755,Oral squamous cell carcinoma
hsa_circ_0078738,Hepatocellular carcinoma
hsa_circ_0078738,Papillary thyroid carcinoma
hsa_circ_0004771,Gastric cancer
hsa_circ_0004771,Cervical cancer
hsa_circ_0004771,Breast cancer
hsa_circ_0004771,Papillary thyroid carcinoma
hsa_circ_0004771,Osteosarcoma
hsa_circ_0004771,Colorectal cancer
hsa_circ_0004771,Esophageal cancer
hsa_circ_0004771,Hepatocellular carcinoma
hsa_circ_0004771,Cutaneous squamous cell carcinoma
circRNA_000543,Nasopharyngeal carcinoma
hsa_circ_0003171,Primary great saphenous vein varicosities
hsa_circ_0007841,Multiple myeloma
hsa_circ_0007841,Multiple myeloma
hsa_circ_0006916,Colorectal cancer
hsa_circ_0006916,Hepatocellular carcinoma
hsa_circ_0006916,Lung cancer
hsa_circ_0038467,Pneumonia
hsa_circ_100571,Primary hepatic carcinoma
hsa_circ_0000098,Breast cancer
SPECC1a,Epithelial ovarian cancer
hsa_circ_0036763,Intervertebral disc degeneration
hsa_circ_0002137,Osteosarcoma
hsa_circ_0006215,Pancreatic cancer
hsa_circ_0092125,Oral squamous cell carcinoma
hsa_circ_0000419,Ovarian endometriosis
hsa_circ_0000419,Gastric cancer
hsa_circ_0000419,Osteosarcoma
hsa_circ_0064840,Pterygium
hsa_circ_0001839,Breast cancer
hsa_circ_0102446,Acute myeloid leukemia
hsa_circ_0000825,Prostate cancer
hsa_circ_0039411,Hepatocellular carcinoma
hsa_circ_0039411,Papillary thyroid carcinoma
hsa_circ_0130438,Rheumatoid arthritis
hsa_circ_0033351,Hepatocellular carcinoma
hsa_circ_0089552,Non-small cell lung cancer
hsa_circ_0087198,Pterygium
hsa_circ_0023903,Moyamoya disease
hsa_circ_0072995,Epithelial ovarian cancer
hsa_circ_0072995,Bladder cancer
hsa_circ_0072995,Breast cancer
hsa_circ_0092316,Inflammatory response
hsa_circ_0000038,Chronic hepatitis B
hsa_circ_0001062,Primary Sjogren's Syndrome
hsa_circ_0001062,Oral mucosal melanoma
hsa_circ_0088732,Glioblastoma
hsa_circ_0088732,Intervertebral disc degeneration
chr5:32640331-32664400,Intestinal injury and repair
circRNA904,Esophageal cancer
hsa_circ_10008,Glioblastoma
hsa_circ_0020710,Melanoma
hsa_circ_0001846,Triple negative breast cancer
hsa_circ_0001846,Cervical cancer
hsa_circ_407176,Primary biliary cirrhosis
hsa_circ_0017068,Preeclampsia
hsa_circ_0069767,Multiple myeloma
hsa_circ_0000338,Colorectal cancer
hsa_circ_0097391,Steroid-induced osteonecrosis of the femoral head
hsa_circ_0057342,Keloid
hsa_circ_0000140,Gastric cancer
hsa_circ_0000140,Oral squamous cell carcinoma
hsa_circ_0032131,Osteoarthritis
hsa_circ_0002078,Moyamoya disease
hsa_circ_0001368,Gastric cancer
hsa_circ_0001368,Pituitary adenoma
hsa_circ_0001368,Renal cell carcinoma
hsa_circ_100984,Bladder cancer
hsa_circ_0001868,Periventricular white matter damage
hsa_circ_0015879,Tuberculosis
hsa_circ_0035431,Gastric cancer
hsa_circ_0000274,Renal cell carcinoma
hsa_circ_0113689,Osteogenesis
hsa_circ_000121,Cervical cancer
hsa_circ_001988/hsa_circ_0001451,Colorectal cancer
hsa_circ_001988/hsa_circ_0001451,Triple negative breast cancer
hsa_circ_0000190,Gastric cancer
hsa_circ_0000190,Multiple myeloma
hsa_circ_0000190,Osteosarcoma
hsa_circ_0074027,Non-small cell lung cancer
hsa_circ_0074027,Glioblastoma
hsa_circ_0074027,Colorectal cancer
hsa_circ_0099198,Retinoblastoma
hsa_circ_0016070,Pulmonary arterial hypertension
hsa_circ_0023115,Ovarian endometriosis
hsa_circ_0039985,Uterine leiomyoma
hsa_circ_0006867,Non-small cell lung cancer
circELP3,Bladder cancer
hsa_circ_0037923,Renal cell carcinoma
hsa_circ_0006401,Gastric cancer
hsa_circ_0001861,Idiopathic pulmonary fibrosis
hsa_circ_000367,Hepatic steatosis
hsa_circ_0007099,Gastric cancer
hsa_circ_0001649/circSHPRH/hsa_circ_001599,Cholangiocarcinoma
hsa_circ_0001649/circSHPRH/hsa_circ_001599,Colorectal cancer
hsa_circ_0001649/circSHPRH/hsa_circ_001599,Digestive System Neoplasm
hsa_circ_0001649/circSHPRH/hsa_circ_001599,Gastric cancer
hsa_circ_0001649/circSHPRH/hsa_circ_001599,Glioblastoma
hsa_circ_0001649/circSHPRH/hsa_circ_001599,Hepatocellular carcinoma
hsa_circ_0001649/circSHPRH/hsa_circ_001599,Non-small cell lung cancer
hsa_circ_0001649/circSHPRH/hsa_circ_001599,Osteosarcoma
hsa_circ_0001649/circSHPRH/hsa_circ_001599,Pancreatic cancer
hsa_circ_0001649/circSHPRH/hsa_circ_001599,Retinoblastoma
hsa_circ_0004777,Basal cell carcinoma
hsa_circ_0004777,Lung cancer
hsa_circ_0002111,Hepatocellular carcinoma
hsa_circ_0002111,Papillary thyroid carcinoma
hsa_circ_0091822,Cervical cancer
hsa_circ_0085154,Hepatocellular carcinoma
hsa_circ_0067582,Gastric cancer
hsa_circ_0008305,Non-small cell lung cancer
hsa_circ_0008305,Hepatocellular carcinoma
hsa_circ_0008305,Intervertebral disc degeneration
hsa_circ_000598,Hepatocellular carcinoma
hsa_circ_0043603,Esophageal cancer
hsa_circ_0027446,Abdominal aortic aneurysm
ciRS-7,Osteosarcoma
ciRS-7,Prostate cancer
ciRS-7,Pulmonary hypertension
ciRS-7,Bladder cancer
ciRS-7,Breast cancer
ciRS-7,Cholangiocarcinoma
ciRS-7,Esophageal cancer
ciRS-7,Heart failure
ciRS-7,Laryngeal cancer
ciRS-7,Nasopharyngeal carcinoma
ciRS-7,Ovarian cancer
ciRS-7,Periodontitis
ciRS-7,Triple negative breast cancer
ciRS-7,Alzheimers disease
ciRS-7,Celebral development
ciRS-7,Colorectal cancer
ciRS-7,Gastric cancer
ciRS-7,Glioblastoma
ciRS-7,Hepatocellular carcinoma
ciRS-7,Pancreatic cancer
ciRS-7,Atherosclerosis
ciRS-7,Cervical cancer
ciRS-7,Coronary heart disease
ciRS-7,Lung cancer
ciRS-7,Non-small cell lung cancer
ciRS-7,Esophageal cancer
hsa_circ_0123190,Lupus nephritis
hsa_circ_0017648,Oral mucosal melanoma
hsa_circ_0004811,Hypopharyngeal carcinoma
hsa_circ_0002483,Non-small cell lung cancer
hsa_circ_0002483,Acute myeloid leukemia
hsa_circ_0000976,Hepatocellular carcinoma
hsa_circ_0003959,Retinoblastoma
hsa_circ_0000681/hsa_circ_001387,Pulmonary tuberculosis
hsa_circ_0005567,Osteoarthritis
hsa_circ_0005004,Breast cancer
hsa_circ_0069565,Age-related cataract
circ_C5,Chronic hepatitis B
hsa_circ_0003998,Hepatocellular carcinoma
hsa_circ_0003998,Non-small cell lung cancer
hsa_circ_0000517,Multiple sclerosis
hsa_circ_0000517,Hepatocellular carcinoma
hsa_circ_0000517,Pancreatic cancer
hsa_circ_0000517,radioresistant esophageal cancer cells
hsa_circ_0002888,Preeclampsia
hsa_circ_0003439,Lung cancer
hsa_circ_0016347,Osteosarcoma
hsa_circ_0040809,Hypertension
hsa_circ_0043949,Glioblastoma
hsa_circ_0084043,Malignant melanoma
hsa_circ_0006913,Pancreatic cancer
hsa_circ_0002711,Ovarian cancer
hsa_circ_406697,Breast cancer
hsa_circ_0038648,Essential hypertension
hsa_circ_0071036,Pancreatic cancer
hsa_circ_0048559,Epithelial ovarian cancer
hsa_circ_0000429,Non-small cell lung cancer
hsa_circ_0034912,Cervical cancer
hsa_circ_10388,Glioblastoma
circTBL1XR1,Colorectal cancer
hsa_circ_0089153,Ameloblastoma
hsa_circ_0008549,Gastric cancer
hsa_circ_017051,Glioblastoma
hsa_circ_002178,Glioblastoma
hsa_circ_002178,Lung cancer
chr3:96041338-96042928,Intestinal injury and repair
circ_UBQLN1,Temporal Lobe Epilepsy
hsa_circ_014724,Hepatic steatosis
hsa_circ_0003141,Hepatocellular carcinoma
hsa_circ_103047,Rheumatoid arthritis
hsa_circ_0037515,Non-small cell lung cancer
hsa_circ_0015756,Hepatocellular carcinoma
hsa_circ_0015756,Ovarian cancer
hsa_circ_0020707,Breast cancer
hsa_circ_0063561,Gastric cancer
hsa_circ_0040705,Systemic lupus erythematosus
hsa_circ_0002179,Breast cancer
hsa_circ_0084443,Diabetic foot ulcer
hsa_circ_0000144,Gastric cancer
hsa_circ_0000144,Thyroid cancer
hsa_circ_0000144,Bladder cancer
hsa_circ_0005927,Colorectal cancer
hsa_circ_0005927,Gastric cancer
hsa_circ_0058357,Non-small cell lung cancer
hsa_circ_0084606,Gastric cancer
hsa_circ_0052372,Primary Biliary Cholangitis
hsa_circ_0060467,Cervical cancer
hsa_circ_0054659,Intervertebral disc degeneration
hsa_circ_0007707,Gastric cancer
hsa_circ_0039569,Renal cell carcinoma
hsa_circ_0039569,Endometrial cancer
hsa_circ_0000654,Esophageal cancer
hsa_circ_0103809,Bladder cancer
hsa_circ_0103809,Hepatocellular carcinoma
hsa_circ_0003288,Hepatocellular carcinoma
hsa_circ_0003288,Non-small cell lung cancer
hsa_circ_0014359,Glioblastoma
hsa_circ_0058106,Hypopharyngeal carcinoma
hsa_circ_0054633,Acute lung injury
hsa_circ_0054633,Gestational diabetes mellitus
hsa_circ_0054633,Type2 diabetes mellitus
hsa_circ_0012563,Esophageal cancer
hsa_circ_0000839,Hepatocellular carcinoma
hsa_circ_0091702,Pneumonia
hsa_circ_0091702,Intervertebral disc degeneration
hsa_circ_403658,Bladder cancer
hsa_circ_0087537,Facet joint osteoarthritis
hsa_circ_0074806,Colorectal cancer
hsa_circ_0010575,Colon cancer
hsa_circ_0036474,Preeclampsia
hsa_circ_0004798,Gastric cancer
hsa_circ_0062389,Non-small cell lung cancer
hsa_circ_0062459,Esophageal cancer
hsa_circ_001959,Gastric cancer
hsa_circ_0007556,Alzheimer's disease
hsa_circ_0000374,Colorectal cancer
hsa_circ_0001283/hsa_circ_000939,Breast cancer
hsa_circ_0011021,Cervical cancer
hsa_circ_0032704,Hepatocellular carcinoma
hsa_circ_0021254,Diabetic nephropathy
hsa_circ_0021254,Cervical cancer
hsa_circ_0005243,Gestational diabetes mellitus
hsa_circ_001430,Chronic lymphocytic leukemia
hsa_circ_0020394,Bladder cancer
hsa_circ_0135718,Hepatocellular carcinoma
hsa_circ_0051778,Parathyroid adenoma
hsa_circ_0079876,Breast cancer
hsa_circ_0100129,Cervical cancer
hsa_circ_0065149,Gastric cancer
hsa_circ_0006282,Gastric cancer
hsa_circ_0100181,Acute myeloid leukemia
hsa_circ_0001492,Lung cancer
hsa_circ_0085131,Non-small cell lung cancer
hsa_circ_0030777,Alzheimer's disease
hsa_circ_0021086,Aortic valve calcification
hsa_circ_0003340,Esophageal cancer
circKRT6A,Prostate cancer
circRNA4628,Esophageal cancer
hsa_circ_0001859/hsa_circ_001783,Rheumatoid arthritis
hsa_circ_0001859/hsa_circ_001783,Breast cancer
hsa_circ_0048232,Colorectal cancer
hsa_circ_0075699,Systemic lupus erythematosus
hsa_circ_0003789,Gastric cancer
hsa_circ_0024097,Osteoporosis
hsa_circ_0061868,Glioblastoma
hsa_circ_0132813,Neuroblastoma
hsa_circ_0023990,Colorectal cancer
hsa_circ_0101692,Clear cell renal cell carcinoma
hsa_circ_0101692,Pancreatic cancer
hsa_circ_0030507,Oral mucosal melanoma
circ_AFF2,Hematopoiesis
hsa_circ_0083444,Conjunctival melanoma
hsa_circ_0076979,Prostate cancer
hsa_circ_0001725,Gastric cancer
circCD276,Prostate cancer
hsa_circ_0086376,Colorectal cancer
hsa_circ_0086376,Acne
hsa_circ_0017247,Bladder cancer
hsa_circ_0017247,Melanoma
circRNA167,Esophageal cancer
hsa_circ_0001346,Lung cancer
hsa_circ_0131457,Non-small cell lung cancer
hsa_circ_0067997,Gastric cancer
hsa_circ_0034762,Ovarian endometriosis
circRNA4882,Lung cancer
hsa_circ_0140628,Steroid-induced osteonecrosis of the femoral head
circRNA9656,Esophageal cancer
hsa_circ_0005360,Abdominal aortic aneurysm
hsa_circ_0035445,Colorectal cancer
hsa_circ_0035445,Gastric cancer
hsa_circ_0046264,Lung cancer
hsa_circ_0007930,Age-related cataract
hsa_circ_0000594,Glioblastoma
hsa_circ_0000594,Hepatoblastoma
hsa_circ_0006127,Gastric cancer
hsa_circ_0007385,Non-small cell lung cancer
hsa_circ_0057553,Prostate cancer
hsa_circ_0006117,Bladder cancer
hsa_circ_0006117,Non-small cell lung cancer
hsa_circ_22824,Glioblastoma
hsa_circ_001197,Breast cancer
hsa_circ_0004507,Laryngeal cancer
hsa_circ_0083429,Osteoarthritis
hsa_circ_0004370,Gastric cancer
hsa_circ_0004370,Esophageal cancer
hsa_circ_0056048,Major depressive disorder
hsa_circ_104718,Hepatocellular carcinoma
hsa_circ_0088708,Bladder cancer
circRNA9777,Esophageal cancer
hsa_circ_0037658,Osteoarthritis
hsa_circ_0026579,Pneumonia
hsa_circ_0006571,Lung cancer
hsa_circ_0006571,Uterine leiomyoma
hsa_circ_0004183,Hepatic steatosis
hsa_circ_0087391,Colon cancer
chr5:64096979-64108263,Intestinal injury and repair
hsa_circ_0120816,Esophageal cancer
hsa_circ_0097977,Proliferative diabetic retinopathy
hsa_circ_0025033,Papillary thyroid carcinoma
hsa_circ_0025033,Lung cancer
hsa_circ_0025033,Non-small cell lung cancer
hsa_circ_0025033,Ovarian cancer
hsa_circ_0048301,Colon cancer
hsa_circ_0000003,Tongue squamous cell carcinoma
hsa_circ_0047688,Glioblastoma
hsa_circ_0007611,Preeclampsia
hsa_circ_0002343,Cervical cancer
hsa_circ_0074854,Colorectal cancer
hsa_circ_0074854,Hepatocellular carcinoma
hsa_circ_0074854,Myocardial infarction
circ_MYO9B,Temporal Lobe Epilepsy
hsa_circ_0018289,Cervical cancer
hsa_circ_0018289,Cervical cancer
hsa_circ_0073181,Hepatocellular carcinoma
hsa_circ_0091382,Hypopharyngeal carcinoma
hsa_circ_0087377,Breast cancer
hsa_circ_0000268,Gastric cancer
hsa_circ_0076704,Bladder cancer
hsa_circ_0001900,Colorectal cancer
hsa_circ_100146,Colorectal cancer
hsa_circETV3,Prostate cancer
hsa_circ_0046159,Pulmonary hypertension
hsa_circ_0016760,Non-small cell lung cancer
hsa_circ_0023706,Radiation-induced liver disease
hsa_circ_0012129,Glioblastoma
hsa_circ_0006057,Diabetic cataract
hsa_circ_0009035,Cervical cancer
hsa_circ_0009035,Type 2 diabetes mellitus
hsa_circ_0074930,Colorectal cancer
hsa_circ_0093677,Steroid-induced osteonecrosis of the femoral head
hsa_circ_0006147,Breast cancer
hsa_circ_0030569,Tuberculosis
hsa_circ_103973,Cervical cancer
hsa_circ_0127859,Gastric cancer
hsa_circ_0004136,Multiple myeloma
hsa_circ_0004136,Acute myeloid leukemia
hsa_circ_0000543,Gastric cancer
circMLLT10,Gastric cancer
hsa_circ_0076690,Osteoporosis
hsa_circ_0023404,Cervical cancer
hsa_circ_0023404,Non-small cell lung cancer
hsa_circ_0023404,Osteoarthritis
hsa_circ_0003028,Bladder cancer
hsa_circ_0003028,Liver cancer
hsa_circ_0053919,Heart failure
hsa_circ_0109291,Oral squamous cell carcinoma
hsa_circ_100241,Bladder cancer
hsa_circ_0003146,Systemic lupus erythematosus
hsa_circ_0108942,Breast cancer
hsa_circ_0037516,Non-small cell lung cancer
hsa_circ_0001944,Bladder cancer
hsa_circ_0001944,Breast cancer
hsa_circ_0017650,Breast cancer
hsa_circ_001587,Tuberculosis
hsa_circ_001587,Pancreatic cancer
hsa_circ_0025580,Esophageal cancer
hsa_circ_0025580,Lung cancer
circ_USP9Y,Temporal Lobe Epilepsy
hsa_circ_0032970,Coronary artery disease
hsa_circ_03955,Osteosarcoma
hsa_circ_0023313,Non-obstructive azoospermia
hsa_circ_0041103,Bladder cancer
hsa_circ_0041103,Osteosarcoma
hsa_circ_0005552,Bladder cancer
hsa_circ_0001275/hsa_circ_000361,Postmenopausal Osteoporosis
hsa_circ_0008003,Non-small cell lung cancer
hsa_circ_0005941,Proliferative diabetic retinopathy
hsa_circ_0062705,Colon cancer
hsa_circ_0000375,Glioblastoma
hsa_circ_0007158,Intervertebral disc degeneration
hsa_circ_0007158,Bladder cancer
circ_C9,Chronic hepatitis B
hsa_circ_0006427,Lung cancer
hsa_circ_0006427,Primary great saphenous vein varicosities
hsa_circ_0015295,Pterygium
hsa_circ_0008433,Lupus nephritis
hsa_circ_0008433,Endometriosis
hsa_circ_0008433,Intracranial aneurysm
hsa_circ_0008433,Ischemic stroke
hsa_circ_0008259,Gastric cancer
hsa_circ_0008259,Keloid
hsa_circ_0032821,Gastric cancer
hsa_circ_0061853,Intervertebral disc degeneration
hsa_circ_0000080,Glioblastoma
circRNA666,Esophageal cancer
hsa_circ_0089378,Coronary artery disease
hsa_circ_0003738,Psoriasis
hsa_circ_19159,Glioblastoma
hsa_circ_0054345,Radiation-induced liver fibrosis
hsa_circ_0061140,Endometriosis
hsa_circ_0061140,Bladder cancer
hsa_circ_0061140,Ovarian cancer
hsa_circ_0000511,Breast cancer
hsa_circ_0089810,Primary great saphenous vein varicosities
hsa_circ_0035563,Parathyroid carcinoma
circ102049,Colorectal cancer
hsa_circ_0000285,Cervical cancer
hsa_circ_0000285,Osteosarcoma
hsa_circ_0000285,Bladder cancer
hsa_circ_0000285,Laryngocarcinoma
hsa_circ_0000285,Thyroid cancer
hsa_circ_0000285,Cervical cancer
hsa_circ_0030042,Coronary heart disease
hsa_circ_0000911,Breast cancer
hsa_circ_0011460,Preeclampsia
hsa_circ_0028882,Postmenopausal Osteoporosis
hsa_circ_0061817,Non-obstructive azoospermia
hsa_circ_0076304,Gastric cancer
circ_STK24,Temporal Lobe Epilepsy
hsa_circ_0012737,Preeclampsia
hsa_circ_0009043,Ovarian cancer
hsa_circ_0009043,Endometrial cancer
hsa_circ_0003528,Cutaneous squamous cell carcinoma
hsa_circ_0003528,Hepatocellular carcinoma
hsa_circ_0003528,Tuberculosis
hsa_circ_0018401,Periventricular white matter damage
hsa_circ_0001467,Glioblastoma
hsa_circ_0045510,Hepatoblastoma
hsa_circ_0058830,Gastric cancer
hsa_circ_0000005,Glioblastoma
circRNA3594,Esophageal cancer
hsa_circ_0005870,Hypertension
hsa_circ_0003838,Breast cancer
hsa_circ_0003221/circPTK2,Bladder cancer
hsa_circ_0084188,Colorectal cancer
hsa_circ_0019340,Epithelial ovarian cancer
hsa_circ_0002503,Ovarian endometriosis
hsa_circ_0013912,Pancreatic cancer
hsa_circ_0019692,Renal cell carcinoma
hsa_circ_0001681,Papillary thyroid carcinoma
hsa_circ_0001681,Renal cell carcinoma
hsa_circ_0001681,Colorectal cancer
hsa_circ_0007534,Pancreatic cancer
hsa_circ_0007534,Breast cancer
hsa_circ_0007534,Cervical cancer
hsa_circ_0007534,Colorectal cancer
hsa_circ_0007534,"Glioblastoma,Non small cell Lung Cancer"
hsa_circ_0007534,Osteosarcoma
hsa_circ_0132266,Chronic lymphocytic leukemia
hsa_circ_103809,Gastric cancer
hsa_circ_103809,Hepatocellular carcinoma
hsa_circ_103809,Hepatocellular carcinoma
hsa_circ_0001546/hsa_circ_000423,Bladder cancer
hsa_circ_0001546/hsa_circ_000423,Gastric cancer
hsa_circ_0007478,Atherosclerosis
hsa_circ_0088442,Laryngeal cancer
hsa_circ_0005100,Colorectal cancer
hsa_circ_0005100,Prostate cancer
hsa_circ_0000267,Gastric cancer
hsa_circ_0000267,Hepatocellular carcinoma
hsa_circ_0040994,Sepsis
hsa_circ_15226,Glioblastoma
hsa_circ_15226,Hepatocellular carcinoma
hsa_circ_0001687,Parathyroid carcinoma
hsa_circ_0002484,Gastric cancer
hsa_circ_0000074,Pulmonary tuberculosis
hsa_circ_0111277,Preeclampsia
hsa_circ_0082688,Systemic lupus erythematosus
hsa_circ_0025367,Intervertebral disc degeneration
hsa_circ_0070382,Abdominal aortic aneurysm
hsa_circ_0046701,Glioblastoma
hsa_circ_0136474,Osteoarthritis
hsa_circ_0007482,Keloid
hsa_circ_0007482,Pterygium
hsa_circ_0002190,Colorectal cancer
hsa_circ_0006174,Colorectal cancer
hsa_circ_0032832,Esophageal cancer
hsa_circ_0086414,Lung cancer
hsa_circ_0086414,Oral squamous cell carcinoma
hsa_circ_0060060,Papillary thyroid carcinoma
hsa_circ_0085495,Breast cancer
hsa_circ_0085495,Colon cancer
circ_2137,Osteosarcoma
hsa_circ_0002320,Gastric cancer
hsa_circ_0003258,Hepatocellular carcinoma
hsa_circ_0003258,Intervertebral disc degeneration
hsa_circ_0003258,Pneumonia
hsa_circ_0003258,Infantile hemangioma
hsa_circ_0003258,Papillary thyroid microcarcinoma
hsa_circ_0023826,Glaucoma
hsa_circ_0003731,Hepatocellular carcinoma
hsa_circ_0000442,Breast cancer
hsa_circ_01619,Endometrial cancer
hsa_circ_01619,Glioblastoma
hsa_circ_01619,Hypertension
circRNA2713,Preeclampsia
hsa_circ_0008675,Systemic lupus erythematosus
hsa_circ_0006892,Chronic obstructive pulmonary disease
hsa_circ_0031250,Non-small cell lung cancer
hsa_circ_0031250,Bladder cancer
hsa_circ_0031250,Gastric cancer
hsa_circ_0005519,Asthma
hsa_circ_0000254,Acute myeloid leukemia
hsa_circ_005239,Non-small cell lung cancer
hsa_circ_005239,Triple negative breast cancer
hsa_circ_0082003,Non-small cell lung cancer
hsa_circ_0000384,Gastric cancer
hsa_circ_0046599,Systemic lupus erythematosus
hsa_circ_045179,Tongue squamous cell carcinoma
hsa_circ_0059961,Hepatocellular carcinoma
hsa_circ_0040865,Renal cell carcinoma
hsa_circ_0091017,Bladder cancer
hsa_circ_0001495,Cellular senescence
hsa_circ_0087207,Uterine leiomyoma
hsa_circ_0054211,Multiple system atrophy
hsa_circ_0000981/hsa_circ_001506,Breast cancer
hsa_circ_0031594,Clear cell renal cell carcinoma
hsa_circ_0014350,Myocarditis
hsa_circ_0112085,Heart failure
hsa_circ_0050707,Papillary thyroid carcinoma
hsa_circ_0000775,Alzheimer's disease
hsa_circ_0004380,Colorectal cancer
hsa_circ_0023028,Laryngeal cancer
hsa_circ_0008133,Non-small cell lung cancer
hsa-circRNA11783-2,Coronary artery disease
hsa-circRNA11783-2,Type2 diabetes mellitus
hsa_circ_0007006,Colorectal cancer
hsa_circ_0068459,Osteoporosis
hsa_circ_0016723,Breast cancer
hsa_circ_0003418,Hepatocellular carcinoma
hsa_circ_0125357,Pneumonia
hsa_circ_0060428,Osteosarcoma
circRNAIFF01,PDLSC osteogenis
hsa_circ_0074169,Colon cancer
hsa_circ_0075828,Bladder cancer
hsa_circ_0075828,Basal cell carcinoma
hsa_circ_0084021,Colorectal cancer
hsa_circ_0006732,Preeclampsia
hsa_circ_0043898,Esophageal cancer
hsa_circ_0005397,Hepatocellular carcinoma
hsa_circ_0005397,Pancreatic cancer
hsa_circ_0085616,Cervical cancer
hsa_circ_0085616,Gastric cancer
hsa_circ_0085616,Hepatocellular carcinoma
circ-ZEB1.33,Hepatocellular carcinoma
circ_-LARP4,Osteosarcoma
hsa_circ_0002768,Bladder cancer
hsa_circ_0002768,Hepatocellular carcinoma
hsa_circ_0002768,Laryngocarcinoma
hsa_circ_0002768,Renal cell carcinoma
hsa_circ_0003763,Hepatocellular carcinoma
circZNF566,Hepatocellular carcinoma
hsa_circ_0005214,Breast cancer
hsa_circ_0127245,Hepatocellular carcinoma
hsa_circ_0042666,Laryngeal cancer
hsa_circ_0131980,Glioblastoma
hsa_circ_0063517,Preeclampsia
circRNA7231,Herpes Simplex Virus1 Infection
hsa_circ_0032627,Gastric cancer
hsa_circ_0003928,Diabetic nephropathy
hsa_circ_0088088,Breast cancer
hsa_circ_0072410,Diabetes retinopathy
hsa_circ_0101145,Hepatocellular carcinoma
hsa_circ_0001714,Cholangiocarcinoma
hsa_circ_0043138,Infantile hemangioma
hsa_circ_0043138,Tongue squamous cell carcinoma
hsa_circ_0066077,Hepatoblastoma
hsa_circ_0071662,Bladder cancer
circRNA3706,Esophageal cancer
hsa_circ_MAN1A2/hsa_circ_02643,Glioblastoma
hsa_circ_0012380,Breast cancer
hsa_circ_0099188,Pneumonia
hsa_circ_0002632,Oral squamous cell carcinoma
chr20:31876585–31897648,Laryngeal cancer
hsa_circ_0068481,Idiopathic pulmonary arterial hypertension
hsa_circ_0128298,Hepatocellular carcinoma
hsa_circ_0029407,Acute pancreatitis
hsa_circ_001349,Lupus Nephritis
hsa_circ_400031,Primary hepatic carcinoma
hsa_circ_0001836,Glioblastoma
hsa_circ_0081000,Colon cancer
hsa_circ_0007623,Myocardial ischemia
hsa_circ_0004887,Colorectal cancer
hsa_circ_0024892,Multiple sclerosis
hsa_circ_0004350,Lung cancer
hsa_circ_0000516,Papillary thyroid carcinoma
hsa_circ_0079480,Colon cancer
hsa_circ_0004442,Renal cell carcinoma
hsa_circ_0035432,Pancreatic cancer
hsa_circ_0047905,Gastric cancer
hsa_circ_0003645,Atherosclerosis
hsa_circ_0003645,Breast cancer
hsa_circ_0003645,Hepatocellular carcinoma
hsa_circ_0003645,Non-small cell lung cancer
circRNA7674,Esophageal cancer
hsa_circ_0000128,Pancreatic cancer
hsa_circ_0077765,Multiple myeloma
hsa_circ_0038262,Colon cancer
hsa_circ_0005949,Colorectal cancer
hsa_circ_103047,Rheumatoid arthritis
hsa_circ_0000885,Osteosarcoma
hsa_circ_0000069,Steroid-induced osteonecrosis of the femoral head
hsa_circ_0000069,Colorectal cancer
hsa_circ_0000069,Pancreatic cancer
hsa_circ_0043497,Tuberculosis
hsa_circ_0141539,Cervical cancer
hsa_circ_0044226,Idiopathic pulmonary fibrosis
hsa_circ_102533,Leukoaraiosis
hsa_circ_0040081,Hepatoblastoma
hsa_circ_0009061,Prostate cancer
hsa_circ_0000471,Ovarian cancer
hsa-circRNA6510-1,Type2 diabetes mellitus
hsa-circRNA6510-1,Coronary artery disease
hsa-circRNA6510-1,Type 2 diabetes mellitus
hsa_circ_0033144,Intracranial aneurysm
hsa_circ_0005198,Glioblastoma
hsa_circ_0108308,Multiple system atrophy
circ_ARHGAP26,Gastric cancer
hsa_circ_0000013,Lung cancer
hsa_circ_0000337,Esophageal cancer
hsa_circ_0000337,Osteosarcoma
hsa_circ_0025454,Pterygium
hsa_circ_0011269,Osteoporosis
hsa_circ_0000263,Cervical cancer
hsa_circ_0004050,Non-small cell lung cancer
hsa_circ_0001588,Lung cancer
circ_CCT4,Temporal Lobe Epilepsy
hsa_circ_0001073,Acne
hsa_circ_0001073,Bladder cancer
hsa_circ_0001073,Lung cancer
hsa_circ_0005577,Bronchopulmonary dysplasia
hsa_circ_0079993,Colorectal cancer
circ_ARHGAP5,Colon cancer
circ_ARHGAP5,Epithelial ovarian cancer
chr18:35610871-35613502,Intestinal injury and repair
hsa_MAN1A2,Colon cancer
hsa_circ_0000042,Non-small cell lung cancer
hsa_circ_0088233,Prostate cancer
hsa_circ_0000237,Colorectal cancer
circRNA.33299,Gestational diabetes mellitus
hsa_circ_0015350,Breast cancer
hsa_circ_0007850,Hepatic steatosis
circRNA-51217,Prostate cancer
hsa_circ_0016068,Prostate cancer
hsa_circ_0089974,Esophageal cancer
hsa_circ_0057093,Diabetes retinopathy
hsa_circ_0000006,Osteosarcoma
hsa_circ_0068942,Coronary artery disease
hsa_circ_0001085,Prostate cancer
hsa_circ_0084615,Thoracic aortic dissection
hsa_circ_000780,Tongue squamous cell carcinoma
hsa_circ_0087862,Colorectal cancer
hsa_circ_0087862,Demyelinating disease
hsa_circ_0087862,Esophageal cancer
hsa_circ_0087862,Lung cancer
hsa_circ_0007915,Liver cancer
hsa_circ_0003575,Atherosclerosis
hsa_circ_0003380,Ovarian endometriosis
hsa_circ_101755,Glioblastoma
hsa_circ_0015310,Pterygium
hsa_circ_0005882,Pancreatic cancer
hsa_circ_0008514,Hepatocellular carcinoma
hsa_circ_0086375,Pancreatic cancer
hsa_circ_0039161,Lung cancer
hsa_circ_0007750,Hepatocellular carcinoma
hsa_circ_2149,Nervous inflammatory diseases or immune disorders
hsa_circ_0001175,Breast cancer
hsa_circ_0001175,Hepatocellular carcinoma
hsa_circ_0085428,Proliferative vitreoretinopathy
hsa_circ_0000326,Cervical cancer
hsa_circ_0000326,Lung cancer
hsa_circ_0002968,Glioblastoma
hsa_circ_0000520/hsa_circ_001846,Gastric cancer
hsa_circ_0000520/hsa_circ_001846,Multiple sclerosis
hsa_circ_10072088,Bladder cancer
hsa_circ_10072088,Breast cancer
hsa_circ_10072088,Colorectal cancer
hsa_circ_10072088,Gastric cancer
hsa_circ_10072088,Liver cancer
hsa_circ_10072088,Lung cancer
hsa_circ_10072088,Papillary thyroid carcinoma
hsa_circ_0001721,Breast cancer
hsa_circ_0001721,Osteosarcoma
hsa_circ_0001721,Prostate cancer
hsa_circ_0001135,Breast cancer
hsa_circ_0020792,Keloid
hsa_circ_0082582,Bladder cancer
hsa_circ_0000096,Clear cell renal cellcarcinoma
hsa_circ_0000096,Gastric cancer
hsa_circ_0000096,Hepatocellular carcinoma
hsa_circ_0008558,Colorectal cancer
hsa_circ_0008558,Oral mucosal melanoma
hsa_circ_0054971,Gastric cancer
hsa_circ_006371,Oral squamous cell carcinoma
hsa_circ_0005603,Glioblastoma
hsa_circ_0026231,Esophageal cancer
hsa_circ_0018955,Age-related cataract
hsa_circ_0014235,Lung cancer
hsa_circ_0003489,Multiple myeloma
circRNA4406,Lung cancer
hsa_circ_0007334,Colorectal cancer
hsa_circ_0007334,Prostate cancer
hsa_circ_0007334,Pancreatic cancer
hsa_circ_0008139,Hypertension
hsa_circ_0008042,Oral mucosal melanoma
hsa_circ_0001361,Bladder cancer
hsa_circ_0062321,Oral mucosal melanoma
hsa_circ_0015326,Ovarian cancer
hsa_circ_0096157,Lung cancer
hsa_circ_0003090,Systemic lupus erythematosus
hsa_circ_0001074,Hepatocellular carcinoma
hsa_circ_0066755,Nasopharyngeal carcinoma
hsa_circ_0001633,Prostate cancer
hsa_circ_100284,Bladder cancer
hsa_circ_0006411,Glioblastoma
hsa_circ_0006411,Lung cancer
hsa_circ_0142527,Colorectal cancer
circ_DROSHA,Temporal Lobe Epilepsy
hsa_circ_0000175,Systemic lupus erythematosus
hsa_circ_0036878,Preeclampsia
circRNA-9119,Osteoarthritis
hsa_circ_0133159,Glioblastoma
circ_TFCP2L1,Triple negative breast cancer
hsa_circ_0000378/hsa_circ_000007,Acute pancreatitis
hsa_circ_0000378/hsa_circ_000007,Primary great saphenous vein varicosities
hsa_circ_0077179,Systemic lupus erythematosus
hsa_circ_0049663,Renal cell carcinoma
hsa_circ_0025039,Non-small cell lung cancer
hsa_circ_0025039,Hepatocellular carcinoma
hsa_circ_0025039,Melanoma
hsa_circ_0068515,Breast cancer
hsa_circ_0068515,Lung cancer
hsa_circ_0068515,Hepatocellular carcinoma
hsa_circ_0000504/hsa_circ_001373,Colorectal cancer
hsa_circ_0000869,Oral mucosal melanoma
hsa_circ_0000372,Colorectal cancer
hsa_circ_0000345,Atherosclerosis
hsa_circ_0109177,Breast cancer
hsa_circ_0000260,Gastric cancer
hsa_circ_0095812,Glioblastoma
hsa_circ_0006896,Atherosclerosis
hsa_circ_0011385,Non-small cell lung cancer
hsa_circ_0011385,Thyroid cancer
hsa_circ_0011385,Bladder cancer
hsa_circ_0030998,Cholangiocarcinoma
hsa_circ_0030998,Lung cancer
hsa_circ_0006318,Osteosarcoma
circRNA.1030,Gestational diabetes mellitus
hsa_circ_0000218,Laryngeal cancer
hsa_circ_0000218,Colorectal cancer
hsa_circ_0128332,Lung cancer
circRNA10271,Preeclampsia
hsa_circ_104510,Bladder cancer
hsa_circ_0021789,Glioblastoma
hsa_circ_0054537,Coronary artery disease
hsa_circ_0054537,Renal cell carcinoma
hsa_circ_0019421,Glioblastoma
hsa_circ_0010729,Hypoxia-induced cardiomyocyte injuries
hsa_circ_0021087,Gastric cancer
circRNA_004662,Papillary thyroid carcinoma
circRNA_004662,Crohn disease
hsa_circ_0001982,Breast cancer
hsa_circ_0062019,Prostate cancer
hsa_circ_001569,Breast cancer
hsa_circ_001569,Colorectal cancer
hsa_circ_001569,Gastric cancer
hsa_circ_001569,Hepatocellular carcinoma
hsa_circ_001569,Osteosarcoma
hsa_circ_001569,Non-small cell lung cancer
hsa_circ_14076,Glioblastoma
hsa_circ_01844,Glioblastoma
hsa_circ_0018064,Renal cell carcinoma
hsa_circ_0079787,Axial spondyloarthritis
hsa_circ_0003056,Primary hepatic carcinoma
hsa_circ_0009910,Acute myeloid leukemia
hsa_circ_0009910,Hepatocellular carcinoma
hsa_circ_0009910,Hepatocellular carcinoma
hsa_circ_0009910,Osteosarcoma
hsa_circ_0009910,Ovarian cancer
hsa_circ_0005224,Nasopharyngeal carcinoma
hsa_circ_0044529,Laryngeal cancer
hsa_circ_0075804,Retinoblastoma
hsa_circ_0008450,Liver cancer
hsa_circ_0008450,Nasopharyngeal carcinoma
hsa_circ_009024/hsa_circ_0009128,Active pulmonary tuberculosis
hsa_circ_0109952,Glioblastoma
hsa_circ_0001715,Lung cancer
hsa_circ_0084859,Uterine leiomyoma
hsa_circ_0020014,Osteoarthritis
hsa_circ_0029589,Atherosclerosis
hsa_circ_0021347,Osteosarcoma
hsa_circ_0045272,Systemic lupus erythematosus
hsa_circ_0043278,Osteosarcoma
hsa_circ_0043278,Breast cancer
hsa_circ_0043278,Glioblastoma
hsa_circ_0043278,Non-small cell lung cancer
hsa_circ_0043278,Pancreatic cancer
hsa_circ_000911,Breast cancer
hsa_circ_000911,Osteosarcoma
hsa_circ_0104852,Breast cancer
hsa_circ_0017311,Osteosarcoma
hsa_circ_0001204/hsa_circ_001409,Postmenopausal osteoporosis
hsa_circ_0001204/hsa_circ_001409,Tuberculosis
hsa_circ_0049220,Systemic lupus erythematosus
hsa_circ_0004372,Thoracic aortic dissection
hsa_circ_092520,Crohn disease
hsa_circ_0126991,Essential hypertension
hsa_circ_0001038,Cervical cancer
hsa_circ_0006470,Gastric cancer
hsa_circ_0001554,Oral mucosal melanoma
hsa_circ_0016624,Osteoporosis
hsa_circ_0068489,Diabetes retinopathy
hsa_circ_0058792,Clear cell renal cell carcinoma
hsa_circ_0005836,Active pulmonary tuberculosis
hsa_circ_0006774,Glioblastoma
hsa_circ_0063411,Amyotrophic lateral sclerosis
hsa_circ_0007769,Breast cancer
circBCL11B,Breast cancer
hsa_circ_0067209,Moyamoya disease
hsa_circ_0008345,Glioblastoma
hsa_circ_0104873,Osteoarthritis
circ_MYBL2,Multiple myeloma
hsa_circ_0124644,Coronary artery disease
circRNA3707,Esophageal cancer
hsa_circ_0098619,Glioblastoma
chr15:95864225-95894541,Intestinal injury and repair
hsa_circ_0002194,Inflammatory response
hsa_circ_0008768,Gastric cancer
hsa_circ_100395,Liver cancer
cTTN2,Heart failure
hsa_circ_0122319,Colon cancer
hsa_circ_0000662,Pancreatic cancer
hsa_circ_0001006,Breast cancer
hsa_circ_0113656,Human aortic smooth muscle cell
hsa_circ_0060055,Pancreatic cancer
hsa_circ_0062270,Glioblastoma
hsa_circ_0062270,Melanoma
hsa_circ_0000732/hsa_circ_000220,Breast cancer
hsa_circ_0089172,Hashimoto's thyroiditis
hsa_circ_0039151,Renal cell carcinoma
hsa_circ_0020068,Uterine leiomyoma
hsa_circ_0002837,Tongue squamous cell carcinoma
hsa_circ_0020101,Proliferative vitreoretinopathy
hsa_circ_0085019,Pterygium
circOLA,Breast cancer
hsa_circ_0122683,Papillary thyroid carcinoma
hsa_circ_0030632,Colorectal cancer
chr12:10539502–10546466,Acute ischemic stroke
hsa_circ_0076248,Glioblastoma
chr4:103501692-103504114,Glioblastoma
hsa_circ_0026143,Ovarian endometriosis
hsa_circ_0032603,Parathyroid adenoma
hsa_circ_0006240,Glioblastoma
hsa_circ_0000212,Colorectal cancer
hsa_circ_0002623,Bladder cancer
hsa_circ_0002623,Non-small cell lung cancer
hsa_circ_0066529,Coronary heart disease
hsa_circ_0008285,Colorectal cancer
hsa_circ_0008285,Breast cancer
hsa_circ_0008285,Bladder cancer
hsa_circ_0008285,Colon cancer
hsa_circ_0008285,Lung cancer
hsa_circ_0008285,Mantle cell lymphoma
hsa_circ_0008285,Multiple myeloma
hsa_circ_0003456,Prostate cancer
hsa_circ_0085553,Gastric cancer
hsa_circ_0021977,Colorectal cancer
hsa_circ_0008945,Breast cancer
hsa_circ_29892,Glioblastoma
hsa_circ_29892,Small cell lung cancer
hsa_circ_0013509,Cardiovascular disease
hsa_circ_0000317,Systemic lupus erythematosus
hsa_circ_0000317,Tongue squamous cell carcinoma
hsa_circ_101303,Bladder cancer
hsa_circ_0062982,Chronic myeloid leukemia
hsa_circ_0110251,Osteoarthritis
hsa_circ_0000792,Lung cancer
hsa_circ_0020123,Non-small cell lung cancer
hsa_circ_0029696,Medulloblastoma
hsa_circ_0029696,Heart failure
hsa_circ_0008667,Osteoarthritis
hsa_circ_0100891,Acute myeloid leukemia
hsa_circ_0007142,Colorectal cancer
hsa_circ_0007142,Intracranial aneurysm
hsa_circ_0004379,Glioblastoma
hsa_circ_0012342,Mucoepidermoid carcinoma
hsa_circ_0001259/hsa_circ_001509,Breast cancer
hsa_circ_0009558,Pterygium
hsa_circ_0002569,Moyamoya disease
hsa_circ_103809,Gastric cancer
hsa_circ_103809,Hepatocellular carcinoma
hsa_circ_103809,Hepatocellular carcinoma
hsa_circ_0079471,Gastrointestinal stromal tumour
hsa_circ_000984/hsa_circ_0001724,Colorectal cancer
hsa_circ_000984/hsa_circ_0001724,Non-small cell lung cancer
hsa_circ_0089231,Cervical cancer
hsa-circRNA5974-1,Gastric cancer
hsa-circRNA5974-1,Coronary artery disease
hsa_circ_0005576,Cervical cancer
hsa_circ_0077736,Gastric cancer
hsa_circ_0002908,Pulmonary tuberculosis
circRNAPLOD2,PDLSC osteogenis
hsa_circ_020135,Papillary thyroid carcinoma
hsa_circ_000334,Steroid-induced osteonecrosis of the femoral head
hsa_circ_000334,Esophageal cancer
hsa_circ_000334,Oral squamous cell carcinoma
circ_LARP4,Breast cancer
circ_LARP4,Gastric cancer
circ_LARP4,Hepatocellular carcinoma
circ_LARP4,Nasopharyngeal carcinoma
circ_LARP4,Ovarian cancer
circ_LARP4,Prostate cancer
hsa_circ_081881,Myocardial infarction
hsa_circ_0057481,Laryngeal cancer
hsa_circ_0004264,Atherosclerosis
hsa_circ_0006054,Breast cancer
hsa_circ_0000118,Gastric cancer
hsa_circ_0000234,Gastric cancer
hsa_circ_0007456,Hepatocellular carcinoma
hsa_circ_0067835,Endometrial carcinoma
hsa_circ_0067835,Colorectal cancer
hsa_circ_0067835,Temporal lobe epilepsy
chr8:79343654-79372364,Intestinal injury and repair
hsa_circ_0066659,Hepatocellular carcinoma
hsa_circ_23587,Glioblastoma
hsa_circ_100395,Liver cancer
hsa_circ_0069094,Breast cancer
hsa_circ_0071127,Breast cancer
hsa_circ_0001387,Ovarian cancer
hsa_circ_005239,Non-small cell lung cancer
hsa_circ_005239,Triple negative breast cancer
hsa_circ_0045714,Osteoarthritis
chr15:55640530–55640923,Acute ischemic stroke
circRTN4,Colon cancer
hsa_circ_008389,Premature ovarian insufficiency
hsa_circ_0020786,Uterine leiomyoma
hsa_circ_0002142,Glioblastoma
hsa_circ_0000257,Pancreatic cancer
hsa_circ_0000257,Prostate cancer
hsa_circ_0001190,Gastric cancer
hsa_circ_0009128,Active pulmonary tuberculosis
hsa_circ_0009128,Lung cancer
hsa_circ_0061395,Hepatocellular carcinoma
hsa_circ_0063179,Pulmonary tuberculosis
hsa_circ_0001785/hsa_circ_001447,Breast cancer
hsa_circ_0001785/hsa_circ_001447,Osteosarcoma
hsa_circ_0084097,Gastrointestinal stromal tumour
circETFA,Breast cancer
hsa_circ_0012152,Hashimoto's thyroiditis
hsa_circ_0003694,Systemic lupus erythematosus
hsa_circ_0039457,Acute ischemic stroke
hsa_circ_12253,Glioblastoma
hsa_circ_0001626,Acute pancreatitis
hsa_circ_0002980,Hepatocellular carcinoma
hsa-circRNA11806-28,Type2 diabetes mellitus
hsa-circRNA11806-28,Coronary artery disease
hsa-circRNA11806-28,Type 2 diabetes mellitus
hsa_circ_0001824,Breast cancer
hsa_circ_0084720,Gastric cancer
hsa_circ_0001439,Lung cancer
hsa_circ_0075005,Parathyroid carcinoma
hsa_circ_0005525,Thoracic aortic dissection
hsa_circ_0076305,Gastric cancer
hsa_circ_0076305,Non-small cell lung cancer
hsa_circ_0119873,Uveal melanoma
hsa_circ_0004712,Ovarian endometriosis
hsa_circ_0007777,Hashimoto's thyroiditis
circ_DENND4C,Hepatocellular carcinoma
chr16:53175091-53191453,Ovarian cancer
hsa_circ_0005379,Oral squamous cell carcinoma
hsa_circ_0037909,Essential hypertension
hsa_circ_0074039,Colorectal cancer
hsa_circ_0082824,Coronary artery disease
hsa_circ_0026070,Encephalitis
chr19:5761476-5761630,Glioblastoma
hsa_circ_0093887,Atherosclerosis
hsa_circ_0058124,Papillary thyroid carcinoma
hsa_circ_0067103,Papillary thyroid carcinoma
hsa_circ_0059665,Acute pancreatitis
chr12:94613792|94621011,Acute ischemic stroke
hsa_circ_0046600,Hepatocellular carcinoma
hsa_circ_0056686,Uterine leiomyoma
hsa_circ_0005630,Ovarian cancer
hsa_circ_0082081,Coronary artery disease
hsa_circ_0043265,Non-small cell lung cancer
17_50189167_50198002_-,Hypertrophic scar
hsa_circ_0001772,Gastric cancer
hsa_circ_0001772,Cervical cancer
hsa_circ_0006294,Hepatocellular carcinoma
hsa_circ_0005963,Colorectal cancer
hsa_circ_0061052,Chronic obstructive pulmonary disease
hsa_circ_0004018,Liver fibrosis
has_circ_0015758,Glioblastoma
hsa_circ_0001481,Prostate cancer
hsa_circ_0001481,Breast cancer
hsa_circ_0003519,Active pulmonary tuberculosis
hsa_circ_102166,Hepatocellular carcinoma
hsa_circ_0000893/hsa_circ_000261,Breast cancer
hsa_circ_0002485,Osteoarthritis
hsa_circ_0044556,Breast cancer
hsa_circ_0044556,Colorectal cancer
hsa_circ_0044556,Gastric cancer
hsa_circ_0009143,Cervical cancer
hsa_circ_0072566,Colorectal cancer
hsa_circ_0018900,Oral mucosal melanoma
hsa_circ_0000215,Glioblastoma
hsa_circ_0000282,Osteosarcoma
hsa_circ_0058092,Gastric cancer
hsa_circ_0001098,Breast cancer
hsa_circ_0006859,Postmenopausal osteoporosis
hsa_circ_0002138,Colorectal cancer
hsa_circ_0079929,Thoracic aortic dissection
hsa_circ_0079929,Hepatocellular carcinoma
hsa_circ_0040039,Intervertebral disc degeneration
hsa_circ_0040039,Gastric cancer
hsa_circ_0040039,Gastric cancer
hsa_circ_0001370/hsa_circ_001830,Basal cell carcinoma
hsa_circ_0004916,Prostate cancer
circ_20403,Osteosarcoma
hsa_circ_0001162,Glioblastoma
hsa_circ_0001162,Oral squamous cell carcinoma
hsa_circ_0000199,Gastric cancer
hsa_circ_0000199,Glioblastoma
hsa_circ_0058514,Cervical cancer
hsa_circ_0058514,Non-small cell lung cancer
hsa_circ_0058514,Triple negative breast cancer
Hsa_circ_0086996,Osteosarcoma
hsa_circ_0137814,Chronic hepatitis B
hsa_circ_0005615,Cervical cancer
hsa_circ_0005615,Tongue squamous cell carcinoma
circ_TCF4.85,Hepatocellular carcinoma
hsa_circ_0001598/hsa_circ_001437,Breast cancer
hsa_circ_0076251,Hepatocellular carcinoma
hsa_circ_0004831,Inflammatory response
hsa_circ_0000211,Lung cancer
hsa_circ_0001264,Acute myeloid leukemia
hsa_circ_0040103,Proliferative vitreoretinopathy
hsa_circ_0026388,Diabetes retinopathy
hsa_circ_0000853,Oral mucosal melanoma
hsa_circ_001436,Melanoma
hsa_circ_0137439,Bladder cancer
17_50189858_50195330_-,Hypertrophic scar
hsa_circ_0104541,Tongue squamous cell carcinoma
hsa_circ_0006539,Bladder cancer
hsa_circ_0063781,Facet joint osteoarthritis
hsa_circ_0009065,Pancreatic cancer
hsa_circ_0008583,Hepatocellular carcinoma
circRNA3341,Esophageal cancer
hsa_circ_0027068,Glioblastoma
cTTN4,Heart failure
hsa_circ_0001910,Multiple myeloma
hsa_circ_0001910,Breast cancer
hsa_circ_0007144,Hepatocellular carcinoma
hsa_circ_0005389,Chronic hepatitis B
hsa_circ_0002801,Chronic hepatitis B
hsa_circ_0008234,Gallbladder cancer
hsa_circ_0008234,Lung cancer
hsa_circ_0086241,Breast cancer
hsa_circ_0008737,Atrial fibrillation
hsa_circ_0021001,Intracranial aneurysms
hsa_circ_0023956,Active pulmonary tuberculosis
hsa_circ_0000847,Hepatocellular carcinoma
hsa_circ_0000847,Gastric cancer
hsa_circ_0000799,Bladder cancer
hsa_circ_0006719,Scoliosis
hsa_circ_0000620,Gastric cancer
hsa_circ_0048856,Non-small cell lung cancer
hsa_circ_0033550,Cervical cancer
hsa_circ_002082/hsa_circ_0000271,Hepatic steatosis
hsa_circ_0000714,Ovarian cancer
hsa_circ_0008193,Lung cancer
hsa_circ_0015278,Ovarian cancer
hsa_circ_0015278,Lung cancer
hsa_circ_0015278,Papillary thyroid carcinoma
hsa_circ_0097271,Bladder cancer
hsa_circ_0081001,Osteosarcoma
hsa_circ_0008460,Colorectal cancer
hsa_circ_0003159,Gastric cancer
hsa_circ_0005127,Facet joint osteoarthritis
hsa_circ_0006988,Non-small cell lung cancer
hsa_circ_0006988,Pancreatic cancer
hsa_circ_0072391,Colon cancer
hsa_circ_0072391,Hepatoblastoma
hsa_circ_0072391,Endometriosis
hsa_circ_0102273,Breast cancer
hsa_circ_0006528,Breast cancer
hsa_circ_0007294,Colorectal cancer
hsa_circ_0007294,Prostate cancer
hsa_circ_0007294,Triple negative breast cancer
hsa_circ_0000154,Gastric cancer
hsa_circ_0013339,Acute myeloid leukemia
hsa_circ_0013339,Colorectal cancer
hsa_circ_0013339,Oral squamous cell carcinoma
hsa_circ_0005317,Colorectal cancer
hsa_circ_0105015,Essential hypertension
hsa_circ_0072758,Laryngeal cancer
hsa_circ_0006251,Coronary heart disease
hsa_circ_0000119,Gastric cancer
hsa_circ_0000119,Prostate cancer
hsa_circ_0000119,Lung cancer
hsa_circ_0000119,Nasopharyngeal carcinoma
hsa_circ_0000119,Oral squamous cell carcinoma
hsa_circ_0000119,Ovarian cancer
hsa_circ_0000119,Polycystic ovary syndrome
hsa_circ_0000119,Thyroid cancer
hsa_circ_0004812,Chronic hepatitis B
hsa_circ_0034642,Glioblastoma
hsa_circ_0079891,Hepatocellular carcinoma
hsa_circ_0079891,Papillary thyroid carcinoma
chr18:107887-108499,Glioblastoma
hsa_circ_0082415,Retinoblastoma
hsa_circ_004121,Hepatic steatosis
hsa_circ_0092233,Proliferative vitreoretinopathy
circRNF13,Acute myeloid leukemia
circ_SMO,Glioblastoma
circSCYL2,Breast cancer
hsa_circ_0008225,Glioblastoma
hsa_circ_0072304,Breast cancer
hsa_circ_0087215,Diabetes retinopathy
hsa_circ_0001550,Colorectal cancer
hsa_circ_0092222,Intervertebral disc degeneration
hsa_circ_0092222,Proliferative vitreoretinopathy
CircNOL10,Breast cancer
hsa_circ_004121,Hepatic steatosis
hsa_circ_0001273,Myocardial infarction
hsa_circ_0033074,Nasopharyngeal carcinoma
hsa_circ_0001879,Coronary artery disease
hsa_circ_0008932,Intervertebral disc degeneration
hsa_circ_0006847,Glioblastoma
hsa_circ_0002113,Breast cancer
hsa_circ_0002113,Pulmonary tuberculosis
hsa_circ_0001326,Preeclampsia
hsa_circ_0100338,Hepatocellular carcinoma
hsa_circ_0100338,Ischemia reperfusion injury
cTtns,Dilated cardiomyopathy
cTtns,Dilated cardiomyopathy
hsa_circ_0001105,Osteosarcoma
hsa_circ_0044516,Prostate cancer
hsa_circ_0044516,Gastric cancer
circBRIP,Breast cancer
hsa_circ_0008039,Breast cancer
hsa_circ_0008039,Colon cancer
hsa_circ_0029853,Idiopathic pulmonary fibrosis
hsa_circ_0059655,Salivary adenoid cystic carcinoma
hsa_circ_0083176,Periventricular white matter damage
hsa_circ_0022812,Lung cancer
hsa_circ_0081047,Osteoporosis
hsa_circ_0030586,Prostate cancer
hsa_circ_0002495,Bladder cancer
hsa_circ_0007701,Colorectal cancer
hsa_circ_0005015,Diabetes retinopathy
hsa_circ_0008043,Hepatocellular carcinoma
hsa_circ_0060745,Colorectal cancer
hsa_circ_0141940,Non-small cell lung cancer
hsa_circ_0141940,Prostate cancer
hsa_circ_0006950,Prostate cancer
hsa_circ_0007444,Clear cell renal cell carcinoma
hsa_circ_0007444,Gastric cancer
hsa_circ_0007444,Ovarian cancer
hsa_circ_0007444,Colon cancer
hsa_circ_0063772,Oral squamous cell carcinoma
hsa_circ_0001320,Lung cancer
hsa_circ_0000896,Bladder cancer
hsa_circ_0000896,Non-small cell lung cancer
hsa_circ_0000896,Pancreatic cancer
hsa_circ_0133622,Neuroblastoma
hsa_circ_0000554,Esophageal cancer
hsa_circ_0054722,Nonfunctioning pituitary adenomas
hsa_circ_0025129,Hepatocellular carcinoma
hsa_circ_0092341/hsa_circ_0040039,Gastric cancer
circTHBS1,Non-small cell lung cancer
hsa_circ_0007503,Triple negative breast cancer
hsa_circ_0058063,Bladder cancer
hsa_circ_0043256,Non-small cell lung cancer
hsa_circ_0058097,Parathyroid adenoma
hsa_circ_0058097,Endplate cartilage degeneration
hsa_circ_0058097,Gastric cancer
hsa_circ_0002203,Oral squamous cell carcinoma
hsa_circ_0034398,Systemic lupus erythematosus
hsa_circ_0001561,Gastric cancer
hsa_circ_0002062,chronic thromboembolic pulmonary hypertension
NFATC3,Epithelial ovarian cancer
hsa_circ_0001165,Prostate cancer
hsa_circ_0051443,Hepatocellular carcinoma
hsa_circ_0005540,Multiple system atrophy
hsa_circ_0000094,T cell acute lymphoblastic leukemia
hsa_circ_0005962,Lung cancer
hsa_circ_0000488,Acute myeloid leukemia
hsa_circ_0061656,Pressure ulcer
hsa_circ_0061656,Kidney injury
hsa_circ_0000181,Gastric cancer
hsa_circ_0001829,Gastric cancer
hsa_circ_0072088,Esophageal cancer
hsa_circ_0009361,Colorectal cancer
hsa_circ_000595,Breast cancer
hsa_circ_000595,Apoptosis of aortic smooth muscle cells
circKCNN2,Prostate cancer
circRNA6783,Herpes Simplex Virus1 Infection
circRNA6783,Lung cancer
circRNA9771,Esophageal cancer
hsa_circ_0091742,Gastric cancer
hsa_circ_0092306,Lung cancer
hsa_circ_0092306,Gastric cancer
hsa_circ_0036722,Hypopharyngeal carcinoma
hsa_circ_0036722,Laryngeal cancer
hsa_circ_0075686,Glioblastoma
hsa_circ_0043534,Hepatoblastoma
2_72718102_72733118_-,Hypertrophic scar
hsa_circ_0006393,Osteogenesis
hsa_circ_0104204,Acute myeloid leukemia
hsa_circ_0067531,Hepatocellular carcinoma
hsa_circ_0067531,Oral mucosal melanoma
hsa_circ_02559,Glioblastoma
hsa_circ_0131242,Triple negative breast cancer
hsa_circ_0066779,Gastric cancer
hsa_circ_0040414,Heart failure
hsa_circ_0139897,Hepatocellular carcinoma
hsa_circ_0030605,Bronchopulmonary dysplasia
hsa_circ_0090002,Acute ischemic stroke
hsa_circ_0035266,Inflammation
hsa_circ_0000798,Hepatocellular carcinoma
circPRKCI,Glioblastoma
hsa-circRNA9102-5,Essential hypertension
hsa_circ_0014130,Colon cancer
hsa_circ_0014130,Gastric cancer
hsa_circ_0014130,Glioblastoma
hsa_circ_0014130,Non-small cell lung cancer
hsa_circ_0014130,Lung cancer
hsa_circ_0014130,Ovarian cancer
hsa_circ_0016901,Breast cancer
hsa_circ_0001801,Glioblastoma
hsa_circ_0001801,Ovarian cancer
hsa_circ_0001564/hsa_circ_001742,Osteosarcoma
hsa_circ_0072765,Radiation-induced liver fibrosis
hsa_circ_0094342,Non-small cell lung cancer
hsa_circ_0102537,Lung cancer
hsa_circ_0002060,Osteoporosis
hsa_circ_0027089,Hepatocellular carcinoma
hsa_circ_0037128,Diabetic nephropathy
hsa_circ_0009634,Breast cancer
hsa_circ_0103771,Coronary heart disease
hsa_circ_0136666,Colorectal cancer
hsa_circ_0136666,Osteosarcoma
hsa_circ_0004458,Gastric cancer
hsa_circ_0087212,Tongue squamous cell carcinoma
hsa_circ_0043532,Polycystic ovary syndrome
hsa_circ_0000522,Colorectal cancer
hsa_circ_0008016,Papillary thyroid carcinoma
hsa_circ_0008016,Ovarian endometriosis
hsa_circ_0097435,Heart failure
hsa_circ_0000657,Gastric cancer
hsa_circ_0060180,Parkinson's disease
chr19:42562552-42564341,Intestinal injury and repair
hsa_circ_0116692,Retinoblastoma
circ_VPS37C,Temporal Lobe Epilepsy
hsa_circ_02599,Glioblastoma
hsa_circ_0000043,Endometrial carcinoma
hsa_circ_0000043,Ovarian cancer
hsa_circ_0000043,Breast cancer
hsa_circ_0051240,Ovarian cancer
hsa_circ_0082374,Non-small cell lung cancer
hsa_circ_0082374,Glioblastoma
hsa_circ_102347,Primary hepatic carcinoma
circATRNL1,Oral squamous cell carcinoma
hsa_circ_0006229,Colorectal cancer
hsa_circ_0084171,Bladder cancer
hsa_circ_0067745,Hepatoblastoma
hsa_circ_0007843,Colon cancer
hsa_circ_0091570,Hepatocellular carcinoma
hsa_circ_0037751,Glioblastoma
hsa_circ_0010235,Non-small cell lung cancer
hsa_circ_0008887,Immunosenescence
hsa_circ_0009112,Osteosarcoma
hsa_circ_0101802,Colorectal cancer
hsa_circ_0000651,Multiple myeloma
hsa_circ_0007788,Postmenopausal Osteoporosis
hsa_circ_26591,Glioblastoma
hsa_circ_0004062,Lung cancer
hsa_circ_0100929,Hepatocellular carcinoma
chr5:134491893-134500149,Intestinal injury and repair
hsa_circ_0057421,Osteoarthritis
hsa_circ_0002018,Breast cancer
hsa_circ_0141206,Breast cancer
hsa_circ_0100213,Breast cancer
hsa_circ_0024002,Chronic myeloid leukemia
hsa_circ_0044722,Intervertebral disc degeneration
hsa_circ_0030979,Uterine leiomyoma
hsa_circ_05707,Glioblastoma
hsa_circ_05707,Prostate cancer
hsa_circ_0092315,Papillary thyroid carcinoma
hsa_circ_0012346,Nonfunctioning pituitary adenomas
hsa_circ_0041946,Intervertebral disc degeneration
hsa_circ_0000221,Hepatocellular carcinoma
hsa_circ_0058919,Steroid-induced osteonecrosis of the femoral head
hsa_circ_0016418,Skin melanoma
hsa_circ_0003506,Gastric cancer
hsa_circ_0106800,Breast cancer
hsa_circ_0106800,Cervical cancer
hsa_circ_0000371,Proliferative diabetic retinopathy
hsa_circ_0001658,Osteosarcoma
hsa_circ_0003496,Osteosarcoma
hsa_circ_0002162,Tongue squamous cell carcinoma
hsa_circ_0023303,Laryngeal cancer
hsa_circ_0049055,Papillary thyroid carcinoma
hsa_circ_0008131,Papillary thyroid carcinoma
hsa_circ_0023404/circRNA_100876/circ-CER,Non-small cell lung cancer
hsa_circ_0000142,Multiple myeloma
hsa_circ_0010170,Pterygium
hsa_circ_0001727,Bladder cancer
hsa_circ_0001727,Hepatocellular carcinoma
hsa_circ_0007609,Multiple myeloma
hsa_circ_0057762,Systemic lupus erythematosus
circ7780,Colorectal cancer
circSLCO4A1,Prostate cancer
hsa_circ_0000737,Hepatocellular carcinoma
hsa_circ_0058819,Gastric cancer
hsa_circ_0027599,Gastric cancer
hsa_circ_0022080,Colorectal cancer
hsa_circ_0008045,Non-obstructive azoospermia
hsa_circ_0002510,Oral mucosal melanoma
circRNASKIL,PDLSC osteogenis
hsa_circ_0005105,Osteoarthritis
hsa_circ_0001615,Oral squamous cell carcinoma
hsa_circ_0001615,Colon cancer
circRNA7673,Esophageal cancer
hsa_circ_0007518,Non-small cell lung cancer
cZNF292,Glioblastoma
cZNF292,Hypoxia
cZNF292,Ischaemic heart disease
cZNF292,Liver cancer
hsa_circ_0005777,Bladder cancer
hsa_circ_0021549,Systemic lupus erythematosus
hsa_circ_0050547,Gastric cancer
circHLA-C,Lupus nephritis
hsa_circ_0050898,Moyamoya disease
hsa_circ_0032148,Uveal melanoma
hsa_circ_071312,Glioblastoma
hsa_circDNM3OS,Cholangiocarcinoma
hsa_circ_0036287,Gastric cancer
hsa_circ_0068669,Hepatocellular carcinoma
hsa_circ_0068655,Myocardial infarction
hsa_circ_0000177,Glioblastoma
hsa_circ_002178,Glioblastoma
hsa_circ_002178,Lung cancer
hsa_circ_0137084,Cervical cancer
hsa_circ_0015703,Breast cancer
circRNA7676,Esophageal cancer
hsa_circ_0008574,Atherosclerosis
hsa_circ_0006766,Postmenopausal Osteoporosis
hsa_circ_0000039,Gastric cancer
hsa_circ_0003505,Papillary thyroid carcinoma
hsa_circ_0106803,Multiple sclerosis
hsa_circ_0001874/hsa_circ_001547,Oral squamous cell carcinoma
hsa_circ_0004491,Oral squamous cell carcinoma
hsa_circ_0087064,Breast cancer
hsa_circ_0132980,Cervical cancer
circRNA17433,Preeclampsia
hsa_circ_0001566/hsa_circ_001168,Glioblastoma
hsa_circ_0086458,Renal cell carcinoma
hsa_circ_0001178,Hepatocellular carcinoma
hsa_circ_0001178,Colorectal cancer
hsa_circ_0005785,Hepatocellular carcinoma
hsa_circ_0005785,Pancreatic cancer
hsa_circ_0010220,Osteosarcoma
hsa_circ_0000064,Lung cancer
hsa_circ_0000064,Hepatocellular carcinoma
hsa_circ_0044073,Atherosclerosis
hsa_circ_0008360,Rheumatoid arthritis
hsa_circ_0004104,Coronary artery disease
hsa_circ_0004104,Gastric cancer
11_33286412_33287511,Hypertrophic scar
hsa_circ_0101308,Cervical cancer
hsa_circ_0020007,Hepatocellular carcinoma
hsa_circ_0089105,Breast cancer
hsa_circ_0087293,Hepatocellular carcinoma
hsa_circ_0040060,Intervertebral disk degeneration
hsa_circ_0004872,Atherosclerosis
hsa_circ_0004872,Gastric cancer
hsa_circ_0004872,Glioblastoma
hsa_circ_0034537,Gastric cancer
hsa_circ_0001312,Heart failure
hsa_circ_0001312,Hypopharyngeal carcinoma
hsa_circ_0015449,Basal cell carcinoma
hsa_circ_0051239,Infantile hemangioma
hsa_circ_0051239,Papillary thyroid microcarcinoma
hsa_circ_101303,Bladder cancer
hsa_circ_0019456,Hepatocellular carcinoma
hsa_circ_0066922,Diabetes retinopathy
hsa_circ_0005075,Cervical cancer
hsa_circ_0005075,Colorectal cancer
hsa_circ_0005075,Hepatocellular carcinoma
hsa_circ_0005075,Gastric cancer
hsa_circ_0021372,Systemic lupus erythematosus
hsa_circ_0003922,Lupus nephritis
hsa_circ_0002316,Systemic lupus erythematosus
hsa_circ_0006461,Hepatocellular carcinoma
hsa_circ_0006461,Renal cell carcinoma
chr5:158368701-158368987,Bladder cancer
hsa_circ_0046674,Uterine leiomyoma
hsa_circ_0064574,Chronic lymphocytic leukemia
hsa_circ_0064574,Gastric cancer
cTTN1,Heart failure
hsa_circ_0071410,Radiation-induced liver fibrosis
hsa_circ_0006873,Osteoporosis
hsa_circ_0038374,Multiple system atrophy
hsa_circ_0007121,Preeclampsia
hsa_circ_0044353,Repeated implantation failure
hsa_circ_0037251,Glioblastoma
hsa_circ_0015962,Dengue fever
hsa_circ_0001756,Ovarian cancer
hsa_circ_0010090,Hepatocellular carcinoma
hsa_circ_0006260,Bladder cancer
hsa_circ_0062557,Ovarian endometriosis
hsa_circ_0053772,Renal cell carcinoma
hsa_circ_0004339,Gastric cancer
circRNA5430,Lung cancer
hsa_circ_0017536,Breast cancer
hsa_circ_0020093,Ovarian cancer
hsa_circ_0059354,Laryngeal cancer
hsa_circ_0059354,Papillary thyroid carcinoma
hsa_circ_0003176,Lung cancer
hsa_circ_0093390,Clear cell renal cell carcinoma
hsa_circ_0000291,Breast cancer
circ_ARID1A,Autism spectrum disorder
hsa_circ_0000092,Hepatocellular carcinoma
hsa_circ_0139402,Cholangiocarcinoma
hsa_circ_0006716,Periventricular white matter damage
hsa_circ_0001461,Colon cancer
hsa_circ_0001461,Gastric cancer
hsa_circ_0001461,Osteosarcoma
hsa_circ_0001461,Cervical cancer
hsa_circ_0006801,Postmenopausal Osteoporosis
hsa_circ_003785,Premature ovarian insufficiency
hsa_circ_0006903,Breast cancer
hsa_circ_0110102,Hepatocellular carcinoma
hsa_circ_0103896,Pancreatic cancer
hsa_circ_0005114,Glioblastoma
hsa_circ_0002532,Acute pancreatitis
hsa_circ_0000376,Non-small cell lung cancer
hsa_circ_0000376,Gastric cancer
hsa_circ_0000376,Breast cancer
hsa_circ_0002059,Hypopharyngeal carcinoma
hsa_circ_0119872,Uveal melanoma
hsa_circ_0029426,Glioblastoma
hsa_circ_0098964,Coronary artery disease
hsa_circ_0089310,Major depressive disorder
hsa_circ_0007386,Cervical cancer
hsa_circ_0007386,Thoracic aortic dissection
has_circ_0139142,Retinoblastoma
hsa_circ_0085289,Periodontitis
hsa_circ_0001819,Lupus nephritis
hsa_circ_0001819,Non-small cell lung cancer
hsa_circ_0000247,Breast cancer
hsa_circ_0069234,Intervertebral disc degeneration
hsa_circ_0023110,Hepatoblastoma
circRNA9658,Esophageal cancer
hsa_circ_001308,Hypopharyngeal carcinoma
hsa_circ_0051470,Intervertebral disc degeneration
hsa_circ_0025202,Breast cancer
hsa_circ_0018168,Acne
hsa_circ_0092509,Osteosarcoma
hsa_circ_0049730,Nonfunctioning pituitary adenomas
hsa_circ_0049730,Preeclampsia
hsa_circ_0007928,Lung cancer
hsa_circ_0007928,Cervical cancer
circRNA7679,Esophageal cancer
circRNA8840,Preeclampsia
hsa_circ_0015729,Proliferative vitreoretinopathy
hsa_circ_0015729,Uterine leiomyoma
hsa_circ_0000835,Nonfunctioning pituitary adenomas
hsa_circ_0006459,Dengue fever
hsa_circ_0000848,Fetal growth restriction
hsa_circ_0031979,Gastric cancer
hsa_circ_0104670,Hepatocellular carcinoma
hsa_circ_0006733,Oral mucosal melanoma
hsa_circ_0001017/hsa_circ_002020,Gastric cancer
hsa_circ_0000598,Colorectal cancer
hsa_circ_0000690,Lung cancer
hsa_circ_0068458,Osteosarcoma
hsa_circ_0049487,Colorectal cancer
hsa_circ_0049224,Systemic lupus erythematosus
hsa_circ_0000110,Gastric cancer
hsa_circ_0003119,Breast cancer
hsa_circ_0003594,Alzheimer's disease
hsa_circ_0069131,Gastric cancer
hsa_circ_0065404,Laryngeal cancer
hsa_circ_0123629,Hepatocellular carcinoma
circRNA120,Esophageal cancer
hsa_circ_0037911,Essential hypertension
hsa_circ_0008532,Bladder cancer
hsa_circ_0092303,Gastric cancer
hsa_circ_0034472,Pterygium
hsa_circ_0000527,Retinoblastoma
hsa_circ_0039943,Prostate cancer
hsa_circ_0001568,Intervertebral disc degeneration
hsa_circ_0001568,Pancreatic cancer
hsa_circ_0053743,Facet joint osteoarthritis
circ_ARL3,Hepatitis B
hsa_circ_0054652,Intervertebral disc degeneration
hsa_circ_0061012,Psoriasis
hsa_circ_0005875,Clear cell renal cell carcinoma
hsa_circ_0029601,Preeclampsia
hsa_circ_0000993,Gastric cancer
hsa_circ_0000414/hsa_circ_001951,Pulmonary tuberculosis
hsa_circ_0064557,Papillary thyroid carcinoma
hsa_circ_101481,Glioblastoma
hsa_circ_0023858,Idiopathic pulmonary fibrosis
chr22:28943661-28946139,Bladder cancer
hsa_circ_0006323,Coronary artery disease
hsa_circ_0101187,Breast cancer
hsa_circ_0087432,Cervical cancer
hsa_circ_0033155,Non-small cell lung cancer
hsa_circ_0052112,Breast cancer
circRNA2918,Esophageal cancer
hsa_circ_0007031/hsa_circ_0000504,Colorectal cancer
hsa_circ_0007031/hsa_circ_0000504,Osteosarcoma
hsa_circ_0053277,Colorectal cancer
hsa_circ_0008172,Osteoarthritis
hsa_circ_0004058,Age-related cataract
hsa_circ_0004058,Hepatocellular carcinoma
hsa_circ_0005728,Breast cancer
hsa_circ_0029965,Active pulmonary tuberculosis
hsa_circ_0008898,Oral squamous cell carcinoma
hsa_circ_0001953,Tuberculosis
hsa_circ_0034803,Gastric cancer
hsa_circ_0005273,Multiple myeloma
hsa_circ_0005273,Colorectal cancer
hsa_circ_0005273,Bladder cancer
hsa_circ_0005273,Breast cancer
hsa_circ_0005273,Papillary thyroid carcinoma
hsa_circ_0003949,Glioblastoma
hsa_circ_0003949,Hepatocellular carcinoma
hsa_circ_0008922,Type 2 diabetes mellitus
hsa_circ_0000264,Lung cancer
hsa_circ_0001001,Hepatocellular carcinoma
hsa_circ_0092516,Osteoarthritis
hsa_circ_0009109,Gastric cancer
hsa_circ_0057340,Osteoporosis
hsa_circ_0003732,Osteosarcoma
hsa_circ_0003611,Alzheimer's disease
hsa_circ_0009547,Melanoma
hsa_circ_0046366,Hepatic steatosis
hsa_circ_0078602,Hepatocellular carcinoma
hsa_circ_0012077,Demyelinating disease
hsa_circ_0000567,Colorectal cancer
hsa_circ_0000567,Gastric cancer
hsa_circ_0000567,Hepatocellular carcinoma
hsa_circ_0000567,Nasopharyngeal carcinoma
hsa_circ_0000567,Non-small cell lung cancer
hsa_circ_0000567,Ovarian cancer
hsa_circ_0001095,Ovarian cancer
hsa_circ_0003972,Rheumatoid arthritis
circNR4A1,Breast cancer
hsa_circ_001430,Chronic lymphocytic leukemia
hsa_circ_0001821,Colorectal cancer
hsa_circ_0001821,Epithelial ovarian cancer
hsa_circ_0001821,Esophageal cancer
hsa_circ_0001821,Oral squamous cell carcinoma
hsa_circ_0001821,Clear cell renal cell carcinoma
hsa_circ_0001821,Acute myeloid leukemia
hsa_circ_0001821,Breast cancer
hsa_circ_0001821,Gastric cancer
hsa_circ_0001821,Lung cancer
hsa_circ_0001821,Osteosarcoma
hsa_circ_0064428,Hepatocellular carcinoma
hsa_circ_0083357,Coronary artery disease
circRNA9227,Esophageal cancer
hsa_circ_0017248,Ovarian endometriosis
hsa_circ_0001897/hsa_circ_000994,Gastric cancer
hsa_circ_0001897/hsa_circ_000994,Proliferative diabetic retinopathy
hsa_circ_0006667,Proliferative diabetic retinopathy
hsa_circ_0001438,Preeclampsia
hsa_circ_0000079,Non-small cell lung cancer
hsa_circ_0008494,Colorectal cancer
hsa_circ_0015115,T2DM with depression
hsa_circ_0081963,Bladder cancer
hsa_circ_0076631,Diabetic cardiomyopathy
hsa_circ_0000977/hsa_circ_001918,Colorectal cancer
hsa_circ_0000977/hsa_circ_001918,Lung cancer
hsa_circ_0000977/hsa_circ_001918,Pancreatic cancer
hsa_circ_0074362,Gastric cancer
hsa_circ_0074362,Glioblastoma
hsa_circ_0050581,Non-small cell lung cancer
hsa_circ_0060108,Gastric cancer
hsa_circ_0012384,Non-small cell lung cancer
hsa_circ_0049613,Hepatocellular carcinoma
hsa_circ_0000034,Retinoblastoma
hsa_circ_0009024,Proliferative vitreoretinopathy
hsa_circ_0009024,Tuberculosis
hsa_circ_0004826,Bladder cancer
hsa_circ_0026353,Uterine leiomyoma
hsa_circ_0003266,Acute kidney injury
chr19:16705875-16710941,Intestinal injury and repair
hsa_circ_0001247,Cervical cancer
hsa_circ_0058230,Gastric cancer
hsa_circ_0001250,Pancreatic cancer
hsa_circ_0030045,Tuberculosis
hsa_circ_000466,Ulcerative colitis
hsa_circ_000466,Hepatocellular carcinoma
hsa_circ_0004619,Breast cancer
hsa_circ_0094742,Osteoarthritis
hsa_circ_0012721,Coronary heart disease
hsa_circ_0010882,Gastric cancer
hsa_circ_0084003,Non-small cell lung cancer
hsa_circ_0092256,Proliferative vitreoretinopathy
circ_UBXN7,Liver cancer
hsa_circ_0082182,Colorectal cancer
hsa_circ_0085020,Pterygium
hsa_circ_081069,Tongue squamous cell carcinoma
hsa_circ_0084927,Cervical cancer
hsa_circ_0084927,Acne
hsa_circ_0084927,Cervical cancer
hsa_circ_0084927,Small cell lung cancer
hsa_circ_0029633,Idiopathic pulmonary fibrosis
hsa_circ_0014879,radioresistant esophageal cancer cells
hsa_circ_0047718,Gastric cancer
hsa_circ_0109320,Non-small cell lung cancer
hsa_circ_0099999,Pancreatic cancer
circDPF3,Prostate cancer
hsa_circ_0087206,Diabetes retinopathy
hsa_circ_101141,Hepatocellular carcinoma
hsa_circ_0126678,Lung cancer
hsa_circ_0018293,Breast cancer
circRNASMO,PDLSC osteogenis
circRNA7534,Esophageal cancer
chr7:154954255-154998784,Pancreatic cancer
hsa_circ_0048211,Postmenopausal osteoporosis
hsa_circ_0033349,Nonfunctioning pituitary adenomas
hsa_circ_0014010,Heart failure
hsa_circ_0008344,Glioblastoma
hsa_circ_0040823,Bladder cancer
hsa_circ_0061351,Proliferative vitreoretinopathy
hsa_circ_0043579,Uterine leiomyoma
hsa_circ_0004692,Steroid-induced osteonecrosis of the femoral head
hsa_circ_0003855,Gastric cancer
hsa_circ_0062582,Osteoporosis
hsa_circ_0000075,Hashimoto's thyroiditis
hsa_circ_0037655,Glioblastoma
hsa_circ_0072309,Breast cancer
hsa_circ_0072309,Gastric cancer
hsa_circ_0072309,Intracranial aneurysm
hsa_circ_0072309,Liver cancer
hsa_circ_0072309,Non-small cell lung cancer
hsa_circ_0072309,Renal cell carcinoma
hsa_circ_0008362,Glioblastoma
hsa_circ_0004680,Colorectal cancer
hsa_circ_0004680,Gastric cancer
hsa_circ_0132246,Bladder cancer
hsa_circ_0000515,Breast cancer
hsa_circ_0000515,Cervical cancer
hsa_circ_0026372,Diabetes retinopathy
hsa_circ_0005442,Preeclampsia
hsa_circ_0000592,Gastric cancer
hsa_circ_0000722,Cervical cancer
hsa_circ_0025933,Esophageal cancer
hsa_circ_0088483,Thyroid cancer
hsa_circ_0017949,Breast cancer
hsa_circ_0092220,Proliferative vitreoretinopathy
hsa_circ_0049658,Glioblastoma
chr1:58971728–59004978,Acute ischemic stroke
hsa_circ_0025908,Oral mucosal melanoma
hsa_circ_0002755,Glioblastoma
hsa_circ_0002755,Ovarian cancer
hsa_circ_0132876,Diabetic cataract
hsa_circ_0006460,Glioblastoma
hsa_circ_0071820,Bladder cancer
hsa_circ_0058246,Gastric cancer
hsa_circ_0068033,Breast cancer
hsa_circ_0002271,Thoracic aortic dissection
hsa_circ_0009543,Melanoma
hsa_circ_0008410,Rheumatoid arthritis
hsa_circ_0032253,Alzheimer's disease
hsa_circ_0008844,Cervical cancer
hsa_circ_0007535,Idiopathic pulmonary fibrosis
hsa_circ_0043144,Proliferative vitreoretinopathy
hsa_circ_0103552,Breast cancer
hsa_circ_0103552,Thyroid carcinoma
hsa_circ_0000392,Colorectal cancer
hsa_circ_0008274,Hepatocellular carcinoma
hsa_circ_0008274,Cholangiocarcinoma
hsa_circ_0008274,Lung cancer
hsa_circ_0008274,Papillary thyroid carcinoma
hsa_circ_0056285,Osteosarcoma
hsa_circ_0056285,Intracranial aneurysm
hsa_circ_0002024,Bladder cancer
hsa_circ_103783,Leukoaraiosis
hsa_circ_0032434,Cervical cancer
hsa_circ_0001955,Colorectal cancer
hsa_circ_0001955,Cutaneous squamous cell carcinoma
hsa_circ_0001955,Hepatocellular carcinoma
hsa_circ_0004585,Colorectal cancer
hsa_circ_0058766,Gastric cancer
hsa_circ_0004520,Acute myeloid leukemia
hsa_circ_0000426,Clear cell renal cell carcinoma
hsa_circ_0003586,Glioblastoma
hsa_circ_0067934,Cervical cancer
hsa_circ_0067934,Esophageal cancer
hsa_circ_0067934,Gastric cancer
hsa_circ_0067934,Hepatocellular carcinoma
hsa_circ_0067934,Neuronal cell injury
hsa_circ_0067934,Non-small cell lung cancer
hsa_circ_0067934,Thyroid carcinoma
hsa_circ_0067934,Bladder cancer
hsa_circ_0067934,Breast cancer
hsa_circ_0067934,Cervical cancer
hsa_circ_0067934,Glioblastoma
hsa_circ_0067934,Laryngeal cancer
hsa_circ_0067934,Non-small cell lung cancer
hsa_circ_0067934,Thyroid cancer
hsa_circ_0000740,Clear cell renal cell carcinoma
hsa_circ_0072083,Non-small cell lung cancer
hsa_circ_0088422,Osteoporosis
hsa_circ_0038646,Colorectal cancer
hsa_circ_0004674,Oral squamous cell carcinoma
hsa_circ_0004674,Osteosarcoma
hsa_circ_0014961,Breast cancer
hsa_circ_0067512,Lung cancer
hsa_circ_0001336,Esophageal cancer
hsa_circ_007293,Papillary thyroid carcinoma
hsa_circ_0003204,Atherosclerosis
hsa_circ_0003204,Cervical cancer
hsa_circ_0002402,Osteosarcoma
hsa_circ_0100783,Immunosenescence
hsa_circ_0000396,Rheumatoid arthritis
hsa_circ_0082846,Glioblastoma
hsa_circ_0006633,Gastric cancer
hsa_circ_0020376,Uterine leiomyoma
chr12:69044180–69048032,Acute ischemic stroke
hsa_circ_0044519,Laryngeal cancer
hsa_circ_0083920,Uterine leiomyoma
hsa_circ_10435,Glioblastoma
hsa_circ_0000745/hsa_circ_000013,Cervical cancer
hsa_circ_0000745/hsa_circ_000013,Gastric cancer
circRNA-SMG1.72,Hepatocellular carcinoma
hsa_circ_0008529,Diabetic nephropathy
hsa_circ_0008529,Systemic lupus erythematosus
hsa_circ_0041732,Gastric cancer
hsa_circ_0031978,Pterygium
hsa_circ_0000502,Hepatocellular carcinoma
hsa_circ_0000502,Osteosarcoma
hsa_circ_0092314,Pancreatic cancer
circRNA.22054,Gestational diabetes mellitus
hsa_circ_0085567,Breast cancer
hsa_circ_0044520,Laryngeal cancer
hsa_circ_0126897,Colorectal cancer
hsa_circ_0084922,Hepatocellular carcinoma
hsa_circ_0002007,Breast cancer
hsa_circ_0085013,Pterygium
hsa_circ_0055377,Thoracic aortic dissection
hsa_circ_0043632,Non-small cell lung cancer
hsa_circ_0070616,Repeated implantation failure
hsa_circ_0039388,Essential hypertension
hsa_circ_0002133,Hepatocellular carcinoma
circRNASMURF2,PDLSC osteogenis
circβ-catenin,Liver cancer
hsa_circ_0057041,Oral mucosal melanoma
hsa_circ_0004519,Esophageal cancer
hsa_circ_0014614,Proliferative diabetic retinopathy
hsa_circ_0001177,Acute kidney injury
hsa_circ_0009581,Multiple myeloma
hsa_circ_0007331,Colon cancer
hsa_circ_0003707,Gastric cancer
circ_UNC79,Glioblastoma
hsa_circ_0005757,Proliferative vitreoretinopathy
chr1:95609447–95616975,Acute ischemic stroke
hsa_circ_0030235,Pancreatic cancer
hsa_circ_0049116,Epithelial ovarian cancer
hsa_circ_0008287,Hypopharyngeal carcinoma
circRNA5669,Esophageal cancer
hsa_circ_0134944,Osteoporosis
hsa_circ_0004913,Hepatocellular carcinoma
hsa_circ_0001189/hsa_circ_001502,Hypopharyngeal carcinoma
circ_PRKCI,Hepatocellular carcinoma
hsa_circ_0067127,Primary hepatic carcinoma
hsa_circ_0051398,Renal cell carcinoma
circ_SMAD7,Esophageal cancer
hsa_circ_0008719,Pancreatic cancer
hsa_circ_0027345,Hepatocellular carcinoma
hsa_circ_0000105,Liver cancer
hsa_circ_0031288/circPABPN1,Cervical cancer
hsa_circ_0000448,Temporomandibular joint osteoarthritis
hsa_circ_0079530,Non-small cell lung cancer
hsa_circ_0031242,Hepatocellular carcinoma
hsa_circ_0000994,Bladder cancer
hsa_circ_0000994,Nonfunctioning pituitary adenomas
hsa_circ_101238,Keloid
hsa_circ_0005505,Breast cancer
hsa_circ_0005505,Hepatocellular carcinoma
hsa_circ_0134111,Osteoarthritis
hsa_circ_0035483,Prostate cancer
hsa_circ_0035483,Clear cell renal cell carcinoma
hsa_circ_0008602,Prostate cancer
hsa_circ_0008394,Gastric cancer
hsa_circ_0001400,Multiple sclerosis
hsa_circ_0057518,Osteosarcoma
hsa_circ_0061265,Bladder cancer
hsa_circ_0061265,Gastric cancer
hsa_circ_0068610,Bladder cancer
hsa_circ_0068610,Gastric cancer
hsa_circ_0076808,Uterine leiomyoma
hsa_circ_0007766,Gastric cancer
hsa_circ_0007766,Lung cancer
hsa_circ_0048607,Gastric cancer
hsa_circ_0005703,Hypopharyngeal carcinoma
hsa_circ_0041731,Hepatoblastoma
hsa_circ_0004623,Triple negative breast cancer
hsa_circ_07204,Glioblastoma
hsa_circ_0064996,Basal cell carcinoma
hsa_circ_0064996,Rheumatoid arthritis
hsa_circ_0000467,Colorectal cancer
hsa_circ_0000467,Gastric cancer
hsa_circ_0079385,Infantile hemangioma
hsa_circ_0013084,Hypopharyngeal carcinoma
hsa_circ_0001776,Endometrial cancer
circ_ITCH,Bladder cancer
circ_ITCH,Cervical cancer
circ_ITCH,Colorectal cancer
circ_ITCH,Doxorubicin-Induced cardiotoxicity
circ_ITCH,Esophageal cancer
circ_ITCH,Gastric cancer
circ_ITCH,Lung cancer
circ_ITCH,Melanoma
circ_ITCH,Ovarian cancer
circ_ITCH,Papillary thyroid carcinoma
circ_ITCH,Prostate cancer
circ_ITCH,Triple negative breast cancer
hsa_circ_0003880,Breast cancer
hsa_circ_0084663,Hepatocellular carcinoma
hsa_circ_103096,Primary hepatic carcinoma
hsa_circ_0006772,Preeclampsia
hsa_circ_0000147,Prostate cancer
hsa_circ_000425,Colorectal cancer
circRNA.20159,Gestational diabetes mellitus
hsa_circ_0054657,Intervertebral disc degeneration
hsa_circ_0041795,Diabetic retinopathy
circ_24831,Osteosarcoma
hsa_circ_0081146,Gastric cancer
circZFP57,Prostate cancer
hsa_circ_0000615,Colorectal cancer
hsa_circ_0000615,Coronary artery disease
hsa_circ_0000615,Diabetes retinopathy
hsa_circ_0000615,Duchenne muscular dystrophy
hsa_circ_0000615,Gastric cancer
hsa_circ_0000615,Glioblastoma
hsa_circ_0000615,Heart failure
hsa_circ_0000615,Hepatocellular carcinoma
hsa_circ_0000615,Hirschsprung disease
hsa_circ_0000615,Hypertension
hsa_circ_0000615,Lung cancer
hsa_circ_0000615,Lupus nephritis
hsa_circ_0000615,Myocardial infarction
hsa_circ_0000615,Nasopharyngeal cancer
hsa_circ_0000615,Non-small cell lung cancer
hsa_circ_0000615,Prostate cancer
hsa_circ_0000615,Renal cell carcinoma
hsa_circ_0000615,Rhabdomyosarcoma
hsa_circ_0000615,vascular endothelial dysfunction
hsa_circ_0001417/hsa_circ_001160,Glioblastoma
hsa_circ_0001417/hsa_circ_001160,Tuberculosis
hsa_circ_0062960,Heart failure
hsa_circ_0006990,Breast cancer
hsa_circ_0006990,Colorectal cancer
hsa_circ_0006990,Gastric cancer
hsa_circ_0006990,Non-small cell lung cancer
hsa_circ_0007255,Bladder cancer
hsa_circ_0007255,Triple negative breast cancer
hsa_circ_0088030,Hepatocellular carcinoma
hsa_circ_0008507,Coronary heart disease
hsa_circ_0000826,Colorectal cancer
hsa_circ_0017736,Osteoporosis
hsa_circ_0023114,Hepatoblastoma
hsa_circ_0023114,Melanoma
hsa_circ_0102272,Breast cancer
hsa_circ_0102272,Thyroid cancer
hsa_circ_0008202,Oral squamous cell carcinoma
hsa_circ_0052012,Rheumatoid arthritis
hsa_circ_0072568,Colorectal cancer
hsa_circ_0072568,Osteoarthritis
hsa_circ_000881,Lung cancer
hsa_circ_0000172,Bladder cancer
hsa_circ_0030018,Glioblastoma
hsa_circ_0030018,Myocardial injury
hsa_circ_0030018,Esophageal cancer
hsa_circ_002082,Hepatic steatosis
hsa_circ_0063809,Gastric cancer
hsa_circ_0063809,Ovarian cancer
hsa_circ_0001947/hsa_circ_000510,Acute myeloid leukemia
hsa_circ_0001947/hsa_circ_000510,Gastric cancer
hsa_circ_0001947/hsa_circ_000510,Rheumatoid arthritis
hsa_circ_0001394,Hepatocellular carcinoma
hsa_circ_0102958,Ovarian cancer
hsa_circ_0005931,Hepatoblastoma
hsa_circ_0081519,Glioblastoma
circMIR663A,Prostate cancer
hsa_circ_0066875,Colorectal cancer
hsa_circ_0005620,Major depressive disorder
hsa_circ_100085,Glioblastoma
hsa_circ_0046367,Hepatic steatosis
hsa_circ_0069399,Cervical cancer
hsa_circ_0000002,Breast cancer
hsa_circ_0021553,Papillary thyroid carcinoma
hsa_circ_0021553,Breast cancer
hsa_circ_0001192,Renal cell carcinoma
hsa_circ_0071896,Facet joint osteoarthritis
hsa_circ_0018508,Type2 diabetes mellitus
hsa_circ_0013520,Glioblastoma
hsa_circ_103852,Glioblastoma
hsa_circ_0005571,Intracranial aneurysm
hsa_circ_0008297,Tuberculosis
hsa_circ_0015260,Osteoarthritis
hsa_circ_0000563,Age-related cataract
hsa_circ_0088227,Preeclampsia
hsa_circ_0000638,Inflammation
chr4:147227078-147230127,Ovarian cancer
hsa_circ_0006332,Acute myeloid leukemia
hsa_circ_0066444,Gastric cancer
hsa_circ_0001742,Glioblastoma
hsa_circ_0001742,Tongue squamous cell carcinoma
hsa_circ_0000512,Colorectal cancer
hsa_circ_0000512,Prostate cancer
circ_32279,Osteosarcoma
hsa_circ_0017728,Osteosarcoma
hsa_circ_0086720,Non-small cell lung cancer
hsa_circ_0001666/hsa_circ_000742,Papillary thyroid carcinoma
hsa_circ_0001666/hsa_circ_000742,Pancreatic cancer
hsa_circ_0092246,Proliferative vitreoretinopathy
hsa_circ_0032462,Osteosarcoma
hsa_circ_0078297,Pancreatic cancer
hsa_circ_0020732,Lung cancer
hsa_circ_0079549,Hepatoblastoma
hsa_circ_0010283,Atherosclerosis
hsa_circ_0041796,Diabetes retinopathy
hsa_circ_0070269,Hepatocellular carcinoma
hsa_circ_0062426,Atrial fibrillation
hsa_circ_0102231,Non-small cell lung cancer
hsa_circ_0035381,Acute myeloid leukemia
hsa_circ_0137606,Bladder cancer
hsa_circ_0102888,Acute myeloid leukemia
hsa_circ_0000370,Acute myeloid leukemia
hsa_circ_0000370,Colorectal cancer
hsa_circ_0100989,Acute myeloid leukemia
hsa_circ_0077837,Hepatocellular carcinoma
hsa_circ_0077837,Bladder cancer
hsa_circ_0077837,Lung cancer
hsa_circ_0077837,Ovarian endometriosis
hsa_circ_0000231,Age-related cataract
hsa_circ_0000231,Atherosclerosis
hsa_circ_0000231,Colorectal cancer
hsa_circ_0000231,Tongue squamous cell carcinoma
hsa_circ_0131235,Alzheimer's disease
hsa_circ_0061276,Gastric cancer
hsa_circ_0102049,Osteosarcoma
hsa_circ_000843,Lupus nephritis
hsa_circ_000843,Endometriosis
hsa_circ_000843,Intracranial aneurysm
hsa_circ_000843,Ischemic stroke
hsa_circ_0005556,Gastric cancer
hsa_circ_0002617,Hypopharyngeal carcinoma
hsa_circ_0000320,Triple negative breast cancer
hsa_circ_0000495,Head and neck squamous cell carcinoma
hsa_circ_0001543,Bladder cancer
hsa_circ_0000670,Gastric cancer
CDR1as/ciRS-7/hsa_circ_0001946,Osteosarcoma
CDR1as/ciRS-7/hsa_circ_0001946,Prostate cancer
CDR1as/ciRS-7/hsa_circ_0001946,Pulmonary hypertension
CDR1as/ciRS-7/hsa_circ_0001946,Bladder cancer
CDR1as/ciRS-7/hsa_circ_0001946,Breast cancer
CDR1as/ciRS-7/hsa_circ_0001946,Cholangiocarcinoma
CDR1as/ciRS-7/hsa_circ_0001946,Esophageal cancer
CDR1as/ciRS-7/hsa_circ_0001946,Heart failure
CDR1as/ciRS-7/hsa_circ_0001946,Laryngeal cancer
CDR1as/ciRS-7/hsa_circ_0001946,Nasopharyngeal carcinoma
CDR1as/ciRS-7/hsa_circ_0001946,Ovarian cancer
CDR1as/ciRS-7/hsa_circ_0001946,Periodontitis
CDR1as/ciRS-7/hsa_circ_0001946,Triple negative breast cancer
CDR1as/ciRS-7/hsa_circ_0001946,Alzheimers disease
CDR1as/ciRS-7/hsa_circ_0001946,Celebral development
CDR1as/ciRS-7/hsa_circ_0001946,Colorectal cancer
CDR1as/ciRS-7/hsa_circ_0001946,Gastric cancer
CDR1as/ciRS-7/hsa_circ_0001946,Glioblastoma
CDR1as/ciRS-7/hsa_circ_0001946,Hepatocellular carcinoma
CDR1as/ciRS-7/hsa_circ_0001946,Pancreatic cancer
CDR1as/ciRS-7/hsa_circ_0001946,Atherosclerosis
CDR1as/ciRS-7/hsa_circ_0001946,Cervical cancer
CDR1as/ciRS-7/hsa_circ_0001946,Coronary heart disease
CDR1as/ciRS-7/hsa_circ_0001946,Lung cancer
CDR1as/ciRS-7/hsa_circ_0001946,Non-small cell lung cancer
hsa_circ_0005779,Glioblastoma
circRNA378,Esophageal cancer
hsa_circ_0000658,Osteosarcoma
hsa_circ_0003420,Sepsis-induced liver damage
hsa_circ_0023642,Gastric cancer
hsa_circ_0023642,Bladder cancer
hsa_circ_0106714,Colorectal cancer
chr10:32588594-32589641,Osteosarcoma
hsa_circ_0005082,Non-small cell lung cancer
hsa_circ_0007013,Laryngeal cancer
hsa_circ_103744,Glioblastoma
hsa_circ_0040805,Colon cancer
hsa_circ_0001971,Oral squamous cell carcinoma
hsa_circ_0000629,Bladder cancer
hsa_circ_0013745,Chronic myeloid leukemia
hsa_circ_0068888,Acute kidney injury
hsa_circ_0001445,Non-small cell lung cancer
hsa_circ_0001445,Cervical cancer
hsa_circ_0001445,Osteoporosis
hsa_circ_0001445,Glioblastoma
hsa_circ_0001445,Hepatocellular carcinoma
hsa_circ_0001445,Intrahepatic cholangiocarcinoma
hsa_circ_0001445,Laryngeal cancer
hsa_circ_0001445,Prostate cancer
circ_EFCAB2,Temporal Lobe Epilepsy
hsa_circ_0011058,Papillary thyroid carcinoma
hsa_circ_0001627,Papillary thyroid carcinoma
hsa_circ_0001627,Demyelinating disease
hsa_circ_0002130,Non-small cell lung cancer
hsa_circ_0002130,Pancreatic cancer
hsa_circ_0081162,Diabetes retinopathy
circ_IFFO2,Cutaneous squamous cell carcinoma
hsa_circ_0103021,Breast cancer
hsa_circ_0064923,Breast cancer
hsa_circ_0005280,Age-related cataract
hsa_circ_0092221,Intervertebral disc degeneration
hsa_circ_0081342,Gastric cancer
hsa_circ_0081342,Papillary thyroid carcinoma
hsa_circ_0081143,Gastric cancer
hsa_circ_006740,Oral squamous cell carcinoma
hsa_circ_0082002,Hepatocellular carcinoma
hsa_circ_102470,Leukoaraiosis
hsa_circ_0000117,Gastric cancer
hsa_circ_0017250,Glioblastoma
hsa_circ_400068,Renal cell carcinoma
hsa_circ_0055724,Preeclampsia
hsa_circ_0116061,Osteoarthritis
hsa_circ_0007762,Hepatocellular carcinoma
hsa_circ_0004587,Inflammation
hsa_circ_0000328,Renal cell carcinoma
hsa_circ_0004840,Osteosarcoma
hsa_circ_0002168,Breast cancer
hsa_circ_0024169,Angiosarcoma
hsa_circ_0024169,Colorectal cancer
hsa_circ_0022342,chronic thromboembolic pulmonary hypertension
hsa_circ_0089762,Chronic lymphocytic leukemia
hsa_circ_101882,Gastric cancer
hsa_circ_000684,Gastric cancer
hsa_circ_000684,Glioblastoma
hsa_circ_000684,Pancreatic cancer
hsa_circ_000684,Gastric cancer
hsa_circ_0004846,Obesity
hsa_circ_0004846,Osteosarcoma
hsa_circ_0004846,Papillary thyroid carcinoma
hsa_circ_0123996,Kawasaki disease
hsa_circ_001066,Gastric cancer
circ_UBR5,Non-small cell lung cancer
17_50190326_50194041_-,Hypertrophic scar
hsa_circ_0030055,Diabetes retinopathy
hsa_circ_0038632,Triple negative breast cancer
hsa_circ_0000367,Rheumatoid arthritis
hsa_circ_0031258,Alzheimer's disease
hsa_circ_0001653,Gastric cancer
hsa_circ_0008521,Proliferative diabetic retinopathy
hsa_circ_0043634,Non-small cell lung cancer
hsa_circ_0007290,Acute ischemic stroke
hsa_circ_0074033,Colorectal cancer
hsa_circ_0100759,Acute myeloid leukemia
hsa_circ_0003768,Prostate cancer
hsa_circ_0014717,Hepatocellular carcinoma
hsa_circ_0014717,Colorectal cancer
hsa_circ_0041150,Pancreatic cancer
hsa_circ_0043548,Glioblastoma
hsa_circ_0003279,Hypopharyngeal carcinoma
hsa_circ_0129276,Neuroblastoma
hsa_circ_0007299,Endometriosis
hsa_circ_0001806,Ovarian cancer
hsa_circ_0001806,Colorectal cancer
hsa_circ_0001806,Hepatocellular carcinoma
hsa_circ_0001806,Non-small cell lung cancer
chr9:80869752–80879232,Acute ischemic stroke
hsa_circ_0001795,Postmenopausal osteoporosis
hsa_circ_0000596,Oral mucosal melanoma
hsa_circ_0001255,Non-small cell lung cancer
hsa_circ_0003570,Ovarian endometriosis
hsa_circ_0003570,Infantile hemangioma
